<?xml version="1.0" encoding="UTF-8"?>
<includes>
	<variable name="HomeMenuItemBackground" type="text">
		<value condition="!Skin.HasSetting(HideHomeScreenFanArt) + Window.IsVisible(Home) + StringCompare(Container(9000).ListItem.Property(HiLiteItem),Weather) + !IsEmpty(Skin.String(WeatherFanartDir)) + Weather.IsFetched">$INFO[Skin.String(WeatherFanartDir)]$INFO[Window(Weather).Property(Current.FanartCode)]</value>
		<value condition="!Skin.HasSetting(HideHomeScreenFanArt) + Window.IsVisible(Home) + StringCompare(Container(9000).ListItem.Property(HiLiteItem),Weather) + Weather.IsFetched">special://skin/extras/Weather/$INFO[Window(Weather).Property(Current.FanartCode)]</value>
		<value condition="!Skin.HasSetting(HideHomeScreenFanArt) + Window.IsVisible(Home) + StringCompare(Container(9000).ListItem.Property(HiLiteItem),Playlists) + Container(9000).Hasfocus(1) + !Skin.HasSetting(DisableScriptPlayList)">$INFO[Window(home).Property(HomePlayListOne.1.Art(fanart))]</value>
		<value condition="!Skin.HasSetting(HideHomeScreenFanArt) + Window.IsVisible(Home) + StringCompare(Container(9000).ListItem.Property(HiLiteItem),Playlists) + Container(9000).Hasfocus(2) + !Skin.HasSetting(DisableScriptPlayList)">$INFO[Window(home).Property(HomePlayListTwo.1.Art(fanart))]</value>
		<value condition="!Skin.HasSetting(HideHomeScreenFanArt) + Window.IsVisible(Home) + StringCompare(Container(9000).ListItem.Property(HiLiteItem),Playlists) + Container(9000).Hasfocus(3) + !Skin.HasSetting(DisableScriptPlayList)">$INFO[Window(home).Property(HomePlayListThree.1.Art(fanart))]</value>
		<value condition="!Skin.HasSetting(HideHomeScreenFanArt) + Window.IsVisible(Home) + StringCompare(Container(9000).ListItem.Property(HiLiteItem),Playlists) + Container(9000).Hasfocus(4) + !Skin.HasSetting(DisableScriptPlayList)">$INFO[Window(home).Property(HomePlayListFour.1.Art(fanart))]</value>
		<value condition="!Skin.HasSetting(HideHomeScreenFanArt) + Window.IsVisible(Home) + StringCompare(Container(9000).ListItem.Property(HiLiteItem),Playlists) + Container(9000).Hasfocus(5) + !Skin.HasSetting(DisableScriptPlayList)">$INFO[Window(home).Property(HomePlayListFive.1.Art(fanart))]</value>
		<value condition="!Skin.HasSetting(HideHomeScreenFanArt) + Window.IsVisible(Home) + StringCompare(Container(9000).ListItem.Property(HiLiteItem),Playlists) + Container(9000).Hasfocus(6) + !Skin.HasSetting(DisableScriptPlayList)">$INFO[Window(home).Property(HomePlayListSix.1.Art(fanart))]</value>
		<value condition="!Skin.HasSetting(HideHomeScreenFanArt) + Window.IsVisible(Home) + StringCompare(Container(9000).ListItem.Property(HiLiteItem),Playlists) + Container(9000).Hasfocus(7) + !Skin.HasSetting(DisableScriptPlayList)">$INFO[Window(home).Property(HomePlayListSeven.1.Art(fanart))]</value>
		<value condition="!Skin.HasSetting(HideHomeScreenFanArt) + Window.IsVisible(Home) + StringCompare(Container(9000).ListItem.Property(HiLiteItem),Playlists) + Container(9000).Hasfocus(8) + !Skin.HasSetting(DisableScriptPlayList)">$INFO[Window(home).Property(HomePlayListEight.1.Art(fanart))]</value>
		<value condition="!Skin.HasSetting(HideHomeScreenFanArt) + Window.IsVisible(Home) + StringCompare(Container(9000).ListItem.Property(HiLiteItem),Playlists) + Container(9000).Hasfocus(9) + !Skin.HasSetting(DisableScriptPlayList)">$INFO[Window(home).Property(HomePlayListNine.1.Art(fanart))]</value>
		<value condition="!Skin.HasSetting(HideHomeScreenFanArt) + Window.IsVisible(Home) + StringCompare(Container(9000).ListItem.Property(HiLiteItem),Playlists) + Container(9000).Hasfocus(10) + !Skin.HasSetting(DisableScriptPlayList)">$INFO[Window(home).Property(HomePlayListTen.1.Art(fanart))]</value>
		<value condition="!Skin.HasSetting(HideHomeScreenFanArt) + Window.IsVisible(Home) + StringCompare(Container(9000).ListItem.Property(HiLiteItem),Videos) + !IsEmpty(Window(home).Property(RandomMovie.1.Art(fanart)))">$INFO[Window(home).Property(RandomMovie.1.Art(fanart))]</value>
		<value condition="!Skin.HasSetting(HideHomeScreenFanArt) + Window.IsVisible(Home) + StringCompare(Container(9000).ListItem.Property(HiLiteItem),Movies) + !IsEmpty(Window(home).Property(RandomMovie.1.Art(fanart)))">$INFO[Window(home).Property(RandomMovie.1.Art(fanart))]</value>
		<value condition="!Skin.HasSetting(HideHomeScreenFanArt) + Window.IsVisible(Home) + StringCompare(Container(9000).ListItem.Property(HiLiteItem),TVShows) + !IsEmpty(Window(home).Property(RandomEpisode.1.Art(tvshow.fanart)))">$INFO[Window(home).Property(RandomEpisode.1.Art(tvshow.fanart))]</value>
		<value condition="!Skin.HasSetting(HideHomeScreenFanArt) + Window.IsVisible(Home) + StringCompare(Container(9000).ListItem.Property(HiLiteItem),Music) + !IsEmpty(Window(home).Property(RandomAlbum.1.fanart))">$INFO[Window(home).Property(RandomAlbum.1.fanart)]</value>
		<value condition="!Skin.HasSetting(HideHomeScreenFanArt) + Window.IsVisible(Home) + StringCompare(Container(9000).ListItem.Property(HiLiteItem),SubSetFive) + !IsEmpty(Window(home).Property(RandomMusicVideo.1.fanart))">$INFO[Window(home).Property(RandomMusicVideo.1.fanart)]</value>
		<value condition="!Skin.HasSetting(HideHomeScreenFanArt) + Window.IsVisible(Home) + StringCompare(Container(9000).ListItem.Property(HiLiteItem),Streaming) + !IsEmpty(Window(home).Property(RandomAlbum.1.fanart))">$INFO[Window(home).Property(RandomAlbum.1.fanart)]</value>
		<value condition="Skin.HasSetting(UseCustomBackground) + !IsEmpty(Skin.String(CustomBackgroundPath))">$INFO[Skin.String(CustomBackgroundPath)]</value>
		<value>$INFO[Skin.CurrentTheme,special://skin/backgrounds/,.jpg]</value>
	</variable>
	<include name="CommonBackground">
		<control type="multiimage">
			<include>Dimensions_Fullscreen</include>
			<aspectratio>scale</aspectratio>
			<imagepath background="true">$VAR[HomeMenuItemBackground]</imagepath>
			<timeperimage>8000</timeperimage>
			<randomize>true</randomize>
			<fadetime>1000</fadetime>
		</control>
		<control type="image">
			<include>Dimensions_Fullscreen</include>
			<aspectratio>scale</aspectratio>
			<texture background="true">$INFO[ListItem.Art(fanart)]</texture>
			<include>backgroundfade</include>
			<fadetime>FanartCrossfadeTime</fadetime>
			<include>Window_OpenClose_Animation</include>
			<visible>!Skin.HasSetting(HideBackGroundFanart) + !IsEmpty(ListItem.Property(Fanart_Image))</visible>
			<visible>![Player.HasVideo + !Skin.HasSetting(ShowBackgroundVideo)]</visible>
		</control>
		<control type="image">
			<include>Dimensions_Fullscreen</include>
			<texture>special://skin/backgrounds/media-overlay.jpg</texture>
			<include>VisibleFadeEffect</include>
			<visible>[Player.HasVideo + !Skin.HasSetting(ShowBackgroundVideo)] + ![Window.IsVisible(PVR) + [Control.IsVisible(11) | Control.IsVisible(12)]]</visible>
		</control>
		<control type="visualisation">
			<include>Dimensions_Fullscreen</include>
			<visible>Player.HasAudio + !Skin.HasSetting(ShowBackgroundVis) + ![Window.IsVisible(PVR) + [Control.IsVisible(11) | Control.IsVisible(12)]]</visible>
			<!--visible>!SubString(Window(videolibrary).Property(TvTunesIsAlive),True)</visible-->
		</control>
		<control type="videowindow">
			<include>Dimensions_Fullscreen</include>
			<visible>Player.HasVideo + !Skin.HasSetting(ShowBackgroundVideo) + ![Window.IsVisible(PVR) + [Control.IsVisible(11) | Control.IsVisible(12)]]</visible>
		</control>
		<control type="image">
			<left>0</left>
			<top>-40</top>
			<width>1280</width>
			<height>120</height>
			<texture flipy="true" border="1">HomeNowPlayingBack.png</texture>
			<!--visible>[Player.HasVideo + !Skin.HasSetting(ShowBackgroundVideo)] | [Player.HasAudio + ![Skin.HasSetting(ShowBackgroundVis) | SubString(Window(videolibrary).Property(TvTunesIsAlive),True)]] | [!Skin.HasSetting(HideBackGroundFanart) + !IsEmpty(ListItem.Property(Fanart_Image))]</visible-->
			<visible>[Player.HasVideo + !Skin.HasSetting(ShowBackgroundVideo)] | [Player.HasAudio + !Skin.HasSetting(ShowBackgroundVis)] | [!Skin.HasSetting(HideBackGroundFanart) + !IsEmpty(ListItem.Property(Fanart_Image))]</visible>
			<include>VisibleFadeEffect</include>
		</control>
	</include>
	<include name="ContentPanelBackgrounds">
		<control type="image">
			<left>0</left>
			<top>100r</top>
			<width>1280</width>
			<height>100</height>
			<texture>floor.png</texture>
			<animation effect="fade" time="250" condition="Window.Previous(Home)">WindowOpen</animation>
			<animation effect="fade" time="250" condition="Window.Next(Home)">WindowClose</animation>
		</control>
		<control type="group">
			<include>Window_OpenClose_Animation</include>
			<control type="group">
				<include>VisibleFadeEffect</include>
				<visible>Control.IsVisible(50)</visible>
				<control type="image">
					<left>50</left>
					<top>60</top>
					<width>750</width>
					<height>600</height>
					<texture border="15">ContentPanel.png</texture>
				</control>
				<control type="image">
					<left>50</left>
					<top>652</top>
					<width>750</width>
					<height>64</height>
					<texture border="15">ContentPanelMirror.png</texture>
				</control>
			</control>
			<control type="group">
				<include>VisibleFadeEffect</include>
				<visible>Control.IsVisible(504) | Control.IsVisible(550) | Control.IsVisible(512)</visible>
				<control type="image">
					<left>50</left>
					<top>60</top>
					<width>640</width>
					<height>600</height>
					<texture border="15">ContentPanel.png</texture>
				</control>
				<control type="image">
					<left>50</left>
					<top>652</top>
					<width>640</width>
					<height>64</height>
					<texture border="15">ContentPanelMirror.png</texture>
				</control>
				<control type="image">
					<left>700</left>
					<top>60</top>
					<width>530</width>
					<height>600</height>
					<texture border="15">ContentPanel.png</texture>
				</control>
				<control type="image">
					<left>700</left>
					<top>652</top>
					<width>530</width>
					<height>64</height>
					<texture border="15">ContentPanelMirror.png</texture>
				</control>
			</control>
			<control type="group">
				<include>VisibleFadeEffect</include>
				<visible>Control.IsVisible(551) | Control.IsVisible(560) | Control.IsVisible(511) | Control.IsVisible(506) | Control.IsVisible(513)</visible>
				<control type="image">
					<left>50</left>
					<top>60</top>
					<width>840</width>
					<height>600</height>
					<texture border="15">ContentPanel.png</texture>
				</control>
				<control type="image">
					<left>50</left>
					<top>652</top>
					<width>840</width>
					<height>64</height>
					<texture border="15">ContentPanelMirror.png</texture>
				</control>
				<control type="image">
					<left>900</left>
					<top>60</top>
					<width>330</width>
					<height>600</height>
					<texture border="15">ContentPanel.png</texture>
				</control>
				<control type="image">
					<left>900</left>
					<top>652</top>
					<width>330</width>
					<height>64</height>
					<texture border="15">ContentPanelMirror.png</texture>
				</control>
			</control>
			<control type="group">
				<include>VisibleFadeEffect</include>
				<visible>Control.IsVisible(501)</visible>
				<control type="image">
					<left>50</left>
					<top>50</top>
					<width>1180</width>
					<height>610</height>
					<texture border="15">ContentPanel.png</texture>
				</control>
				<control type="image">
					<left>50</left>
					<top>652</top>
					<width>1180</width>
					<height>64</height>
					<texture border="15">ContentPanelMirror.png</texture>
				</control>
			</control>
			<control type="group">
				<include>VisibleFadeEffect</include>
				<visible>Control.IsVisible(503)</visible>
				<control type="image">
					<left>50</left>
					<top>230</top>
					<width>640</width>
					<height>430</height>
					<texture border="15">ContentPanel.png</texture>
				</control>
				<control type="image">
					<left>50</left>
					<top>652</top>
					<width>640</width>
					<height>64</height>
					<texture border="15">ContentPanelMirror.png</texture>
				</control>
				<control type="image">
					<left>700</left>
					<top>230</top>
					<width>550</width>
					<height>430</height>
					<texture border="15">ContentPanel.png</texture>
				</control>
				<control type="image">
					<left>700</left>
					<top>652</top>
					<width>550</width>
					<height>64</height>
					<texture border="15">ContentPanelMirror.png</texture>
				</control>
			</control>
			<control type="group">
				<include>VisibleFadeEffect</include>
				<visible>Control.IsVisible(51) | Control.IsVisible(500) | Control.IsVisible(505)</visible>
				<control type="image">
					<left>75</left>
					<top>60</top>
					<width>1130</width>
					<height>600</height>
					<texture border="15">ContentPanel.png</texture>
				</control>
				<control type="image">
					<left>75</left>
					<top>652</top>
					<width>1130</width>
					<height>64</height>
					<texture border="15">ContentPanelMirror.png</texture>
				</control>
			</control>
			<control type="group">
				<include>VisibleFadeEffect</include>
				<visible>Control.IsVisible(514)</visible>
				<control type="image">
					<left>50</left>
					<top>60</top>
					<width>490</width>
					<height>600</height>
					<texture border="15">ContentPanel.png</texture>
				</control>
				<control type="image">
					<left>50</left>
					<top>652</top>
					<width>490</width>
					<height>64</height>
					<texture border="15">ContentPanelMirror.png</texture>
				</control>
				<control type="image">
					<left>550</left>
					<top>60</top>
					<width>680</width>
					<height>600</height>
					<texture border="15">ContentPanel.png</texture>
				</control>
				<control type="image">
					<left>550</left>
					<top>652</top>
					<width>680</width>
					<height>64</height>
					<texture border="15">ContentPanelMirror.png</texture>
				</control>
			</control>
			<control type="group">
				<include>VisibleFadeEffect</include>
				<visible>Control.IsVisible(515)</visible>
				<control type="image">
					<left>50</left>
					<top>60</top>
					<width>400</width>
					<height>600</height>
					<texture border="15">ContentPanel.png</texture>
				</control>
				<control type="image">
					<left>50</left>
					<top>652</top>
					<width>400</width>
					<height>64</height>
					<texture border="15">ContentPanelMirror.png</texture>
				</control>
				<control type="image">
					<left>460</left>
					<top>60</top>
					<width>770</width>
					<height>600</height>
					<texture border="15">ContentPanel.png</texture>
				</control>
				<control type="image">
					<left>460</left>
					<top>652</top>
					<width>770</width>
					<height>64</height>
					<texture border="15">ContentPanelMirror.png</texture>
				</control>
			</control>
		</control>
	</include>
	<include name="ContentPanelBackgroundsPVR">
		<control type="image">
			<left>0</left>
			<top>100r</top>
			<width>1280</width>
			<height>100</height>
			<texture>floor.png</texture>
			<animation effect="fade" time="250" condition="Window.Previous(Home)">WindowOpen</animation>
			<animation effect="fade" time="250" condition="Window.Next(Home)">WindowClose</animation>
		</control>
		<control type="group">
			<include>Window_OpenClose_Animation</include>
			<control type="group">
				<include>VisibleFadeEffect</include>
				<visible>Control.IsVisible(10) | Control.IsVisible(14) | Control.IsVisible(15) | Control.IsVisible(16) | Control.IsVisible(17)</visible>
				<control type="image">
					<left>55</left>
					<top>60</top>
					<width>1170</width>
					<height>600</height>
					<texture border="15">ContentPanel.png</texture>
				</control>
				<control type="image">
					<left>55</left>
					<top>652</top>
					<width>1170</width>
					<height>64</height>
					<texture border="15">ContentPanelMirror.png</texture>
				</control>
			</control>
			<control type="group">
				<include>VisibleFadeEffect</include>
				<visible>Control.IsVisible(11) | Control.IsVisible(12)</visible>
				<control type="image">
					<left>50</left>
					<top>60</top>
					<width>450</width>
					<height>600</height>
					<texture border="15">ContentPanel.png</texture>
				</control>
				<control type="image">
					<left>50</left>
					<top>652</top>
					<width>450</width>
					<height>64</height>
					<texture border="15">ContentPanelMirror.png</texture>
				</control>
				<control type="image">
					<left>510</left>
					<top>60</top>
					<width>730</width>
					<height>600</height>
					<texture border="15">ContentPanel.png</texture>
				</control>
				<control type="image">
					<left>510</left>
					<top>652</top>
					<width>730</width>
					<height>64</height>
					<texture border="15">ContentPanelMirror.png</texture>
				</control>
			</control>
			<control type="group">
				<include>VisibleFadeEffect</include>
				<visible>Control.IsVisible(13)</visible>
				<control type="image">
					<left>50</left>
					<top>60</top>
					<width>840</width>
					<height>600</height>
					<texture border="15">ContentPanel.png</texture>
				</control>
				<control type="image">
					<left>50</left>
					<top>652</top>
					<width>840</width>
					<height>64</height>
					<texture border="15">ContentPanelMirror.png</texture>
				</control>
				<control type="image">
					<left>900</left>
					<top>60</top>
					<width>330</width>
					<height>600</height>
					<texture border="15">ContentPanel.png</texture>
				</control>
				<control type="image">
					<left>900</left>
					<top>652</top>
					<width>330</width>
					<height>64</height>
					<texture border="15">ContentPanelMirror.png</texture>
				</control>
			</control>
		</control>
	</include>
</includes>