<?xml version="1.0" encoding="UTF-8"?>
<includes>
	<include name="SubSetOneContent">
		<item>
			<label>$VAR[SubSetOneItemOne]</label>
			<onclick condition="IsEmpty(Skin.String(SubSetOne.1.Path))">ActivateWindow(Videos,MovieTitles,return)</onclick>
			<onclick condition="!IsEmpty(Skin.String(SubSetOne.1.Path))">$INFO[Skin.String(SubSetOne.1.Path)]</onclick>
			<visible>Library.HasContent(Movies) | !IsEmpty(Skin.String(SubSetOne.1.Path))</visible>
			<visible>!stringcompare(Skin.String(SubSetOne.1.Path),Hidden)</visible>
		</item>
		<item>
			<label>$VAR[SubSetOneItemTwo]</label>
			<onclick condition="IsEmpty(Skin.String(SubSetOne.2.Path))">ActivateWindow(Videos,TvShowTitles,return)</onclick>
			<onclick condition="!IsEmpty(Skin.String(SubSetOne.2.Path))">$INFO[Skin.String(SubSetOne.2.Path)]</onclick>
			<visible>Library.HasContent(TVShows) | !IsEmpty(Skin.String(SubSetOne.2.Path))</visible>
			<visible>!stringcompare(Skin.String(SubSetOne.2.Path),Hidden)</visible>
		</item>
		<item>
			<label>$VAR[SubSetOneItemThree]</label>
			<onclick condition="IsEmpty(Skin.String(SubSetOne.3.Path))">ActivateWindow(Videos,MusicVideoTitles,return)</onclick>
			<onclick condition="!IsEmpty(Skin.String(SubSetOne.3.Path))">$INFO[Skin.String(SubSetOne.3.Path)]</onclick>
			<visible>Library.HasContent(MusicVideos) | !IsEmpty(Skin.String(SubSetOne.3.Path))</visible>
			<visible>!stringcompare(Skin.String(SubSetOne.3.Path),Hidden)</visible>
		</item>
		<item>
			<label>$VAR[SubSetOneItemFour]</label>
			<onclick condition="IsEmpty(Skin.String(SubSetOne.4.Path))">ActivateWindow(Videos,Files,return)</onclick>
			<onclick condition="!IsEmpty(Skin.String(SubSetOne.4.Path))">$INFO[Skin.String(SubSetOne.4.Path)]</onclick>
			<visible>!stringcompare(Skin.String(SubSetOne.4.Path),Hidden)</visible>
		</item>
		<item>
			<label>$VAR[SubSetOneItemFive]</label>
			<onclick condition="IsEmpty(Skin.String(SubSetOne.5.Path))">ActivateWindow(Videos,Root)</onclick>
			<onclick condition="!IsEmpty(Skin.String(SubSetOne.5.Path))">$INFO[Skin.String(SubSetOne.5.Path)]</onclick>
			<visible>Library.HasContent(Video) | !IsEmpty(Skin.String(SubSetOne.5.Path))</visible>
			<visible>!stringcompare(Skin.String(SubSetOne.5.Path),Hidden)</visible>
		</item>
		<item>
			<label>$VAR[SubSetOneItemSix]</label>
			<onclick condition="IsEmpty(Skin.String(SubSetOne.6.Path))">ActivateWindow(Videos,Addons,return)</onclick>
			<onclick condition="!IsEmpty(Skin.String(SubSetOne.6.Path))">$INFO[Skin.String(SubSetOne.6.Path)]</onclick>
			<visible>!stringcompare(Skin.String(SubSetOne.6.Path),Hidden)</visible>
		</item>
	</include>
	<include name="SubSetTwoContent">
		<item>
			<label>$VAR[SubSetTwoItemOne]</label>
			<onclick condition="IsEmpty(Skin.String(SubSetTwo.1.Path))">ActivateWindow(2125,return)</onclick>
			<onclick condition="!IsEmpty(Skin.String(SubSetTwo.1.Path))">$INFO[Skin.String(SubSetTwo.1.Path)]</onclick>
			<visible>!stringcompare(Skin.String(SubSetTwo.1.Path),Hidden)</visible>
		</item>
		<item>
			<label>$VAR[SubSetTwoItemTwo]</label>
			<onclick condition="IsEmpty(Skin.String(SubSetTwo.2.Path))">ActivateWindow(Videos,MovieSets,return)</onclick>
			<onclick condition="!IsEmpty(Skin.String(SubSetTwo.2.Path))">$INFO[Skin.String(SubSetTwo.2.Path)]</onclick>
			<visible>Library.HasContent(MovieSets) | !IsEmpty(Skin.String(SubSetTwo.2.Path))</visible>
			<visible>!stringcompare(Skin.String(SubSetTwo.2.Path),Hidden)</visible>
		</item>
		<item>
			<label>$VAR[SubSetTwoItemThree]</label>
			<onclick condition="IsEmpty(Skin.String(SubSetTwo.3.Path))">ActivateWindow(Videos,MovieTitles,return)</onclick>
			<onclick condition="!IsEmpty(Skin.String(SubSetTwo.3.Path))">$INFO[Skin.String(SubSetTwo.3.Path)]</onclick>
			<visible>!stringcompare(Skin.String(SubSetTwo.3.Path),Hidden)</visible>
		</item>
		<item>
			<label>$VAR[SubSetTwoItemFour]</label>
			<onclick condition="IsEmpty(Skin.String(SubSetTwo.4.Path))">ActivateWindow(Videos,MovieGenres,return)</onclick>
			<onclick condition="!IsEmpty(Skin.String(SubSetTwo.4.Path))">$INFO[Skin.String(SubSetTwo.4.Path)]</onclick>
			<visible>!stringcompare(Skin.String(SubSetTwo.4.Path),Hidden)</visible>
		</item>
		<item>
			<label>$VAR[SubSetTwoItemFive]</label>
			<onclick condition="IsEmpty(Skin.String(SubSetTwo.5.Path))">ActivateWindow(Videos,MovieTags,return)</onclick>
			<onclick condition="!IsEmpty(Skin.String(SubSetTwo.5.Path))">$INFO[Skin.String(SubSetTwo.5.Path)]</onclick>
			<visible>!stringcompare(Skin.String(SubSetTwo.5.Path),Hidden)</visible>
		</item>
		<item>
			<label>$VAR[SubSetTwoItemSix]</label>
			<onclick condition="IsEmpty(Skin.String(SubSetTwo.6.Path))">ActivateWindow(VideoLibrary,special://videoplaylists/,return)</onclick>
			<onclick condition="!IsEmpty(Skin.String(SubSetTwo.6.Path))">$INFO[Skin.String(SubSetTwo.6.Path)]</onclick>
			<visible>!stringcompare(Skin.String(SubSetTwo.6.Path),Hidden)</visible>
		</item>
	</include>
	<include name="SubSetThreeContent">
		<item>
			<label>$VAR[SubSetThreeItemOne]</label>
			<onclick condition="IsEmpty(Skin.String(SubSetThree.1.Path))">ActivateWindow(2124),return</onclick>
			<onclick condition="!IsEmpty(Skin.String(SubSetThree.1.Path))">$INFO[Skin.String(SubSetThree.1.Path)]</onclick>
			<visible>!stringcompare(Skin.String(SubSetThree.1.Path),Hidden)</visible>
		</item>
		<item>
			<label>$VAR[SubSetThreeItemTwo]</label>
			<onclick condition="IsEmpty(Skin.String(SubSetThree.2.Path))">ActivateWindow(Videos,RecentlyAddedEpisodes,return)</onclick>
			<onclick condition="!IsEmpty(Skin.String(SubSetThree.2.Path))">$INFO[Skin.String(SubSetThree.2.Path)]</onclick>
			<visible>!stringcompare(Skin.String(SubSetThree.2.Path),Hidden)</visible>
		</item>
		<item>
			<label>$VAR[SubSetThreeItemThree]</label>
			<onclick condition="IsEmpty(Skin.String(SubSetThree.3.Path))">ActivateWindow(Videos,TVShowTitles,return)</onclick>
			<onclick condition="!IsEmpty(Skin.String(SubSetThree.3.Path))">$INFO[Skin.String(SubSetThree.3.Path)]</onclick>
			<visible>!stringcompare(Skin.String(SubSetThree.3.Path),Hidden)</visible>
		</item>
		<item>
			<label>$VAR[SubSetThreeItemFour]</label>
			<onclick condition="IsEmpty(Skin.String(SubSetThree.4.Path))">ActivateWindow(Videos,TVShowGenres,return)</onclick>
			<onclick condition="!IsEmpty(Skin.String(SubSetThree.4.Path))">$INFO[Skin.String(SubSetThree.4.Path)]</onclick>
			<visible>!stringcompare(Skin.String(SubSetThree.4.Path),Hidden)</visible>
		</item>
		<item>
			<label>$VAR[SubSetThreeItemFive]</label>
			<onclick condition="IsEmpty(Skin.String(SubSetThree.5.Path))">ActivateWindow(Videos,TVShowTags, return)</onclick>
			<onclick condition="!IsEmpty(Skin.String(SubSetThree.5.Path))">$INFO[Skin.String(SubSetThree.5.Path)]</onclick>
			<visible>!stringcompare(Skin.String(SubSetThree.5.Path),Hidden)</visible>
		</item>
		<item>
			<label>$VAR[SubSetThreeItemSix]</label>
			<onclick condition="IsEmpty(Skin.String(SubSetThree.6.Path))">ActivateWindow(Videos,TVShowYears,return)</onclick>
			<onclick condition="!IsEmpty(Skin.String(SubSetThree.6.Path))">$INFO[Skin.String(SubSetThree.6.Path)]</onclick>
			<visible>!stringcompare(Skin.String(SubSetThree.6.Path),Hidden)</visible>
		</item>
	</include>
	<include name="SubSetFourContent">
		<item>
			<label>$VAR[SubSetFourItemOne]</label>
			<onclick condition="IsEmpty(Skin.String(SubSetFour.1.Path))">ActivateWindow(MusicLibrary,Artists,return)</onclick>
			<onclick condition="!IsEmpty(Skin.String(SubSetFour.1.Path))">$INFO[Skin.String(SubSetFour.1.Path)]</onclick>
			<visible>Library.HasContent(Music) | !IsEmpty(Skin.String(SubSetFour.1.Path))</visible>
			<visible>!stringcompare(Skin.String(SubSetFour.1.Path),Hidden)</visible>
		</item>
		<item>
			<label>$VAR[SubSetFourItemTwo]</label>
			<onclick condition="IsEmpty(Skin.String(SubSetFour.2.Path))">ActivateWindow(MusicLibrary,Albums,return)</onclick>
			<onclick condition="!IsEmpty(Skin.String(SubSetFour.2.Path))">$INFO[Skin.String(SubSetFour.2.Path)]</onclick>
			<visible>Library.HasContent(Music) | !IsEmpty(Skin.String(SubSetFour.2.Path))</visible>
			<visible>!stringcompare(Skin.String(SubSetFour.2.Path),Hidden)</visible>
		</item>
		<item>
			<label>$VAR[SubSetFourItemThree]</label>
			<onclick condition="IsEmpty(Skin.String(SubSetFour.3.Path))">PlayerControl(PartyMode(music))</onclick>
			<onclick condition="!IsEmpty(Skin.String(SubSetFour.3.Path))">$INFO[Skin.String(SubSetFour.3.Path)]</onclick>
			<visible>Library.HasContent(Music) | !IsEmpty(Skin.String(SubSetFour.3.Path))</visible>
			<visible>!stringcompare(Skin.String(SubSetFour.3.Path),Hidden)</visible>
		</item>
		<item>
			<label>$VAR[SubSetFourItemFour]</label>
			<onclick condition="IsEmpty(Skin.String(SubSetFour.4.Path))">ActivateWindow(MusicFiles)</onclick>
			<onclick condition="!IsEmpty(Skin.String(SubSetFour.4.Path))">$INFO[Skin.String(SubSetFour.4.Path)]</onclick>
			<visible>!stringcompare(Skin.String(SubSetFour.4.Path),Hidden)</visible>
		</item>
		<item>
			<label>$VAR[SubSetFourItemFive]</label>
			<onclick condition="IsEmpty(Skin.String(SubSetFour.5.Path))">ActivateWindow(MusicLibrary,root)</onclick>
			<onclick condition="!IsEmpty(Skin.String(SubSetFour.5.Path))">$INFO[Skin.String(SubSetFour.5.Path)]</onclick>
			<visible>Library.HasContent(Music) | !IsEmpty(Skin.String(SubSetFour.5.Path))</visible>
			<visible>!stringcompare(Skin.String(SubSetFour.5.Path),Hidden)</visible>
		</item>
		<item>
			<label>$VAR[SubSetFourItemSix]</label>
			<onclick condition="IsEmpty(Skin.String(SubSetFour.6.Path))">ActivateWindow(MusicLibrary,Addons,return)</onclick>
			<onclick condition="!IsEmpty(Skin.String(SubSetFour.6.Path))">$INFO[Skin.String(SubSetFour.6.Path)]</onclick>
			<visible>Library.HasContent(Music) | !IsEmpty(Skin.String(SubSetFour.6.Path))</visible>
			<visible>!stringcompare(Skin.String(SubSetFour.6.Path),Hidden)</visible>
		</item>
		<item>
			<label>$LOCALIZE[24001]</label>
			<onclick>ActivateWindow(MusicFiles,Addons,return)</onclick>
			<visible>!Library.HasContent(Music) + IsEmpty(Skin.String(SubSetFour.6.Path))</visible>
		</item>
	</include>
	<include name="SubSetFiveContent">
		<item>
			<label>$VAR[SubSetFiveItemOne]</label>
			<onclick condition="IsEmpty(Skin.String(SubSetFive.1.Path))">ActivateWindow(2126),return</onclick>
			<onclick condition="!IsEmpty(Skin.String(SubSetFive.1.Path))">$INFO[Skin.String(SubSetFive.1.Path)]</onclick>
			<visible>!stringcompare(Skin.String(SubSetFive.1.Path),Hidden)</visible>
		</item>
		<item>
			<label>$VAR[SubSetFiveItemTwo]</label>
			<onclick condition="IsEmpty(Skin.String(SubSetFive.2.Path))">ActivateWindow(Videos,MusicVideoTitles,return)</onclick>
			<onclick condition="!IsEmpty(Skin.String(SubSetFive.2.Path))">$INFO[Skin.String(SubSetFive.2.Path)]</onclick>
			<visible>!stringcompare(Skin.String(SubSetFive.2.Path),Hidden)</visible>
		</item>
		<item>
			<label>$VAR[SubSetFiveItemThree]</label>
			<onclick condition="IsEmpty(Skin.String(SubSetFive.3.Path))">ActivateWindow(Videos,MusicVideoGenres,return)</onclick>
			<onclick condition="!IsEmpty(Skin.String(SubSetFive.3.Path))">$INFO[Skin.String(SubSetFive.3.Path)]</onclick>
			<visible>!stringcompare(Skin.String(SubSetFive.3.Path),Hidden)</visible>
		</item>
		<item>
			<label>$VAR[SubSetFiveItemFour]</label>
			<onclick condition="IsEmpty(Skin.String(SubSetFive.4.Path))">ActivateWindow(Videos,MusicVideoYears,return)</onclick>
			<onclick condition="!IsEmpty(Skin.String(SubSetFive.4.Path))">$INFO[Skin.String(SubSetFive.4.Path)]</onclick>
			<visible>!stringcompare(Skin.String(SubSetFive.4.Path),Hidden)</visible>
		</item>
		<item>
			<label>$VAR[SubSetFiveItemFive]</label>
			<onclick condition="IsEmpty(Skin.String(SubSetFive.5.Path))">ActivateWindow(Videos,MusicVideoTags,return)</onclick>
			<onclick condition="!IsEmpty(Skin.String(SubSetFive.5.Path))">$INFO[Skin.String(SubSetFive.5.Path)]</onclick>
			<visible>!stringcompare(Skin.String(SubSetFive.5.Path),Hidden)</visible>
		</item>
		<item>
			<label>$INFO[Skin.String(SubSetFive.6.Label)]</label>
			<onclick>$INFO[Skin.String(SubSetFive.6.Path)]</onclick>
			<visible>!IsEmpty(Skin.String(SubSetFive.6.Path))</visible>
		</item>
	</include>
	<include name="SubSetSixContent">
		<item>
			<label>$VAR[SubSetSixItemOne]</label>
			<onclick condition="IsEmpty(Skin.String(SubSetSix.1.Path))">ActivateWindowAndFocus(MyPVR, 32,0, 11,0)</onclick>
			<onclick condition="!IsEmpty(Skin.String(SubSetSix.1.Path))">$INFO[Skin.String(SubSetSix.1.Path)]</onclick>
			<visible>System.GetBool(pvrmanager.enabled) | !IsEmpty(Skin.String(SubSetSix.1.Path))</visible>
			<visible>!stringcompare(Skin.String(SubSetSix.1.Path),Hidden)</visible>
		</item>
		<item>
			<label>$VAR[SubSetSixItemTwo]</label>
			<onclick condition="IsEmpty(Skin.String(SubSetSix.2.Path))">ActivateWindowAndFocus(MyPVR, 33,0, 12,0)</onclick>
			<onclick condition="!IsEmpty(Skin.String(SubSetSix.2.Path))">$INFO[Skin.String(SubSetSix.2.Path)]</onclick>
			<visible>System.GetBool(pvrmanager.enabled) | !IsEmpty(Skin.String(SubSetSix.2.Path))</visible>
			<visible>!stringcompare(Skin.String(SubSetSix.2.Path),Hidden)</visible>
		</item>
		<item>
			<label>$VAR[SubSetSixItemThree]</label>
			<onclick condition="IsEmpty(Skin.String(SubSetSix.3.Path))">ActivateWindowAndFocus(MyPVR, 31,0, 10,0)</onclick>
			<onclick condition="!IsEmpty(Skin.String(SubSetSix.3.Path))">$INFO[Skin.String(SubSetSix.3.Path)]</onclick>
			<visible>System.GetBool(pvrmanager.enabled) | !IsEmpty(Skin.String(SubSetSix.3.Path))</visible>
			<visible>!stringcompare(Skin.String(SubSetSix.3.Path),Hidden)</visible>
		</item>
		<item>
			<label>$VAR[SubSetSixItemFour]</label>
			<onclick condition="IsEmpty(Skin.String(SubSetSix.4.Path))">ActivateWindowAndFocus(MyPVR, 34,0, 13,0)</onclick>
			<onclick condition="!IsEmpty(Skin.String(SubSetSix.4.Path))">$INFO[Skin.String(SubSetSix.4.Path)]</onclick>
			<visible>System.GetBool(pvrmanager.enabled) | !IsEmpty(Skin.String(SubSetSix.4.Path))</visible>
			<visible>!stringcompare(Skin.String(SubSetSix.4.Path),Hidden)</visible>
		</item>
		<item>
			<label>$VAR[SubSetSixItemFive]</label>
			<onclick condition="IsEmpty(Skin.String(SubSetSix.5.Path))">ActivateWindowAndFocus(MyPVR, 35,0, 14,0)</onclick>
			<onclick condition="!IsEmpty(Skin.String(SubSetSix.5.Path))">$INFO[Skin.String(SubSetSix.5.Path)]</onclick>
			<visible>System.GetBool(pvrmanager.enabled) | !IsEmpty(Skin.String(SubSetSix.5.Path))</visible>
			<visible>!stringcompare(Skin.String(SubSetSix.5.Path),Hidden)</visible>
		</item>
		<item>
			<label>$INFO[Skin.String(SubSetSix.6.Label)]</label>
			<onclick>$INFO[Skin.String(SubSetSix.6.Path)]</onclick>
			<visible>!IsEmpty(Skin.String(SubSetSix.6.Path))</visible>
		</item>
	</include>
	<include name="SubSetSevenContent">
		<item>
			<label>$VAR[SubSetSevenItemOne]</label>
			<onclick condition="IsEmpty(Skin.String(SubSetSeven.1.Path))">ActivateWindow(SkinSettings),return</onclick>
			<onclick condition="!IsEmpty(Skin.String(SubSetSeven.1.Path))">$INFO[Skin.String(SubSetSeven.1.Path)]</onclick>
			<visible>!stringcompare(Skin.String(SubSetSeven.1.Path),Hidden)</visible>
		</item>
		<item>
			<label>$VAR[SubSetSevenItemTwo]</label>
			<onclick condition="IsEmpty(Skin.String(SubSetSeven.2.Path)) + System.HasAddon(os.openelec.settings)">RunAddon(os.openelec.settings)</onclick>
			<onclick condition="IsEmpty(Skin.String(SubSetSeven.2.Path)) + System.HasAddon(service.openelec.settings)">RunAddon(service.openelec.settings)</onclick>
			<onclick condition="IsEmpty(Skin.String(SubSetSeven.2.Path)) + System.HasAddon(script.raspbmc.settings)">RunAddon(script.raspbmc.settings)</onclick>
			<onclick condition="!IsEmpty(Skin.String(SubSetSeven.2.Path))">$INFO[Skin.String(SubSetSeven.2.Path)]</onclick>
			<visible>!IsEmpty(Skin.String(SubSetSeven.2.Path)) | System.HasAddon(os.openelec.settings) | System.HasAddon(service.openelec.settings) | System.HasAddon(script.raspbmc.settings)</visible>
			<visible>!stringcompare(Skin.String(SubSetSeven.2.Path),Hidden)</visible>
		</item>
		<item>
			<label>$VAR[SubSetSevenItemThree]</label>
			<onclick condition="IsEmpty(Skin.String(SubSetSeven.3.Path))">ActivateWindow(FileManager)</onclick>
			<onclick condition="!IsEmpty(Skin.String(SubSetSeven.3.Path))">$INFO[Skin.String(SubSetSeven.3.Path)]</onclick>
			<visible>!stringcompare(Skin.String(SubSetSeven.3.Path),Hidden)</visible>
		</item>
		<item>
			<label>$VAR[SubSetSevenItemFour]</label>
			<onclick condition="IsEmpty(Skin.String(SubSetSeven.4.Path))">ActivateWindow(AddonBrowser),return</onclick>
			<onclick condition="!IsEmpty(Skin.String(SubSetSeven.4.Path))">$INFO[Skin.String(SubSetSeven.4.Path)]</onclick>
			<visible>!stringcompare(Skin.String(SubSetSeven.4.Path),Hidden)</visible>
		</item>
		<item>
			<label>$VAR[SubSetSevenItemFive]</label>
			<onclick condition="IsEmpty(Skin.String(SubSetSeven.5.Path))">ActivateWindow(Profiles)</onclick>
			<onclick condition="!IsEmpty(Skin.String(SubSetSeven.5.Path))">$INFO[Skin.String(SubSetSeven.5.Path)]</onclick>
			<visible>!stringcompare(Skin.String(SubSetSeven.5.Path),Hidden)</visible>
		</item>
		<item>
			<label>$VAR[SubSetSevenItemSix]</label>
			<onclick condition="IsEmpty(Skin.String(SubSetSeven.6.Path))">ActivateWindow(ShutdownMenu)</onclick>
			<onclick condition="!IsEmpty(Skin.String(SubSetSeven.6.Path))">$INFO[Skin.String(SubSetSeven.6.Path)]</onclick>
			<visible>!stringcompare(Skin.String(SubSetSeven.6.Path),Hidden)</visible>
		</item>
	</include>
	<include name="SubSetEightContent">
		<item>
			<label>$VAR[SubSetEightItemOne]</label>
			<onclick condition="IsEmpty(Skin.String(SubSetEight.1.Path))">ActivateWindow(Pictures,Addons,return)</onclick>
			<onclick condition="!IsEmpty(Skin.String(SubSetEight.1.Path))">$INFO[Skin.String(SubSetEight.1.Path)]</onclick>
			<visible>!stringcompare(Skin.String(SubSetEight.1.Path),Hidden)</visible>
		</item>
		<item>
			<label>$INFO[Skin.String(SubSetEight.2.Label)]</label>
			<onclick>$INFO[Skin.String(SubSetEight.2.Path)]</onclick>
			<visible>!IsEmpty(Skin.String(SubSetEight.2.Path))</visible>
		</item>
		<item>
			<label>$INFO[Skin.String(SubSetEight.3.Label)]</label>
			<onclick>$INFO[Skin.String(SubSetEight.3.Path)]</onclick>
			<visible>!IsEmpty(Skin.String(SubSetEight.3.Path))</visible>
		</item>
		<item>
			<label>$INFO[Skin.String(SubSetEight.4.Label)]</label>
			<onclick>$INFO[Skin.String(SubSetEight.4.Path)]</onclick>
			<visible>!IsEmpty(Skin.String(SubSetEight.4.Path))</visible>
		</item>
		<item>
			<label>$INFO[Skin.String(SubSetEight.5.Label)]</label>
			<onclick>$INFO[Skin.String(SubSetEight.5.Path)]</onclick>
			<visible>!IsEmpty(Skin.String(SubSetEight.5.Path))</visible>
		</item>
		<item>
			<label>$INFO[Skin.String(SubSetEight.6.Label)]</label>
			<onclick>$INFO[Skin.String(SubSetEight.6.Path)]</onclick>
			<visible>!IsEmpty(Skin.String(SubSetEight.6.Path))</visible>
		</item>
	</include>
	<include name="SubSetNineContent">
		<item>
			<label>$INFO[Skin.String(SubSetNine.1.Label)]</label>
			<onclick>$INFO[Skin.String(SubSetNine.1.Path)]</onclick>
			<visible>!IsEmpty(Skin.String(SubSetNine.1.Path))</visible>
		</item>
		<item>
			<label>$INFO[Skin.String(SubSetNine.2.Label)]</label>
			<onclick>$INFO[Skin.String(SubSetNine.2.Path)]</onclick>
			<visible>!IsEmpty(Skin.String(SubSetNine.2.Path))</visible>
		</item>
		<item>
			<label>$INFO[Skin.String(SubSetNine.3.Label)]</label>
			<onclick>$INFO[Skin.String(SubSetNine.3.Path)]</onclick>
			<visible>!IsEmpty(Skin.String(SubSetNine.3.Path))</visible>
		</item>
		<item>
			<label>$INFO[Skin.String(SubSetNine.4.Label)]</label>
			<onclick>$INFO[Skin.String(SubSetNine.4.Path)]</onclick>
			<visible>!IsEmpty(Skin.String(SubSetNine.4.Path))</visible>
		</item>
		<item>
			<label>$INFO[Skin.String(SubSetNine.5.Label)]</label>
			<onclick>$INFO[Skin.String(SubSetNine.5.Path)]</onclick>
			<visible>!IsEmpty(Skin.String(SubSetNine.5.Path))</visible>
		</item>
		<item>
			<label>$INFO[Skin.String(SubSetNine.6.Label)]</label>
			<onclick>$INFO[Skin.String(SubSetNine.6.Path)]</onclick>
			<visible>!IsEmpty(Skin.String(SubSetNine.6.Path))</visible>
		</item>
	</include>
	<include name="SubSetTenContent">
		<item>
			<label>$INFO[Skin.String(SubSetTen.1.Label)]</label>
			<onclick>$INFO[Skin.String(SubSetTen.1.Path)]</onclick>
			<visible>!IsEmpty(Skin.String(SubSetTen.1.Path))</visible>
		</item>
		<item>
			<label>$INFO[Skin.String(SubSetTen.2.Label)]</label>
			<onclick>$INFO[Skin.String(SubSetTen.2.Path)]</onclick>
			<visible>!IsEmpty(Skin.String(SubSetTen.2.Path))</visible>
		</item>
		<item>
			<label>$INFO[Skin.String(SubSetTen.3.Label)]</label>
			<onclick>$INFO[Skin.String(SubSetTen.3.Path)]</onclick>
			<visible>!IsEmpty(Skin.String(SubSetTen.3.Path))</visible>
		</item>
		<item>
			<label>$INFO[Skin.String(SubSetTen.4.Label)]</label>
			<onclick>$INFO[Skin.String(SubSetTen.4.Path)]</onclick>
			<visible>!IsEmpty(Skin.String(SubSetTen.4.Path))</visible>
		</item>
		<item>
			<label>$INFO[Skin.String(SubSetTen.5.Label)]</label>
			<onclick>$INFO[Skin.String(SubSetTen.5.Path)]</onclick>
			<visible>!IsEmpty(Skin.String(SubSetTen.5.Path))</visible>
		</item>
		<item>
			<label>$INFO[Skin.String(SubSetTen.6.Label)]</label>
			<onclick>$INFO[Skin.String(SubSetTen.6.Path)]</onclick>
			<visible>!IsEmpty(Skin.String(SubSetTen.6.Path))</visible>
		</item>
	</include>
	<include name="SubSetElevenContent">
		<item>
			<label>$INFO[Skin.String(SubSetEleven.1.Label)]</label>
			<onclick>$INFO[Skin.String(SubSetEleven.1.Path)]</onclick>
			<visible>!IsEmpty(Skin.String(SubSetEleven.1.Path))</visible>
		</item>
		<item>
			<label>$INFO[Skin.String(SubSetEleven.2.Label)]</label>
			<onclick>$INFO[Skin.String(SubSetEleven.2.Path)]</onclick>
			<visible>!IsEmpty(Skin.String(SubSetEleven.2.Path))</visible>
		</item>
		<item>
			<label>$INFO[Skin.String(SubSetEleven.3.Label)]</label>
			<onclick>$INFO[Skin.String(SubSetEleven.3.Path)]</onclick>
			<visible>!IsEmpty(Skin.String(SubSetEleven.3.Path))</visible>
		</item>
		<item>
			<label>$INFO[Skin.String(SubSetEleven.4.Label)]</label>
			<onclick>$INFO[Skin.String(SubSetEleven.4.Path)]</onclick>
			<visible>!IsEmpty(Skin.String(SubSetEleven.4.Path))</visible>
		</item>
		<item>
			<label>$INFO[Skin.String(SubSetEleven.5.Label)]</label>
			<onclick>$INFO[Skin.String(SubSetEleven.5.Path)]</onclick>
			<visible>!IsEmpty(Skin.String(SubSetEleven.5.Path))</visible>
		</item>
		<item>
			<label>$INFO[Skin.String(SubSetEleven.6.Label)]</label>
			<onclick>$INFO[Skin.String(SubSetEleven.6.Path)]</onclick>
			<visible>!IsEmpty(Skin.String(SubSetEleven.6.Path))</visible>
		</item>
	</include>
	<include name="SubSetTwelveContent">
		<item>
			<label>$INFO[Skin.String(SubSetTwelve.1.Label)]</label>
			<onclick>$INFO[Skin.String(SubSetTwelve.1.Path)]</onclick>
			<visible>!IsEmpty(Skin.String(SubSetTwelve.1.Path))</visible>
		</item>
		<item>
			<label>$INFO[Skin.String(SubSetTwelve.2.Label)]</label>
			<onclick>$INFO[Skin.String(SubSetTwelve.2.Path)]</onclick>
			<visible>!IsEmpty(Skin.String(SubSetTwelve.2.Path))</visible>
		</item>
		<item>
			<label>$INFO[Skin.String(SubSetTwelve.3.Label)]</label>
			<onclick>$INFO[Skin.String(SubSetTwelve.3.Path)]</onclick>
			<visible>!IsEmpty(Skin.String(SubSetTwelve.3.Path))</visible>
		</item>
		<item>
			<label>$INFO[Skin.String(SubSetTwelve.4.Label)]</label>
			<onclick>$INFO[Skin.String(SubSetTwelve.4.Path)]</onclick>
			<visible>!IsEmpty(Skin.String(SubSetTwelve.4.Path))</visible>
		</item>
		<item>
			<label>$INFO[Skin.String(SubSetTwelve.5.Label)]</label>
			<onclick>$INFO[Skin.String(SubSetTwelve.5.Path)]</onclick>
			<visible>!IsEmpty(Skin.String(SubSetTwelve.5.Path))</visible>
		</item>
		<item>
			<label>$INFO[Skin.String(SubSetTwelve.6.Label)]</label>
			<onclick>$INFO[Skin.String(SubSetTwelve.6.Path)]</onclick>
			<visible>!IsEmpty(Skin.String(SubSetTwelve.6.Path))</visible>
		</item>
	</include>
	<include name="SubSetFullScreeContent">
		<item>
			<label>210</label>
			<onclick>XBMC.PlayerControl(Previous)</onclick>
		</item>
		<item>
			<label>31077</label>
			<onclick>XBMC.PlayerControl(Next)</onclick>
			<visible>VideoPlayer.Content(LiveTV)</visible>
		</item>
		<item>
			<label>31077</label>
			<onclick>XBMC.PlayerControl(Rewind)</onclick>
			<visible>!VideoPlayer.Content(LiveTV)</visible>
		</item>
		<item>
			<label>$VAR[SubMenuPlayBtn]</label>
			<onclick>XBMC.PlayerControl(Play)</onclick>
			<visible>!VideoPlayer.Content(LiveTV)</visible>
		</item>
		<item>
			<label>$VAR[SubMenuPlayBtn]</label>
			<onclick>XBMC.PlayerControl(Play)</onclick>
			<enable>Player.PauseEnabled</enable>
			<visible>VideoPlayer.Content(LiveTV)</visible>
		</item>
		<item>
			<label>31075</label>
			<onclick>left</onclick>
			<onclick>XBMC.PlayerControl(Stop)</onclick>
		</item>
		<item>
			<label>31076</label>
			<onclick>XBMC.PlayerControl(Forward)</onclick>
			<visible>!VideoPlayer.Content(LiveTV)</visible>
		</item>
		<item>
			<label>209</label>
			<onclick>XBMC.PlayerControl(Next)</onclick>
			<visible>!VideoPlayer.Content(LiveTV)</visible>
		</item>
		<item>
			<label>264</label>
			<onclick>XBMC.PlayerControl(record)</onclick>
			<visible>VideoPlayer.Content(LiveTV)</visible>
		</item>
	</include>
</includes>