<?xml version="1.0" encoding="UTF-8"?>
<window>
	<defaultcontrol always="true">50</defaultcontrol>
	<allowoverlay>no</allowoverlay>
	<views>50,51,500,550,551,560,501,508,504,503,515,505,511</views>
	<!--onload condition="Skin.HasSetting(ActivateTvTunes) + System.HasAddon(script.tvtunes)">XBMC.RunScript(script.tvtunes,backend=True)</onload-->
	<controls>
		<include>CommonBackground</include>
		<include>ContentPanelBackgrounds</include>
		<control type="group">
			<include>Window_OpenClose_Animation</include>
			<include>CommonRootView</include>
			<!-- view id = 50 -->
			<include>FullWidthList</include>
			<!-- view id = 51 -->
			<include>ThumbnailView</include>
			<!-- view id = 500 -->
			<include>PosterWrapView</include>
			<!-- view id = 501 -->
			<include>PosterWrapView2_Fanart</include>
			<!-- view id = 508 -->
			<include>MediaListView3</include>
			<!-- view id = 503 -->
			<include>MediaListView2</include>
			<!-- view id = 504 -->
			<include>MediaListView4</include>
			<!-- view id = 515 -->
			<include>WideIconView</include>
			<!-- view id = 505 -->
			<include>MusicVideoInfoListView</include>
			<!-- view id = 511 -->
			<include>AddonInfoListView1</include>
			<!-- view id = 550 -->
			<include>AddonInfoThumbView1</include>
			<!-- view id = 551 -->
			<include>LiveTVView1</include>
			<!-- view id = 560 -->
		</control>
		<include>CommonPageCount</include>
		<include>CommonNowPlaying</include>
		<include>MainWindowMouseButtons</include>
		<include>BehindDialogFadeOut</include>
		<include>ScrollOffsetLabel</include>
		<!--control type="image">
			<description>Section header image</description>
			<left>20</left>
			<top>3</top>
			<width>35</width>
			<height>35</height>
			<aspectratio>keep</aspectratio>
			<texture>icon_video.png</texture>
		</control-->
		<control type="grouplist">
			<!--left>65</left-->
			<left>5</left>
			<top>5</top>
			<!--width>1000</width-->
			<width>1270</width>
			<height>30</height>
			<orientation>horizontal</orientation>
			<!--align>left</align-->
			<align>center</align>
			<itemgap>5</itemgap>
			<control type="label">
				<include>WindowTitleCommons</include>
				<label>$LOCALIZE[3]</label>
			</control>
			<control type="label">
				<include>WindowTitleCommons</include>
				<label>[COLOR=blue] - [/COLOR]$INFO[Container.FolderName]</label>
				<visible>!IsEmpty(Container.FolderName)</visible>
			</control>
		</control>
		<control type="group">
			<left>-250</left>
			<include>SideBladeLeft</include>
			<control type="grouplist" id="9000">
				<left>0</left>
				<top>60</top>
				<width>250</width>
				<height>650</height>
				<onleft>9000</onleft>
				<onright>50</onright>
				<onup>9000</onup>
				<ondown>9000</ondown>
				<onback>50</onback>
				<itemgap>0</itemgap>
				<control type="label" id="200">
					<width>250</width>
					<height>35</height>
					<font>font12</font>
					<label>31006</label>
					<textcolor>blue</textcolor>
					<align>center</align>
					<aligny>center</aligny>
				</control>
				<control type="button" id="2">
					<description>View As button</description>
					<textwidth>235</textwidth>
					<include>ButtonCommonValues</include>
					<label>-</label>
				</control>
				<control type="button" id="3">
					<description>Sort by button</description>
					<include>ButtonCommonValues</include>
					<label>103</label>
				</control>
				<control type="togglebutton" id="4">
					<description>Sort asc</description>
					<include>ButtonCommonValues</include>
					<alttexturefocus border="5">button-focus.png</alttexturefocus>
					<alttexturenofocus>-</alttexturenofocus>
					<label>31051</label>
					<altlabel>31050</altlabel>
					<usealttexture>Container.SortDirection(Ascending)</usealttexture>
				</control>
				<control type="edit" id="19">
					<visible>Container.CanFilter + !Container.CanFilterAdvanced</visible>
					<description>Filter</description>
					<textwidth>230</textwidth>
					<include>ButtonCommonValues</include>
					<label>587</label>
				</control>
				<control type="radiobutton" id="98">
					<visible>Container.CanFilterAdvanced</visible>
					<description>Filter</description>
					<include>ButtonCommonValues</include>
					<label>587</label>
					<selected>Container.Filtered</selected>
					<onclick>right</onclick>
					<onclick>Filter</onclick>
				</control>
				<control type="button" id="99">
					<width>250</width>
					<height>40</height>
					<font>font13</font>
					<label>$LOCALIZE[31123] $VAR[PopupInfoType]</label>
					<textcolor>white</textcolor>
					<focusedcolor>white</focusedcolor>
					<texturefocus border="5">button-focus.png</texturefocus>
					<texturenofocus>-</texturenofocus>
					<pulseonselect>false</pulseonselect>
					<onclick condition="IsEmpty(Skin.String(mediapopupcontrol))">Skin.SetString(mediapopupcontrol,Delayed)</onclick>
					<onclick condition="Skin.String(mediapopupcontrol,Delayed)">Skin.SetString(mediapopupcontrol,Hidden)</onclick>
					<onclick condition="Skin.String(mediapopupcontrol,Hidden)">Skin.SetString(mediapopupcontrol,Instant)</onclick>
					<onclick condition="Skin.String(mediapopupcontrol,Instant)">Skin.Reset(mediapopupcontrol)</onclick>
					<visible>Control.IsVisible(508)</visible>
				</control>
				<control type="label" id="201">
					<width>250</width>
					<height>35</height>
					<font>font12</font>
					<label>31026</label>
					<textcolor>blue</textcolor>
					<align>center</align>
					<aligny>center</aligny>
				</control>
				<control type="radiobutton" id="14">
					<description>Watched Toggle</description>
					<textwidth>170</textwidth>
					<include>ButtonCommonValues</include>
					<label>20367</label>
				</control>
				<control type="radiobutton" id="205">
					<include>ButtonCommonValues</include>
					<label>$LOCALIZE[31133]</label>
					<textwidth>170</textwidth>
					<onclick>Skin.ToggleSetting(disablewatchedcheck)</onclick>
					<selected>Skin.HasSetting(disablewatchedcheck)</selected>
					<visible>!system.setting(hidewatched)</visible>
				</control>
				<control type="button" id="8">
					<description>Search</description>
					<include>ButtonCommonValues</include>
					<label>137</label>
				</control>
				<control type="radiobutton" id="16">
					<description>PartyMode</description>
					<label>589</label>
					<include>ButtonCommonValues</include>
					<visible>Container.Content(MusicVideos)</visible>
				</control>
				<control type="radiobutton" id="11">
					<description>Unlock Shares</description>
					<textwidth>170</textwidth>
					<include>ButtonCommonValues</include>
					<label>20336</label>
					<onclick>xbmc.mastermode</onclick>
					<selected>system.ismaster</selected>
					<visible>system.haslocks</visible>
				</control>
				<control type="label" id="203">
					<width>250</width>
					<height>35</height>
					<font>font12</font>
					<label>31039</label>
					<textcolor>blue</textcolor>
					<align>center</align>
					<aligny>center</aligny>
				</control>
				<control type="togglebutton" id="20">
					<description>Update library</description>
					<textwidth>235</textwidth>
					<include>ButtonCommonValues</include>
					<label>653</label>
					<altlabel>13353</altlabel>
					<alttexturefocus border="5">button-focus.png</alttexturefocus>
					<alttexturenofocus>-</alttexturenofocus>
					<usealttexture>library.isscanningvideo</usealttexture>
				</control>
				<include>CommonNowPlaying_Controls</include>
			</control>
		</control>
		<!--include>Clock</include-->
		<!--
		<control type="image">
			<description>LOGO</description>
			<left>0</left>
			<top>55r</top>
			<width>170</width>
			<height>43</height>
			<aspectratio aligny="top" align="left">keep</aspectratio>
			<texture>xbmc-logo.png</texture>
			<include>VisibleFadeEffect</include>
			<include>Window_OpenClose_Animation</include>
			<animation effect="fade" start="100" end="0" time="200" condition="Window.IsVisible(infodialog)">Conditional</animation>
			<visible>StringCompare(System.ProfileName,Master user)</visible>
		</control>
		<control type="label">
			<description>profile label</description>
			<left>5</left>
			<top>55r</top>
			<width>450</width>
			<height>30</height>
			<align>left</align>
			<aligny>center</aligny>
			<font>font28_title</font>
			<textcolor>C0FFFFFF</textcolor>
			<shadowcolor>black</shadowcolor>
			<info>System.ProfileName</info>
			<include>Window_OpenClose_Animation</include>
			<animation effect="fade" start="100" end="0" time="200" condition="Window.IsVisible(infodialog)">Conditional</animation>
			<visible>!StringCompare(System.ProfileName,Master user)</visible>
		</control>
		<control type="label">
			<left>5</left>
			<top>25r</top>
			<width>350</width>
			<height>15</height>
			<align>left</align>
			<aligny>center</aligny>
			<font>font10</font>
			<textcolor>C0FFFFFF</textcolor>
			<shadowcolor>black</shadowcolor>
			<label>$LOCALIZE[31370]</label>
			<include>Window_OpenClose_Animation</include>
			<animation effect="fade" start="100" end="0" time="200" condition="Window.IsVisible(infodialog)">Conditional</animation>
			<visible>!StringCompare(System.ProfileName,Master user)</visible>
		</control>

		-->
	</controls>
</window>