<?xml version="1.0" encoding="utf-8"?>
<window type="dialog" id="2124">
	<defaultcontrol always="true">450</defaultcontrol>
	<coordinates>
		<system>1</system>
		<posx>0</posx>
		<posy>0</posy>
	</coordinates>
	<controls>
		<control type="group">
			<animation effect="slide" start="400,0" end="0,0" time="400" tween="quadratic" easing="out">WindowOpen</animation>
			<animation effect="slide" start="0,0" end="400,0" time="400" tween="quadratic" easing="out">WindowClose</animation>
			<control type="image">
				<posx>434r</posx>
				<posy>260</posy>
				<width>42</width>
				<height>128</height>
				<texture border="15,0,0,0" flipx="true">HasSub.png</texture>
				<animation effect="slide" start="0,0" end="0,154" time="0" condition="!Skin.HasSetting(RaiseMainMenuBar)">Conditional</animation>
			</control>
			<control type="image">
				<posx>400r</posx>
				<posy>0</posy>
				<width>400</width>
				<height>720</height>
				<texture border="15,0,0,0" flipx="true">HomeBladeSub.png</texture>
			</control>
			<control type="group">
				<control type="button" id="61">
					<description>Back push button</description>
					<posx>100r</posx>
					<posy>50r</posy>
					<width>45</width>
					<height>45</height>
					<label>1036</label>
					<font>-</font>
					<onclick>PreviousMenu</onclick>
					<texturefocus border="5">floor_buttonFO.png</texturefocus>
					<texturenofocus border="5">floor_button.png</texturenofocus>
					<onleft>450</onleft>
					<onright>62</onright>
					<onup>450</onup>
					<ondown>450</ondown>
				</control>
				<control type="image">
					<description>Back Icon</description>
					<posx>95r</posx>
					<posy>45r</posy>
					<width>35</width>
					<height>35</height>
					<aspectratio>keep</aspectratio>
					<texture>icon_back.png</texture>
				</control>
				<control type="button" id="62">
					<description>Home push button</description>
					<posx>55r</posx>
					<posy>50r</posy>
					<width>45</width>
					<height>45</height>
					<label>31003</label>
					<font>-</font>
					<onclick>PreviousMenu</onclick>
					<texturefocus border="5">floor_buttonFO.png</texturefocus>
					<texturenofocus border="5">floor_button.png</texturenofocus>
					<onleft>61</onleft>
					<onright>450</onright>
					<onup>450</onup>
					<ondown>450</ondown>
				</control>
				<control type="image">
					<description>Home Icon</description>
					<posx>50r</posx>
					<posy>45r</posy>
					<width>35</width>
					<height>35</height>
					<aspectratio>keep</aspectratio>
					<texture>icon_home.png</texture>
				</control>
				<visible>!Skin.HasSetting(DisableHomeReturnButtons)</visible>
			</control>
			<control type="label">
				<posx>380r</posx>
				<posy>215</posy>
				<width>350</width>
				<height>30</height>
				<font>font14</font>
				<align>center</align>
				<aligny>center</aligny>
				<textcolor>blue</textcolor>
				<label>[B]$LOCALIZE[31180][/B]</label>
			</control>
			<control type="image">
				<posx>380r</posx>
				<posy>10</posy>
				<width>350</width>
				<height>200</height>
				<aspectratio align="center">stretch</aspectratio>
				<fadetime>IconCrossfadeTime</fadetime>
				<texture fallback="Fallback/FanartVideoSmall.jpg" diffuse="episodematte.png">$INFO[Container(450).ListItem.Icon]</texture>
				<bordertexture border="8">ThumbShadow.png</bordertexture>
				<bordersize>8</bordersize>
			</control>
			<control type="image">
				<posx>375r</posx>
				<posy>110</posy>
				<width>340</width>
				<height>100</height>
				<aspectratio align="center" aligny="bottom">keep</aspectratio>
				<texture background="true">$INFO[Container(450).ListItem.Property(Logo)]</texture>
				<visible>!IsEmpty(Container(450).ListItem.Property(Logo))</visible>
			</control>
			<control type="image">
				<posx>360r</posx>
				<posy>30</posy>
				<width>40</width>
				<height>40</height>
				<texture diffuse="poster-diffuse.png">$VAR[PartlyWatched,OverlayStatus/resumable/,.png]</texture>
			</control>
			<control type="image">
				<posx>360r</posx>
				<posy>30</posy>
				<width>40</width>
				<height>40</height>
				<texture diffuse="poster-diffuse.png">OverlayStatus/resumable/OverlayUnwatched.png</texture>
			</control>
			<control type="list" id="450">
				<posx>390r</posx>
				<posy>250</posy>
				<width>450</width>
				<height>400</height>
				<onup>450</onup>
				<onleft>Dialog.Close(2124)</onleft>
				<onright>60</onright>
				<ondown>450</ondown>
				<pagecontrol>60</pagecontrol>
				<scrolltime>200</scrolltime>
				<itemlayout height="40">
					<control type="image">
						<posx>0</posx>
						<posy>0</posy>
						<width>360</width>
						<height>40</height>
						<texture border="5">button-nofocus.png</texture>
					</control>
					<control type="label">
						<posx>10</posx>
						<posy>0</posy>
						<width>340</width>
						<height>40</height>
						<font>font12_title</font>
						<align>left</align>
						<aligny>center</aligny>
						<selectedcolor>selected</selectedcolor>
						<label>$INFO[ListItem.Label2]</label>
					</control>
				</itemlayout>
				<focusedlayout height="40">
					<control type="image">
						<posx>0</posx>
						<posy>0</posy>
						<width>370</width>
						<height>40</height>
						<visible>!Control.HasFocus(450)</visible>
						<texture border="3">button-nofocus.png</texture>
					</control>
					<control type="image">
						<posx>0</posx>
						<posy>0</posy>
						<width>360</width>
						<height>40</height>
						<visible>Control.HasFocus(450)</visible>
						<texture border="3">button-focus.png</texture>
					</control>
					<control type="label">
						<posx>10</posx>
						<posy>0</posy>
						<width>340</width>
						<height>40</height>
						<font>font12_title</font>
						<align>left</align>
						<aligny>center</aligny>
						<selectedcolor>selected</selectedcolor>
						<label>$INFO[ListItem.Label2]</label>
					</control>
				</focusedlayout>
				<include>SuggestedTVShowContent</include>
			</control>
			<control type="scrollbar" id="60">
				<posx>1256</posx>
				<posy>250</posy>
				<width>25</width>
				<height>400</height>
				<texturesliderbackground border="0,14,0,14">ScrollBarV.png</texturesliderbackground>
				<texturesliderbar border="0,14,0,14">ScrollBarV_bar.png</texturesliderbar>
				<texturesliderbarfocus border="0,14,0,14">ScrollBarV_bar_focus.png</texturesliderbarfocus>
				<textureslidernib>ScrollBarNib.png</textureslidernib>
				<textureslidernibfocus>ScrollBarNib.png</textureslidernibfocus>
				<onleft>450</onleft>
				<onright>61</onright>
				<showonepage>true</showonepage>
				<orientation>vertical</orientation>
				<visible>Control.IsVisible(450)</visible>
			</control>
			<control type="group">
				<control type="label">
					<posx>400r</posx>
					<posy>50r</posy>
					<width>65</width>
					<height>50</height>
					<align>center</align>
					<aligny>center</aligny>
					<label>$INFO[ListItem.SortLetter]</label>
					<textcolor>C0FFFFFF</textcolor>
					<font>font30_title</font>
					<animation type="Visible" reversible="false">
						<effect type="fade" start="0" end="100" time="300" tween="sine" easing="inout" />
					</animation>
					<animation type="Hidden" reversible="false">
						<effect type="fade" start="100" end="0" time="300" tween="sine" delay="2000" easing="inout" />
					</animation>
					<visible>Container(450).Scrolling</visible>
				</control>
				<control type="image">
					<posx>350r</posx>
					<posy>670</posy>
					<width>50</width>
					<height>50</height>
					<aspectratio align="center">keep</aspectratio>
					<texture>CommonCount/MusicPlaylistsCount.png</texture>
				</control>
				<control type="grouplist">
					<posx>300r</posx>
					<posy>50r</posy>
					<orientation>horizontal</orientation>
					<control type="label">
						<width min="50" max="350">auto</width>
						<height>120</height>
						<label>$LOCALIZE[31215]</label>
						<font>font13_title</font>
						<textcolor>C0FFFFFF</textcolor>
						<scroll>false</scroll>
						<align>left</align>
					</control>
				</control>
				<control type="grouplist">
					<posx>300r</posx>
					<posy>25r</posy>
					<orientation>horizontal</orientation>
					<control type="label">
						<width min="50" max="400">auto</width>
						<height>120</height>
						<label>[COLOR=blue]$INFO[Container(450).NumItems][/COLOR] $LOCALIZE[31025]</label>
						<font>font12</font>
						<textcolor>80FFFFFF</textcolor>
						<scroll>false</scroll>
						<align>left</align>
						<visible>!IntegerGreaterThan(Container(450).NumItems,1)</visible>
					</control>
					<control type="label">
						<width min="50" max="400">auto</width>
						<height>120</height>
						<label>[COLOR=blue]$INFO[Container(450).NumItems][/COLOR] $LOCALIZE[31025]</label>
						<font>font12</font>
						<textcolor>80FFFFFF</textcolor>
						<scroll>false</scroll>
						<align>left</align>
						<visible>IntegerGreaterThan(Container(450).NumItems,1)</visible>
					</control>
				</control>
			</control>
		</control>
	</controls>
</window>