<?xml version="1.0" encoding="utf-8"?>
<window>
	<defaultcontrol></defaultcontrol>
	<animation effect="slide" start="0,-70" end="0,0" time="200">WindowOpen</animation>
	<animation effect="slide" start="0,0" end="0,-70" delay="400" time="100">WindowClose</animation>
	<controls>
		<control type="group">
			<posx>910</posx>
			<posy>0</posy>
			<animation effect="slide" start="0,0" end="-40,0" time="200" condition="Window.IsVisible(Mutebug)">conditional</animation>
			<animation effect="slide" start="0,0" end="-170,0" time="200" condition="Window.IsVisible(busydialog)">conditional</animation>
			<animation effect="slide" start="0,0" end="-345,0" time="200" condition="Window.IsVisible(volumebar)">conditional</animation>
			<animation effect="slide" end="0,-80" time="200" condition="Window.IsVisible(FullscreenVideo) | Window.IsVisible(Visualisation)">conditional</animation>
			<control type="label" id="30">
				<description>Header Label</description>
				<posx>0</posx>
				<posy>4</posy>
				<width>360</width>
				<height>18</height>
				<font>font10_title</font>
				<textcolor>selected</textcolor>
				<align>left</align>
				<aligny>center</aligny>
			</control>
			<control type="label" id="31">
				<description>Title Label</description>
				<posx>0</posx>
				<posy>20</posy>
				<width>360</width>
				<height>20</height>
				<font>font10</font>
				<align>left</align>
				<aligny>center</aligny>
			</control>
			<control type="progress" id="32">
				<description>progress control</description>
				<posx>0</posx>
				<posy>42</posy>
				<width>360</width>
				<height>8</height>
			</control>
		</control>
	</controls>
</window>