<?xml version="1.0" encoding="utf-8"?>
<window>
	<defaultcontrol>1</defaultcontrol>
	<animation effect="slide" start="0,-45" end="0,0" time="100">WindowOpen</animation>
	<animation effect="slide" start="0,0" end="0,-45" delay="400" time="100">WindowClose</animation>
	<controls>
		<control type="group">
			<posx>340r</posx>
			<posy>5</posy>
			<control type="group">
				<visible>!player.passthrough</visible>
				<control type="image">
					<posx>10</posx>
					<posy>0</posy>
					<width>40</width>
					<height>35</height>
					<aspectratio>keep</aspectratio>
					<texture>VolumeIcon.png</texture>
				</control>
				<control type="progress" id="1">
					<posx>50</posx>
					<posy>8</posy>
					<width>230</width>
					<height>18</height>
					<info>Player.Volume</info>
				</control>
				<control type="label" id="1">
					<posx>10</posx>
					<posy>26</posy>
					<width>270</width>
					<height>20</height>
					<label>$LOCALIZE[13376] $INFO[Player.Volume]</label>
					<font>font10_title</font>
					<textcolor>white</textcolor>
					<shadowcolor>black</shadowcolor>
					<align>center</align>
					<aligny>center</aligny>
				</control>
			</control>
			<control type="group">
				<visible>player.passthrough</visible>
				<control type="image">
					<posx>240</posx>
					<posy>0</posy>
					<width>40</width>
					<height>35</height>
					<aspectratio>keep</aspectratio>
					<colordiffuse>CCFF0000</colordiffuse>
					<texture>VolumeIcon.png</texture>
				</control>
				<control type="label">
					<posx>235</posx>
					<posy>6</posy>
					<width>230</width>
					<height>20</height>
					<label>$LOCALIZE[29802]</label>
					<font>font10_title</font>
					<textcolor>white</textcolor>
					<shadowcolor>black</shadowcolor>
					<align>right</align>
					<aligny>center</aligny>
				</control>
			</control>
		</control>
	</controls>
</window>