<?xml version="1.0" encoding="utf-8"?>
<window>
	<defaultcontrol always="true">701</defaultcontrol>
	<include>DialogEffect</include>
	<coordinates>
		<system>1</system>
		<posx>0</posx>
		<posy>0</posy>
	</coordinates>
	<controls>
		<control type="group">
			<visible>IntegerGreaterThan(Player.time,3) + !StringCompare(VideoPlayer.Title,XBMC-Intro-Video.mkv)</visible>
			<control type="slider" id="87">
				<description>Seek Slider</description>
				<posx>430</posx>
				<posy>86r</posy>
				<width>720</width>
				<height>16</height>
				<onup>702</onup>
				<ondown>26</ondown>
				<action>seek</action>
				<texturesliderbar>seekslider2.png</texturesliderbar>
				<textureslidernib>OSD_slider_nibNF.png</textureslidernib>
				<textureslidernibfocus>OSD_slider_nib.png</textureslidernibfocus>
				<animation effect="fade" time="200">VisibleChange</animation>
				<visible>![Window.IsVisible(SliderDialog) | Window.IsVisible(OSDVideoSettings) | Window.IsVisible(OSDAudioSettings) | Window.IsVisible(VideoBookmarks) | VideoPlayer.Content(LiveTV)]</visible>
			</control>
			<control type="group" id="100">
				<posx>320</posx>
				<posy>55r</posy>
				<animation effect="fade" time="200">VisibleChange</animation>
				<visible>![Window.IsVisible(SliderDialog) | Window.IsVisible(OSDVideoSettings) | Window.IsVisible(OSDAudioSettings) | Window.IsVisible(VideoBookmarks)]</visible>
				<visible>!VideoPlayer.Content(LiveTV)</visible>
				<control type="button" id="600">
					<posx>0</posx>
					<posy>0</posy>
					<width>50</width>
					<height>50</height>
					<label>210</label>
					<font>-</font>
					<texturefocus>OSDHomeBtnFO.png</texturefocus>
					<texturenofocus>OSDHomeBtnNF.png</texturenofocus>
					<onleft>705</onleft>
					<onright>601</onright>
					<onup>600</onup>
					<ondown>600</ondown>
					<onclick>Dialog.Close(VideoOSD,true)</onclick>
					<onclick>FullScreen</onclick>
					<visible>!Window.IsActive(script.pseudotv.TVOverlay.xml)</visible>
					<animation effect="slide" start="0,0" end="100,0" time="0" condition="Skin.HasSetting(DisableFloorVolumeButtons)">conditional</animation>
				</control>
				<control type="button" id="601">
					<posx>50</posx>
					<posy>0</posy>
					<width>50</width>
					<height>50</height>
					<label>210</label>
					<font>-</font>
					<texturefocus>OSDVolUpFO.png</texturefocus>
					<texturenofocus>OSDVolUpNF.png</texturenofocus>
					<onleft>600</onleft>
					<onright>602</onright>
					<onup>600</onup>
					<ondown>600</ondown>
					<onclick>$VAR[VolumeStepUp]</onclick>
					<onclick>VolumeUp</onclick>
					<enable>!player.passthrough</enable>
					<visible>!Skin.HasSetting(DisableFloorVolumeButtons)</visible>
				</control>
				<control type="button" id="602">
					<posx>100</posx>
					<posy>0</posy>
					<width>50</width>
					<height>50</height>
					<label>210</label>
					<font>-</font>
					<texturefocus>OSDVolDownFO.png</texturefocus>
					<texturenofocus>OSDVolDownNF.png</texturenofocus>
					<onleft>601</onleft>
					<onright>603</onright>
					<onup>600</onup>
					<ondown>600</ondown>
					<onclick>$VAR[VolumeStepDown]</onclick>
					<onclick>VolumeDown</onclick>
					<enable>!player.passthrough</enable>
					<visible>!Skin.HasSetting(DisableFloorVolumeButtons)</visible>
				</control>
				<control type="button" id="603">
					<posx>150</posx>
					<posy>0</posy>
					<width>50</width>
					<height>50</height>
					<label>210</label>
					<font>-</font>
					<texturefocus>OSDPrevTrackFO.png</texturefocus>
					<texturenofocus>OSDPrevTrackNF.png</texturenofocus>
					<onleft>602</onleft>
					<onright>604</onright>
					<onup>600</onup>
					<ondown>600</ondown>
					<onclick>PlayerControl(Previous)</onclick>
				</control>
				<control type="button" id="604">
					<posx>200</posx>
					<posy>0</posy>
					<width>50</width>
					<height>50</height>
					<label>31354</label>
					<font>-</font>
					<texturefocus>OSDRewindFO.png</texturefocus>
					<texturenofocus>OSDRewindNF.png</texturenofocus>
					<onleft>603</onleft>
					<onright>605</onright>
					<onup>600</onup>
					<ondown>600</ondown>
					<onclick>PlayerControl(Rewind)</onclick>
				</control>
				<control type="togglebutton" id="605">
					<posx>250</posx>
					<posy>0</posy>
					<width>50</width>
					<height>50</height>
					<label>31351</label>
					<altlabel>208</altlabel>
					<font>-</font>
					<texturefocus>OSDPauseFO.png</texturefocus>
					<texturenofocus>OSDPauseNF.png</texturenofocus>
					<usealttexture>Player.Paused | Player.Forwarding | Player.Rewinding</usealttexture>
					<alttexturefocus>OSDPlayFO.png</alttexturefocus>
					<alttexturenofocus>OSDPlayNF.png</alttexturenofocus>
					<onleft>604</onleft>
					<onright>606</onright>
					<onup>600</onup>
					<ondown>600</ondown>
					<onclick>PlayerControl(Play)</onclick>
				</control>
				<control type="button" id="606">
					<posx>300</posx>
					<posy>0</posy>
					<width>50</width>
					<height>50</height>
					<label>31352</label>
					<font>-</font>
					<texturefocus>OSDStopFO.png</texturefocus>
					<texturenofocus>OSDStopNF.png</texturenofocus>
					<onleft>605</onleft>
					<onright>607</onright>
					<onup>600</onup>
					<ondown>600</ondown>
					<onclick>PlayerControl(Stop)</onclick>
				</control>
				<control type="button" id="607">
					<posx>350</posx>
					<posy>0</posy>
					<width>50</width>
					<height>50</height>
					<label>31353</label>
					<font>-</font>
					<texturefocus>OSDForwardFO.png</texturefocus>
					<texturenofocus>OSDForwardNF.png</texturenofocus>
					<onleft>606</onleft>
					<onright>608</onright>
					<onup>600</onup>
					<ondown>600</ondown>
					<onclick>PlayerControl(Forward)</onclick>
				</control>
				<control type="button" id="608">
					<posx>400</posx>
					<posy>0</posy>
					<width>50</width>
					<height>50</height>
					<label>209</label>
					<font>-</font>
					<texturefocus>OSDNextTrackFO.png</texturefocus>
					<texturenofocus>OSDNextTrackNF.png</texturenofocus>
					<onleft>607</onleft>
					<onright>701</onright>
					<onup>600</onup>
					<ondown>600</ondown>
					<onclick>PlayerControl(Next)</onclick>
				</control>
			</control>
			<!-- !LiveTV -->
			<control type="group">
				<posx>510r</posx>
				<posy>55r</posy>
				<animation effect="fade" time="200">VisibleChange</animation>
				<visible>![Window.IsVisible(SliderDialog) | Window.IsVisible(OSDVideoSettings) | Window.IsVisible(OSDAudioSettings) | Window.IsVisible(VideoBookmarks)]</visible>
				<visible>!VideoPlayer.Content(LiveTV)</visible>
				<control type="togglebutton" id="701">
					<posx>0</posx>
					<posy>0</posy>
					<width>50</width>
					<height>50</height>
					<label>31356</label>
					<font>-</font>
					<texturefocus>OSDSubtitlesFO.png</texturefocus>
					<texturenofocus>OSDSubtitlesNF.png</texturenofocus>
					<alttexturefocus>OSDSubtitlesFO.png</alttexturefocus>
					<alttexturenofocus>OSDSubtitlesNF.png</alttexturenofocus>
					<onleft>608</onleft>
					<onright>702</onright>
					<onup>600</onup>
					<ondown>600</ondown>
					<onclick>Close</onclick>
					<onclick>XBMC.RunScript($INFO[Skin.String(SubtitleScript.Path)])</onclick>
					<altclick>Skin.SetAddon(SubtitleScript.Path,xbmc.python.subtitles)</altclick>
					<altclick>Close</altclick>
					<altclick>XBMC.RunScript($INFO[Skin.String(SubtitleScript.Path)])</altclick>
					<usealttexture>IsEmpty(Skin.String(SubtitleScript.Path))</usealttexture>
				</control>
				<control type="button" id="702">
					<posx>50</posx>
					<posy>0</posy>
					<width>50</width>
					<height>50</height>
					<label>13395</label>
					<font>-</font>
					<texturefocus>OSDVideoFO.png</texturefocus>
					<texturenofocus>OSDVideoNF.png</texturenofocus>
					<onleft>701</onleft>
					<onright>703</onright>
					<onup>600</onup>
					<ondown>600</ondown>
					<onclick>ActivateWindow(OSDVideoSettings)</onclick>
				</control>
				<control type="button" id="703">
					<posx>100</posx>
					<posy>0</posy>
					<width>50</width>
					<height>50</height>
					<label>13396</label>
					<font>-</font>
					<texturefocus>OSDAudioFO.png</texturefocus>
					<texturenofocus>OSDAudioNF.png</texturenofocus>
					<onleft>702</onleft>
					<onright>704</onright>
					<onup>600</onup>
					<ondown>600</ondown>
					<onclick>ActivateWindow(OSDAudioSettings)</onclick>
				</control>
				<control type="button" id="704">
					<posx>150</posx>
					<posy>0</posy>
					<width>50</width>
					<height>50</height>
					<label>31355</label>
					<font>-</font>
					<texturefocus>OSDBookmarksFO.png</texturefocus>
					<texturenofocus>OSDBookmarksNF.png</texturenofocus>
					<onleft>703</onleft>
					<onright>705</onright>
					<onup>600</onup>
					<ondown>600</ondown>
					<onclick>ActivateWindow(VideoBookmarks)</onclick>
				</control>
				<control type="button" id="705">
					<posx>200</posx>
					<posy>0</posy>
					<width>50</width>
					<height>50</height>
					<label>31355</label>
					<font>-</font>
					<texturefocus>OSDDvdFO.png</texturefocus>
					<texturenofocus>OSDDvdNF.png</texturenofocus>
					<onleft>704</onleft>
					<onright>600</onright>
					<onup>600</onup>
					<ondown>600</ondown>
					<onclick>PlayerControl(ShowVideoMenu)</onclick>
					<enable>VideoPlayer.HasMenu</enable>
					<animation effect="fade" start="100" end="50" time="100" condition="!VideoPlayer.HasMenu">Conditional</animation>
				</control>
			</control>
			<!-- LiveTV -->
			<control type="group" id="100">
				<posx>320</posx>
				<posy>55r</posy>
				<defaultcontrol always="true">605</defaultcontrol>
				<animation effect="fade" time="200">VisibleChange</animation>
				<visible>![Window.IsVisible(SliderDialog) | Window.IsVisible(OSDVideoSettings) | Window.IsVisible(OSDAudioSettings) | Window.IsVisible(VideoBookmarks) | Window.IsVisible(PVROSDChannels) | Window.IsVisible(PVROSDGuide)]</visible>
				<visible>VideoPlayer.Content(LiveTV)</visible>
				<control type="button" id="600">
					<posx>0</posx>
					<posy>0</posy>
					<width>50</width>
					<height>50</height>
					<label>210</label>
					<font>-</font>
					<texturefocus>OSDChannelUPFO.png</texturefocus>
					<texturenofocus>OSDChannelUPNF.png</texturenofocus>
					<onleft>704</onleft>
					<onright>601</onright>
					<onup>1000</onup>
					<ondown>1000</ondown>
					<onclick>PlayerControl(Previous)</onclick>
					<animation effect="slide" start="0,0" end="100,0" time="0" condition="Skin.HasSetting(DisableFloorVolumeButtons)">conditional</animation>
				</control>
				<control type="button" id="601">
					<posx>50</posx>
					<posy>0</posy>
					<width>50</width>
					<height>50</height>
					<label>31354</label>
					<font>-</font>
					<texturefocus>OSDChannelDownFO.png</texturefocus>
					<texturenofocus>OSDChannelDownNF.png</texturenofocus>
					<onleft>600</onleft>
					<onright>602</onright>
					<onup>1000</onup>
					<ondown>1000</ondown>
					<onclick>PlayerControl(Next)</onclick>
					<animation effect="slide" start="0,0" end="100,0" time="0" condition="Skin.HasSetting(DisableFloorVolumeButtons)">conditional</animation>
				</control>
				<control type="button" id="602">
					<posx>100</posx>
					<posy>0</posy>
					<width>50</width>
					<height>50</height>
					<label>210</label>
					<font>-</font>
					<texturefocus>OSDVolUpFO.png</texturefocus>
					<texturenofocus>OSDVolUpNF.png</texturenofocus>
					<onleft>601</onleft>
					<onright>603</onright>
					<onup>1000</onup>
					<ondown>1000</ondown>
					<onclick>$VAR[VolumeStepUp]</onclick>
					<onclick>VolumeUp</onclick>
					<enable>!player.passthrough</enable>
					<visible>!Skin.HasSetting(DisableFloorVolumeButtons)</visible>
				</control>
				<control type="button" id="603">
					<posx>150</posx>
					<posy>0</posy>
					<width>50</width>
					<height>50</height>
					<label>210</label>
					<font>-</font>
					<texturefocus>OSDVolDownFO.png</texturefocus>
					<texturenofocus>OSDVolDownNF.png</texturenofocus>
					<onleft>602</onleft>
					<onright>605</onright>
					<onup>1000</onup>
					<ondown>1000</ondown>
					<onclick>$VAR[VolumeStepDown]</onclick>
					<onclick>VolumeDown</onclick>
					<enable>!player.passthrough</enable>
					<visible>!Skin.HasSetting(DisableFloorVolumeButtons)</visible>
				</control>
				<control type="togglebutton" id="604">
					<posx>200</posx>
					<posy>0</posy>
					<width>50</width>
					<height>50</height>
					<label>31351</label>
					<altlabel>208</altlabel>
					<font>-</font>
					<texturefocus>OSDPauseFO.png</texturefocus>
					<texturenofocus>OSDPauseNF.png</texturenofocus>
					<usealttexture>Player.Paused | Player.Forwarding | Player.Rewinding</usealttexture>
					<alttexturefocus>OSDPlayFO.png</alttexturefocus>
					<alttexturenofocus>OSDPlayNF.png</alttexturenofocus>
					<onleft>603</onleft>
					<onright>605</onright>
					<onup>1000</onup>
					<ondown>1000</ondown>
					<onclick>PlayerControl(Play)</onclick>
					<visible>False</visible>
				</control>
				<control type="button" id="605">
					<posx>200</posx>
					<posy>0</posy>
					<width>50</width>
					<height>50</height>
					<label>31351</label>
					<altlabel>208</altlabel>
					<font>-</font>
					<texturefocus>OSDStopFO.png</texturefocus>
					<texturenofocus>OSDStopNF.png</texturenofocus>
					<onleft>603</onleft>
					<onright>606</onright>
					<onup>1000</onup>
					<ondown>1000</ondown>
					<onclick>PlayerControl(Stop)</onclick>
				</control>
				<control type="button" id="606">
					<posx>250</posx>
					<posy>0</posy>
					<width>50</width>
					<height>50</height>
					<label>19019</label>
					<font>-</font>
					<texturefocus>OSDChannelListFO.png</texturefocus>
					<texturenofocus>OSDChannelListNF.png</texturenofocus>
					<onleft>605</onleft>
					<onright>607</onright>
					<onup>1000</onup>
					<ondown>1000</ondown>
					<onclick>ActivateWindow(PVROSDChannels)</onclick>
					<onclick>Dialog.Close(VideoOSD)</onclick>
				</control>
				<control type="button" id="607">
					<posx>300</posx>
					<posy>0</posy>
					<width>50</width>
					<height>50</height>
					<label>$LOCALIZE[19029]$INFO[VideoPlayer.ChannelName, - ]</label>
					<font>-</font>
					<texturefocus>OSDepgFO.png</texturefocus>
					<texturenofocus>OSDepgNF.png</texturenofocus>
					<onleft>606</onleft>
					<onright>701</onright>
					<onup>1000</onup>
					<ondown>1000</ondown>
					<onclick>ActivateWindow(PVROSDGuide)</onclick>
					<onclick>Dialog.Close(VideoOSD)</onclick>
				</control>
			</control>
			<!-- LiveTV -->
			<control type="group">
				<posx>560r</posx>
				<posy>55r</posy>
				<animation effect="fade" time="200">VisibleChange</animation>
				<visible>![Window.IsVisible(SliderDialog) | Window.IsVisible(OSDVideoSettings) | Window.IsVisible(OSDAudioSettings) | Window.IsVisible(VideoBookmarks) | Window.IsVisible(PVROSDChannels) | Window.IsVisible(PVROSDGuide)]</visible>
				<visible>VideoPlayer.Content(LiveTV)</visible>
				<control type="button" id="701">
					<posx>0</posx>
					<posy>0</posy>
					<width>50</width>
					<height>50</height>
					<label>31356</label>
					<font>-</font>
					<texturefocus>OSDTeleTextFO.png</texturefocus>
					<texturenofocus>OSDTeleTextNF.png</texturenofocus>
					<onleft>607</onleft>
					<onright>702</onright>
					<onup>1000</onup>
					<ondown>1000</ondown>
					<onclick>ActivateWindow(Teletext)</onclick>
				</control>
				<control type="button" id="702">
					<posx>50</posx>
					<posy>0</posy>
					<width>50</width>
					<height>50</height>
					<label>13395</label>
					<font>-</font>
					<texturefocus>OSDVideoFO.png</texturefocus>
					<texturenofocus>OSDVideoNF.png</texturenofocus>
					<onleft>701</onleft>
					<onright>703</onright>
					<onup>1000</onup>
					<ondown>1000</ondown>
					<onclick>ActivateWindow(OSDVideoSettings)</onclick>
				</control>
				<control type="button" id="703">
					<posx>100</posx>
					<posy>0</posy>
					<width>50</width>
					<height>50</height>
					<label>13396</label>
					<font>-</font>
					<texturefocus>OSDAudioFO.png</texturefocus>
					<texturenofocus>OSDAudioNF.png</texturenofocus>
					<onleft>702</onleft>
					<onright>704</onright>
					<onup>1000</onup>
					<ondown>1000</ondown>
					<onclick>ActivateWindow(OSDAudioSettings)</onclick>
				</control>
				<control type="togglebutton" id="704">
					<posx>150</posx>
					<posy>0</posy>
					<width>50</width>
					<height>50</height>
					<label>31351</label>
					<altlabel>208</altlabel>
					<font>-</font>
					<texturefocus>OSDRecordOffFO.png</texturefocus>
					<texturenofocus>OSDRecordOffNF.png</texturenofocus>
					<usealttexture>Player.Recording</usealttexture>
					<alttexturefocus>OSDRecordOnFO.png</alttexturefocus>
					<alttexturenofocus>OSDRecordOnNF.png</alttexturenofocus>
					<onleft>703</onleft>
					<onright>600</onright>
					<onup>1000</onup>
					<ondown>1000</ondown>
					<onclick>PlayerControl(Record)</onclick>
					<enable>Player.CanRecord</enable>
					<animation effect="fade" start="100" end="50" time="100" condition="!Player.CanRecord">Conditional</animation>
				</control>
			</control>
		</control>
	</controls>
</window>