<?xml version="1.0" encoding="utf-8"?>
<window type="dialog" id="2130">
	<defaultcontrol always="true">450</defaultcontrol>
	<coordinates>
		<system>1</system>
		<left>0</left>
		<top>0</top>
	</coordinates>
	<controls>
		<control type="group">
			<animation effect="slide" start="400,0" end="0,0" time="400" tween="quadratic" easing="out">WindowOpen</animation>
			<animation effect="slide" start="0,0" end="400,0" time="400" tween="quadratic" easing="out">WindowClose</animation>
			<control type="image">
				<left>400r</left>
				<top>0</top>
				<width>400</width>
				<height>720</height>
				<texture border="15,0,0,0" flipx="true">MediaBladeSub.png</texture>
			</control>
			<control type="button">
				<description>Close Window button</description>
				<left>380r</left>
				<top>0</top>
				<width>64</width>
				<height>32</height>
				<onclick>PreviousMenu</onclick>
				<texturefocus>DialogCloseButton-focus.png</texturefocus>
				<texturenofocus>DialogCloseButton.png</texturenofocus>
				<onleft>450</onleft>
				<onright>450</onright>
				<onup>450</onup>
				<ondown>450</ondown>
				<visible>system.getbool(input.enablemouse)</visible>
			</control>
			<control type="label">
				<left>380r</left>
				<top>35</top>
				<width>360</width>
				<height>40</height>
				<font>font13_title</font>
				<align>center</align>
				<aligny>center</aligny>
				<textcolor>$VAR[MainColorOne]</textcolor>
				<shadowcolor>black</shadowcolor>
				<label>$LOCALIZE[31326]</label>
			</control>
			<control type="list" id="450">
				<left>390r</left>
				<top>130</top>
				<width>440</width>
				<height>480</height>
				<onup>450</onup>
				<onleft>Dialog.Close(2130)</onleft>
				<onright>60</onright>
				<ondown>450</ondown>
				<pagecontrol>60</pagecontrol>
				<scrolltime>200</scrolltime>
				<itemlayout height="40">
					<control type="image">
						<left>0</left>
						<top>0</top>
						<width>360</width>
						<height>40</height>
						<texture border="5">button-nofocus.png</texture>
					</control>
					<control type="label">
						<left>10</left>
						<top>0</top>
						<width>340</width>
						<height>40</height>
						<font>font12_title</font>
						<align>left</align>
						<aligny>center</aligny>
						<selectedcolor>selected</selectedcolor>
						<info>ListItem.Label</info>
					</control>
				</itemlayout>
				<focusedlayout height="40">
					<control type="image">
						<left>0</left>
						<top>0</top>
						<width>360</width>
						<height>40</height>
						<visible>!Control.HasFocus(450)</visible>
						<texture border="3">button-nofocus.png</texture>
					</control>
					<control type="image">
						<left>0</left>
						<top>0</top>
						<width>360</width>
						<height>40</height>
						<visible>Control.HasFocus(450)</visible>
						<texture border="3">button-focus.png</texture>
					</control>
					<control type="label">
						<left>10</left>
						<top>0</top>
						<width>340</width>
						<height>40</height>
						<font>font12_title</font>
						<align>left</align>
						<aligny>center</aligny>
						<selectedcolor>selected</selectedcolor>
						<info>ListItem.Label</info>
					</control>
				</focusedlayout>
				<content>
					<item>
						<description>Clear Setting</description>
						<label>[COLOR=blue]$LOCALIZE[31390][/COLOR]</label>
						<onclick>Skin.Reset(UsrColorOne)</onclick>
						<onclick>Dialog.Close(2130)</onclick>
					</item>
					<item>
						<label>[COLOR=aliceblue]aliceblue[/COLOR]</label>
						<onclick>Skin.SetString(UsrColorOne,aliceblue)</onclick>
						<onclick>Dialog.Close(2130)</onclick>
					</item>
					<item>
						<label>[COLOR=antiquewhite]antiquewhite[/COLOR]</label>
						<onclick>Skin.SetString(UsrColorOne,antiquewhite)</onclick>
						<onclick>Dialog.Close(2130)</onclick>
					</item>
					<item>
						<label>[COLOR=aqua]aqua[/COLOR]</label>
						<onclick>Skin.SetString(UsrColorOne,aqua)</onclick>
						<onclick>Dialog.Close(2130)</onclick>
					</item>
					<item>
						<label>[COLOR=aquamarine]aquamarine[/COLOR]</label>
						<onclick>Skin.SetString(UsrColorOne,aquamarine)</onclick>
						<onclick>Dialog.Close(2130)</onclick>
					</item>
					<item>
						<label>[COLOR=azure]azure[/COLOR]</label>
						<onclick>Skin.SetString(UsrColorOne,azure)</onclick>
						<onclick>Dialog.Close(2130)</onclick>
					</item>
					<item>
						<label>[COLOR=beige]beige[/COLOR]</label>
						<onclick>Skin.SetString(UsrColorOne,beige)</onclick>
						<onclick>Dialog.Close(2130)</onclick>
					</item>
					<item>
						<label>[COLOR=bisque]bisque[/COLOR]</label>
						<onclick>Skin.SetString(UsrColorOne,bisque)</onclick>
						<onclick>Dialog.Close(2130)</onclick>
					</item>
					<item>
						<label>[COLOR=blanchedalmond]blanchedalmond[/COLOR]</label>
						<onclick>Skin.SetString(UsrColorOne,blanchedalmond)</onclick>
						<onclick>Dialog.Close(2130)</onclick>
					</item>
					<item>
						<label>[COLOR=blue]blue[/COLOR]</label>
						<onclick>Skin.SetString(UsrColorOne,blue)</onclick>
						<onclick>Dialog.Close(2130)</onclick>
					</item>
					<item>
						<label>[COLOR=blueviolet]blueviolet[/COLOR]</label>
						<onclick>Skin.SetString(UsrColorOne,blueviolet)</onclick>
						<onclick>Dialog.Close(2130)</onclick>
					</item>
					<item>
						<label>[COLOR=brown]brown[/COLOR]</label>
						<onclick>Skin.SetString(UsrColorOne,brown)</onclick>
						<onclick>Dialog.Close(2130)</onclick>
					</item>
					<item>
						<label>[COLOR=burlywood]burlywood[/COLOR]</label>
						<onclick>Skin.SetString(UsrColorOne,burlywood)</onclick>
						<onclick>Dialog.Close(2130)</onclick>
					</item>
					<item>
						<label>[COLOR=cadetblue]cadetblue[/COLOR]</label>
						<onclick>Skin.SetString(UsrColorOne,cadetblue)</onclick>
						<onclick>Dialog.Close(2130)</onclick>
					</item>
					<item>
						<label>[COLOR=chartreuse]chartreuse[/COLOR]</label>
						<onclick>Skin.SetString(UsrColorOne,chartreuse)</onclick>
						<onclick>Dialog.Close(2130)</onclick>
					</item>
					<item>
						<label>[COLOR=chocolate]chocolate[/COLOR]</label>
						<onclick>Skin.SetString(UsrColorOne,chocolate)</onclick>
						<onclick>Dialog.Close(2130)</onclick>
					</item>
					<item>
						<label>[COLOR=coral]coral[/COLOR]</label>
						<onclick>Skin.SetString(UsrColorOne,coral)</onclick>
						<onclick>Dialog.Close(2130)</onclick>
					</item>
					<item>
						<label>[COLOR=cornflowerblue]cornflowerblue[/COLOR]</label>
						<onclick>Skin.SetString(UsrColorOne,cornflowerblue)</onclick>
						<onclick>Dialog.Close(2130)</onclick>
					</item>
					<item>
						<label>[COLOR=cornsilk]cornsilk[/COLOR]</label>
						<onclick>Skin.SetString(UsrColorOne,cornsilk)</onclick>
						<onclick>Dialog.Close(2130)</onclick>
					</item>
					<item>
						<label>[COLOR=crimson]crimson[/COLOR]</label>
						<onclick>Skin.SetString(UsrColorOne,crimson)</onclick>
						<onclick>Dialog.Close(2130)</onclick>
					</item>
					<item>
						<label>[COLOR=cyan]cyan[/COLOR]</label>
						<onclick>Skin.SetString(UsrColorOne,cyan)</onclick>
						<onclick>Dialog.Close(2130)</onclick>
					</item>
					<item>
						<label>[COLOR=darkblue]darkblue[/COLOR]</label>
						<onclick>Skin.SetString(UsrColorOne,darkblue)</onclick>
						<onclick>Dialog.Close(2130)</onclick>
					</item>
					<item>
						<label>[COLOR=darkcyan]darkcyan[/COLOR]</label>
						<onclick>Skin.SetString(UsrColorOne,darkcyan)</onclick>
						<onclick>Dialog.Close(2130)</onclick>
					</item>
					<item>
						<label>[COLOR=darkgoldenrod]darkgoldenrod[/COLOR]</label>
						<onclick>Skin.SetString(UsrColorOne,darkgoldenrod)</onclick>
						<onclick>Dialog.Close(2130)</onclick>
					</item>
					<item>
						<label>[COLOR=darkgreen]darkgreen[/COLOR]</label>
						<onclick>Skin.SetString(UsrColorOne,darkgreen)</onclick>
						<onclick>Dialog.Close(2130)</onclick>
					</item>
					<item>
						<label>[COLOR=darkgrey]darkgrey[/COLOR]</label>
						<onclick>Skin.SetString(UsrColorOne,darkgrey)</onclick>
						<onclick>Dialog.Close(2130)</onclick>
					</item>
					<item>
						<label>[COLOR=darkkhaki]darkkhaki[/COLOR]</label>
						<onclick>Skin.SetString(UsrColorOne,darkkhaki)</onclick>
						<onclick>Dialog.Close(2130)</onclick>
					</item>
					<item>
						<label>[COLOR=darkmagenta]darkmagenta[/COLOR]</label>
						<onclick>Skin.SetString(UsrColorOne,darkmagenta)</onclick>
						<onclick>Dialog.Close(2130)</onclick>
					</item>
					<item>
						<label>[COLOR=darkolivegreen]darkolivegreen[/COLOR]</label>
						<onclick>Skin.SetString(UsrColorOne,darkolivegreen)</onclick>
						<onclick>Dialog.Close(2130)</onclick>
					</item>
					<item>
						<label>[COLOR=darkorange]darkorange[/COLOR]</label>
						<onclick>Skin.SetString(UsrColorOne,darkorange)</onclick>
						<onclick>Dialog.Close(2130)</onclick>
					</item>
					<item>
						<label>[COLOR=darkorchid]darkorchid[/COLOR]</label>
						<onclick>Skin.SetString(UsrColorOne,darkorchid)</onclick>
						<onclick>Dialog.Close(2130)</onclick>
					</item>
					<item>
						<label>[COLOR=darkred]darkred[/COLOR]</label>
						<onclick>Skin.SetString(UsrColorOne,darkred)</onclick>
						<onclick>Dialog.Close(2130)</onclick>
					</item>
					<item>
						<label>[COLOR=darksalmon]darksalmon[/COLOR]</label>
						<onclick>Skin.SetString(UsrColorOne,darksalmon)</onclick>
						<onclick>Dialog.Close(2130)</onclick>
					</item>
					<item>
						<label>[COLOR=darkseagreen]darkseagreen[/COLOR]</label>
						<onclick>Skin.SetString(UsrColorOne,darkseagreen)</onclick>
						<onclick>Dialog.Close(2130)</onclick>
					</item>
					<item>
						<label>[COLOR=darkslateblue]darkslateblue[/COLOR]</label>
						<onclick>Skin.SetString(UsrColorOne,darkslateblue)</onclick>
						<onclick>Dialog.Close(2130)</onclick>
					</item>
					<item>
						<label>[COLOR=darkslategrey]darkslategrey[/COLOR]</label>
						<onclick>Skin.SetString(UsrColorOne,darkslategrey)</onclick>
						<onclick>Dialog.Close(2130)</onclick>
					</item>
					<item>
						<label>[COLOR=darkturquoise]darkturquoise[/COLOR]</label>
						<onclick>Skin.SetString(UsrColorOne,darkturquoise)</onclick>
						<onclick>Dialog.Close(2130)</onclick>
					</item>
					<item>
						<label>[COLOR=darkviolet]darkviolet[/COLOR]</label>
						<onclick>Skin.SetString(UsrColorOne,darkviolet)</onclick>
						<onclick>Dialog.Close(2130)</onclick>
					</item>
					<item>
						<label>[COLOR=deeppink]deeppink[/COLOR]</label>
						<onclick>Skin.SetString(UsrColorOne,deeppink)</onclick>
						<onclick>Dialog.Close(2130)</onclick>
					</item>
					<item>
						<label>[COLOR=deepskyblue]deepskyblue[/COLOR]</label>
						<onclick>Skin.SetString(UsrColorOne,deepskyblue)</onclick>
						<onclick>Dialog.Close(2130)</onclick>
					</item>
					<item>
						<label>[COLOR=dimgrey]dimgrey[/COLOR]</label>
						<onclick>Skin.SetString(UsrColorOne,dimgrey)</onclick>
						<onclick>Dialog.Close(2130)</onclick>
					</item>
					<item>
						<label>[COLOR=dodgerblue]dodgerblue[/COLOR]</label>
						<onclick>Skin.SetString(UsrColorOne,dodgerblue)</onclick>
						<onclick>Dialog.Close(2130)</onclick>
					</item>
					<item>
						<label>[COLOR=firebrick]firebrick[/COLOR]</label>
						<onclick>Skin.SetString(UsrColorOne,firebrick)</onclick>
						<onclick>Dialog.Close(2130)</onclick>
					</item>
					<item>
						<label>[COLOR=floralwhite]floralwhite[/COLOR]</label>
						<onclick>Skin.SetString(UsrColorOne,floralwhite)</onclick>
						<onclick>Dialog.Close(2130)</onclick>
					</item>
					<item>
						<label>[COLOR=forestgreen]forestgreen[/COLOR]</label>
						<onclick>Skin.SetString(UsrColorOne,forestgreen)</onclick>
						<onclick>Dialog.Close(2130)</onclick>
					</item>
					<item>
						<label>[COLOR=fuchsia]fuchsia[/COLOR]</label>
						<onclick>Skin.SetString(UsrColorOne,fuchsia)</onclick>
						<onclick>Dialog.Close(2130)</onclick>
					</item>
					<item>
						<label>[COLOR=gainsboro]gainsboro[/COLOR]</label>
						<onclick>Skin.SetString(UsrColorOne,gainsboro)</onclick>
						<onclick>Dialog.Close(2130)</onclick>
					</item>
					<item>
						<label>[COLOR=ghostwhite]ghostwhite[/COLOR]</label>
						<onclick>Skin.SetString(UsrColorOne,ghostwhite)</onclick>
						<onclick>Dialog.Close(2130)</onclick>
					</item>
					<item>
						<label>[COLOR=gold]gold[/COLOR]</label>
						<onclick>Skin.SetString(UsrColorOne,gold)</onclick>
						<onclick>Dialog.Close(2130)</onclick>
					</item>
					<item>
						<label>[COLOR=goldenrod]goldenrod[/COLOR]</label>
						<onclick>Skin.SetString(UsrColorOne,goldenrod)</onclick>
						<onclick>Dialog.Close(2130)</onclick>
					</item>
					<item>
						<label>[COLOR=green]green[/COLOR]</label>
						<onclick>Skin.SetString(UsrColorOne,green)</onclick>
						<onclick>Dialog.Close(2130)</onclick>
					</item>
					<item>
						<label>[COLOR=greenyellow]greenyellow[/COLOR]</label>
						<onclick>Skin.SetString(UsrColorOne,greenyellow)</onclick>
						<onclick>Dialog.Close(2130)</onclick>
					</item>
					<item>
						<label>[COLOR=grey]grey[/COLOR]</label>
						<onclick>Skin.SetString(UsrColorOne,grey)</onclick>
						<onclick>Dialog.Close(2130)</onclick>
					</item>
					<item>
						<label>[COLOR=honeydew]honeydew[/COLOR]</label>
						<onclick>Skin.SetString(UsrColorOne,honeydew)</onclick>
						<onclick>Dialog.Close(2130)</onclick>
					</item>
					<item>
						<label>[COLOR=hotpink]hotpink[/COLOR]</label>
						<onclick>Skin.SetString(UsrColorOne,hotpink)</onclick>
						<onclick>Dialog.Close(2130)</onclick>
					</item>
					<item>
						<label>[COLOR=indianred]indianred[/COLOR]</label>
						<onclick>Skin.SetString(UsrColorOne,indianred)</onclick>
						<onclick>Dialog.Close(2130)</onclick>
					</item>
					<item>
						<label>[COLOR=indigo]indigo[/COLOR]</label>
						<onclick>Skin.SetString(UsrColorOne,indigo)</onclick>
						<onclick>Dialog.Close(2130)</onclick>
					</item>
					<item>
						<label>[COLOR=ivory]ivory[/COLOR]</label>
						<onclick>Skin.SetString(UsrColorOne,ivory)</onclick>
						<onclick>Dialog.Close(2130)</onclick>
					</item>
					<item>
						<label>[COLOR=khaki]khaki[/COLOR]</label>
						<onclick>Skin.SetString(UsrColorOne,khaki)</onclick>
						<onclick>Dialog.Close(2130)</onclick>
					</item>
					<item>
						<label>[COLOR=lavender]lavender[/COLOR]</label>
						<onclick>Skin.SetString(UsrColorOne,lavender)</onclick>
						<onclick>Dialog.Close(2130)</onclick>
					</item>
					<item>
						<label>[COLOR=lavenderblush]lavenderblush[/COLOR]</label>
						<onclick>Skin.SetString(UsrColorOne,lavenderblush)</onclick>
						<onclick>Dialog.Close(2130)</onclick>
					</item>
					<item>
						<label>[COLOR=lawngreen]lawngreen[/COLOR]</label>
						<onclick>Skin.SetString(UsrColorOne,lawngreen)</onclick>
						<onclick>Dialog.Close(2130)</onclick>
					</item>
					<item>
						<label>[COLOR=lemonchiffon]lemonchiffon[/COLOR]</label>
						<onclick>Skin.SetString(UsrColorOne,lemonchiffon)</onclick>
						<onclick>Dialog.Close(2130)</onclick>
					</item>
					<item>
						<label>[COLOR=lightblue]lightblue[/COLOR]</label>
						<onclick>Skin.SetString(UsrColorOne,lightblue)</onclick>
						<onclick>Dialog.Close(2130)</onclick>
					</item>
					<item>
						<label>[COLOR=lightcoral]lightcoral[/COLOR]</label>
						<onclick>Skin.SetString(UsrColorOne,lightcoral)</onclick>
						<onclick>Dialog.Close(2130)</onclick>
					</item>
					<item>
						<label>[COLOR=lightcyan]lightcyan[/COLOR]</label>
						<onclick>Skin.SetString(UsrColorOne,lightcyan)</onclick>
						<onclick>Dialog.Close(2130)</onclick>
					</item>
					<item>
						<label>[COLOR=lightgoldenrodyellow]lightgoldenrodyellow[/COLOR]</label>
						<onclick>Skin.SetString(UsrColorOne,lightgoldenrodyellow)</onclick>
						<onclick>Dialog.Close(2130)</onclick>
					</item>
					<item>
						<label>[COLOR=lightgreen]lightgreen[/COLOR]</label>
						<onclick>Skin.SetString(UsrColorOne,lightgreen)</onclick>
						<onclick>Dialog.Close(2130)</onclick>
					</item>
					<item>
						<label>[COLOR=lightgrey]lightgrey[/COLOR]</label>
						<onclick>Skin.SetString(UsrColorOne,lightgrey)</onclick>
						<onclick>Dialog.Close(2130)</onclick>
					</item>
					<item>
						<label>[COLOR=lightpink]lightpink[/COLOR]</label>
						<onclick>Skin.SetString(UsrColorOne,lightpink)</onclick>
						<onclick>Dialog.Close(2130)</onclick>
					</item>
					<item>
						<label>[COLOR=lightsalmon]lightsalmon[/COLOR]</label>
						<onclick>Skin.SetString(UsrColorOne,lightsalmon)</onclick>
						<onclick>Dialog.Close(2130)</onclick>
					</item>
					<item>
						<label>[COLOR=lightseagreen]lightseagreen[/COLOR]</label>
						<onclick>Skin.SetString(UsrColorOne,lightseagreen)</onclick>
						<onclick>Dialog.Close(2130)</onclick>
					</item>
					<item>
						<label>[COLOR=lightskyblue]lightskyblue[/COLOR]</label>
						<onclick>Skin.SetString(UsrColorOne,lightskyblue)</onclick>
						<onclick>Dialog.Close(2130)</onclick>
					</item>
					<item>
						<label>[COLOR=lightslategray]lightslategray[/COLOR]</label>
						<onclick>Skin.SetString(UsrColorOne,lightslategray)</onclick>
						<onclick>Dialog.Close(2130)</onclick>
					</item>
					<item>
						<label>[COLOR=lightslategrey]lightslategrey[/COLOR]</label>
						<onclick>Skin.SetString(UsrColorOne,lightslategrey)</onclick>
						<onclick>Dialog.Close(2130)</onclick>
					</item>
					<item>
						<label>[COLOR=lightsteelblue]lightsteelblue[/COLOR]</label>
						<onclick>Skin.SetString(UsrColorOne,lightsteelblue)</onclick>
						<onclick>Dialog.Close(2130)</onclick>
					</item>
					<item>
						<label>[COLOR=lightyellow]lightyellow[/COLOR]</label>
						<onclick>Skin.SetString(UsrColorOne,lightyellow)</onclick>
						<onclick>Dialog.Close(2130)</onclick>
					</item>
					<item>
						<label>[COLOR=lime]lime[/COLOR]</label>
						<onclick>Skin.SetString(UsrColorOne,lime)</onclick>
						<onclick>Dialog.Close(2130)</onclick>
					</item>
					<item>
						<label>[COLOR=limegreen]limegreen[/COLOR]</label>
						<onclick>Skin.SetString(UsrColorOne,limegreen)</onclick>
						<onclick>Dialog.Close(2130)</onclick>
					</item>
					<item>
						<label>[COLOR=linen]linen[/COLOR]</label>
						<onclick>Skin.SetString(UsrColorOne,linen)</onclick>
						<onclick>Dialog.Close(2130)</onclick>
					</item>
					<item>
						<label>[COLOR=magenta]magenta[/COLOR]</label>
						<onclick>Skin.SetString(UsrColorOne,magenta)</onclick>
						<onclick>Dialog.Close(2130)</onclick>
					</item>
					<item>
						<label>[COLOR=maroon]maroon[/COLOR]</label>
						<onclick>Skin.SetString(UsrColorOne,maroon)</onclick>
						<onclick>Dialog.Close(2130)</onclick>
					</item>
					<item>
						<label>[COLOR=mediumaquamarine]mediumaquamarine[/COLOR]</label>
						<onclick>Skin.SetString(UsrColorOne,mediumaquamarine)</onclick>
						<onclick>Dialog.Close(2130)</onclick>
					</item>
					<item>
						<label>[COLOR=mediumblue]mediumblue[/COLOR]</label>
						<onclick>Skin.SetString(UsrColorOne,mediumblue)</onclick>
						<onclick>Dialog.Close(2130)</onclick>
					</item>
					<item>
						<label>[COLOR=mediumorchid]mediumorchid[/COLOR]</label>
						<onclick>Skin.SetString(UsrColorOne,mediumorchid)</onclick>
						<onclick>Dialog.Close(2130)</onclick>
					</item>
					<item>
						<label>[COLOR=mediumpurple]mediumpurple[/COLOR]</label>
						<onclick>Skin.SetString(UsrColorOne,mediumpurple)</onclick>
						<onclick>Dialog.Close(2130)</onclick>
					</item>
					<item>
						<label>[COLOR=mediumseagreen]mediumseagreen[/COLOR]</label>
						<onclick>Skin.SetString(UsrColorOne,mediumseagreen)</onclick>
						<onclick>Dialog.Close(2130)</onclick>
					</item>
					<item>
						<label>[COLOR=mediumslateblue]mediumslateblue[/COLOR]</label>
						<onclick>Skin.SetString(UsrColorOne,mediumslateblue)</onclick>
						<onclick>Dialog.Close(2130)</onclick>
					</item>
					<item>
						<label>[COLOR=mediumspringgreen]mediumspringgreen[/COLOR]</label>
						<onclick>Skin.SetString(UsrColorOne,mediumspringgreen)</onclick>
						<onclick>Dialog.Close(2130)</onclick>
					</item>
					<item>
						<label>[COLOR=mediumturquoise]mediumturquoise[/COLOR]</label>
						<onclick>Skin.SetString(UsrColorOne,mediumturquoise)</onclick>
						<onclick>Dialog.Close(2130)</onclick>
					</item>
					<item>
						<label>[COLOR=mediumvioletred]mediumvioletred[/COLOR]</label>
						<onclick>Skin.SetString(UsrColorOne,mediumvioletred)</onclick>
						<onclick>Dialog.Close(2130)</onclick>
					</item>
					<item>
						<label>[COLOR=midnightblue]midnightblue[/COLOR]</label>
						<onclick>Skin.SetString(UsrColorOne,midnightblue)</onclick>
						<onclick>Dialog.Close(2130)</onclick>
					</item>
					<item>
						<label>[COLOR=mintcream]mintcream[/COLOR]</label>
						<onclick>Skin.SetString(UsrColorOne,mintcream)</onclick>
						<onclick>Dialog.Close(2130)</onclick>
					</item>
					<item>
						<label>[COLOR=mistyrose]mistyrose[/COLOR]</label>
						<onclick>Skin.SetString(UsrColorOne,mistyrose)</onclick>
						<onclick>Dialog.Close(2130)</onclick>
					</item>
					<item>
						<label>[COLOR=moccasin]moccasin[/COLOR]</label>
						<onclick>Skin.SetString(UsrColorOne,moccasin)</onclick>
						<onclick>Dialog.Close(2130)</onclick>
					</item>
					<item>
						<label>[COLOR=navajowhite]navajowhite[/COLOR]</label>
						<onclick>Skin.SetString(UsrColorOne,navajowhite)</onclick>
						<onclick>Dialog.Close(2130)</onclick>
					</item>
					<item>
						<label>[COLOR=navy]navy[/COLOR]</label>
						<onclick>Skin.SetString(UsrColorOne,navy)</onclick>
						<onclick>Dialog.Close(2130)</onclick>
					</item>
					<item>
						<label>[COLOR=oldlace]oldlace[/COLOR]</label>
						<onclick>Skin.SetString(UsrColorOne,oldlace)</onclick>
						<onclick>Dialog.Close(2130)</onclick>
					</item>
					<item>
						<label>[COLOR=olive]olive[/COLOR]</label>
						<onclick>Skin.SetString(UsrColorOne,olive)</onclick>
						<onclick>Dialog.Close(2130)</onclick>
					</item>
					<item>
						<label>[COLOR=olivedrab]olivedrab[/COLOR]</label>
						<onclick>Skin.SetString(UsrColorOne,olivedrab)</onclick>
						<onclick>Dialog.Close(2130)</onclick>
					</item>
					<item>
						<label>[COLOR=orange]orange[/COLOR]</label>
						<onclick>Skin.SetString(UsrColorOne,orange)</onclick>
						<onclick>Dialog.Close(2130)</onclick>
					</item>
					<item>
						<label>[COLOR=orangered]orangered[/COLOR]</label>
						<onclick>Skin.SetString(UsrColorOne,orangered)</onclick>
						<onclick>Dialog.Close(2130)</onclick>
					</item>
					<item>
						<label>[COLOR=orchid]orchid[/COLOR]</label>
						<onclick>Skin.SetString(UsrColorOne,orchid)</onclick>
						<onclick>Dialog.Close(2130)</onclick>
					</item>
					<item>
						<label>[COLOR=palegoldenrod]palegoldenrod[/COLOR]</label>
						<onclick>Skin.SetString(UsrColorOne,palegoldenrod)</onclick>
						<onclick>Dialog.Close(2130)</onclick>
					</item>
					<item>
						<label>[COLOR=palegreen]palegreen[/COLOR]</label>
						<onclick>Skin.SetString(UsrColorOne,palegreen)</onclick>
						<onclick>Dialog.Close(2130)</onclick>
					</item>
					<item>
						<label>[COLOR=paleturquoise]paleturquoise[/COLOR]</label>
						<onclick>Skin.SetString(UsrColorOne,paleturquoise)</onclick>
						<onclick>Dialog.Close(2130)</onclick>
					</item>
					<item>
						<label>[COLOR=palevioletred]palevioletred[/COLOR]</label>
						<onclick>Skin.SetString(UsrColorOne,palevioletred)</onclick>
						<onclick>Dialog.Close(2130)</onclick>
					</item>
					<item>
						<label>[COLOR=papayawhip]papayawhip[/COLOR]</label>
						<onclick>Skin.SetString(UsrColorOne,papayawhip)</onclick>
						<onclick>Dialog.Close(2130)</onclick>
					</item>
					<item>
						<label>[COLOR=peachpuff]peachpuff[/COLOR]</label>
						<onclick>Skin.SetString(UsrColorOne,peachpuff)</onclick>
						<onclick>Dialog.Close(2130)</onclick>
					</item>
					<item>
						<label>[COLOR=peru]peru[/COLOR]</label>
						<onclick>Skin.SetString(UsrColorOne,peru)</onclick>
						<onclick>Dialog.Close(2130)</onclick>
					</item>
					<item>
						<label>[COLOR=pink]pink[/COLOR]</label>
						<onclick>Skin.SetString(UsrColorOne,pink)</onclick>
						<onclick>Dialog.Close(2130)</onclick>
					</item>
					<item>
						<label>[COLOR=plum]plum[/COLOR]</label>
						<onclick>Skin.SetString(UsrColorOne,plum)</onclick>
						<onclick>Dialog.Close(2130)</onclick>
					</item>
					<item>
						<label>[COLOR=powderblue]powderblue[/COLOR]</label>
						<onclick>Skin.SetString(UsrColorOne,powderblue)</onclick>
						<onclick>Dialog.Close(2130)</onclick>
					</item>
					<item>
						<label>[COLOR=purple]purple[/COLOR]</label>
						<onclick>Skin.SetString(UsrColorOne,purple)</onclick>
						<onclick>Dialog.Close(2130)</onclick>
					</item>
					<item>
						<label>[COLOR=red]red[/COLOR]</label>
						<onclick>Skin.SetString(UsrColorOne,red)</onclick>
						<onclick>Dialog.Close(2130)</onclick>
					</item>
					<item>
						<label>[COLOR=rosybrown]rosybrown[/COLOR]</label>
						<onclick>Skin.SetString(UsrColorOne,rosybrown)</onclick>
						<onclick>Dialog.Close(2130)</onclick>
					</item>
					<item>
						<label>[COLOR=royalblue]royalblue[/COLOR]</label>
						<onclick>Skin.SetString(UsrColorOne,royalblue)</onclick>
						<onclick>Dialog.Close(2130)</onclick>
					</item>
					<item>
						<label>[COLOR=saddlebrown]saddlebrown[/COLOR]</label>
						<onclick>Skin.SetString(UsrColorOne,saddlebrown)</onclick>
						<onclick>Dialog.Close(2130)</onclick>
					</item>
					<item>
						<label>[COLOR=salmon]salmon[/COLOR]</label>
						<onclick>Skin.SetString(UsrColorOne,salmon)</onclick>
						<onclick>Dialog.Close(2130)</onclick>
					</item>
					<item>
						<label>[COLOR=sandybrown]sandybrown[/COLOR]</label>
						<onclick>Skin.SetString(UsrColorOne,sandybrown)</onclick>
						<onclick>Dialog.Close(2130)</onclick>
					</item>
					<item>
						<label>[COLOR=seagreen]seagreen[/COLOR]</label>
						<onclick>Skin.SetString(UsrColorOne,seagreen)</onclick>
						<onclick>Dialog.Close(2130)</onclick>
					</item>
					<item>
						<label>[COLOR=seashell]seashell[/COLOR]</label>
						<onclick>Skin.SetString(UsrColorOne,seashell)</onclick>
						<onclick>Dialog.Close(2130)</onclick>
					</item>
					<item>
						<label>[COLOR=sienna]sienna[/COLOR]</label>
						<onclick>Skin.SetString(UsrColorOne,sienna)</onclick>
						<onclick>Dialog.Close(2130)</onclick>
					</item>
					<item>
						<label>[COLOR=silver]silver[/COLOR]</label>
						<onclick>Skin.SetString(UsrColorOne,silver)</onclick>
						<onclick>Dialog.Close(2130)</onclick>
					</item>
					<item>
						<label>[COLOR=skyblue]skyblue[/COLOR]</label>
						<onclick>Skin.SetString(UsrColorOne,skyblue)</onclick>
						<onclick>Dialog.Close(2130)</onclick>
					</item>
					<item>
						<label>[COLOR=slateblue]slateblue[/COLOR]</label>
						<onclick>Skin.SetString(UsrColorOne,slateblue)</onclick>
						<onclick>Dialog.Close(2130)</onclick>
					</item>
					<item>
						<label>[COLOR=slategrey]slategrey[/COLOR]</label>
						<onclick>Skin.SetString(UsrColorOne,slategrey)</onclick>
						<onclick>Dialog.Close(2130)</onclick>
					</item>
					<item>
						<label>[COLOR=snow]snow[/COLOR]</label>
						<onclick>Skin.SetString(UsrColorOne,snow)</onclick>
						<onclick>Dialog.Close(2130)</onclick>
					</item>
					<item>
						<label>[COLOR=springgreen]springgreen[/COLOR]</label>
						<onclick>Skin.SetString(UsrColorOne,springgreen)</onclick>
						<onclick>Dialog.Close(2130)</onclick>
					</item>
					<item>
						<label>[COLOR=steelblue]steelblue[/COLOR]</label>
						<onclick>Skin.SetString(UsrColorOne,steelblue)</onclick>
						<onclick>Dialog.Close(2130)</onclick>
					</item>
					<item>
						<label>[COLOR=tan]tan[/COLOR]</label>
						<onclick>Skin.SetString(UsrColorOne,tan)</onclick>
						<onclick>Dialog.Close(2130)</onclick>
					</item>
					<item>
						<label>[COLOR=teal]teal[/COLOR]</label>
						<onclick>Skin.SetString(UsrColorOne,teal)</onclick>
						<onclick>Dialog.Close(2130)</onclick>
					</item>
					<item>
						<label>[COLOR=thistle]thistle[/COLOR]</label>
						<onclick>Skin.SetString(UsrColorOne,thistle)</onclick>
						<onclick>Dialog.Close(2130)</onclick>
					</item>
					<item>
						<label>[COLOR=tomato]tomato[/COLOR]</label>
						<onclick>Skin.SetString(UsrColorOne,tomato)</onclick>
						<onclick>Dialog.Close(2130)</onclick>
					</item>
					<item>
						<label>[COLOR=turquoise]turquoise[/COLOR]</label>
						<onclick>Skin.SetString(UsrColorOne,turquoise)</onclick>
						<onclick>Dialog.Close(2130)</onclick>
					</item>
					<item>
						<label>[COLOR=violet]violet[/COLOR]</label>
						<onclick>Skin.SetString(UsrColorOne,violet)</onclick>
						<onclick>Dialog.Close(2130)</onclick>
					</item>
					<item>
						<label>[COLOR=wheat]wheat[/COLOR]</label>
						<onclick>Skin.SetString(UsrColorOne,wheat)</onclick>
						<onclick>Dialog.Close(2130)</onclick>
					</item>
					<item>
						<label>[COLOR=white]white[/COLOR]</label>
						<onclick>Skin.SetString(UsrColorOne,white)</onclick>
						<onclick>Dialog.Close(2130)</onclick>
					</item>
					<item>
						<label>[COLOR=whitesmoke]whitesmoke[/COLOR]</label>
						<onclick>Skin.SetString(UsrColorOne,whitesmoke)</onclick>
						<onclick>Dialog.Close(2130)</onclick>
					</item>
					<item>
						<label>[COLOR=yellow]yellow[/COLOR]</label>
						<onclick>Skin.SetString(UsrColorOne,yellow)</onclick>
						<onclick>Dialog.Close(2130)</onclick>
					</item>
					<item>
						<label>[COLOR=yellowgreen]yellowgreen[/COLOR]</label>
						<onclick>Skin.SetString(UsrColorOne,yellowgreen)</onclick>
						<onclick>Dialog.Close(2130)</onclick>
					</item>
				</content>
			</control>
			<control type="scrollbar" id="60">
				<left>1250</left>
				<top>95</top>
				<width>25</width>
				<height>550</height>
				<texturesliderbackground border="0,14,0,14">ScrollBarV.png</texturesliderbackground>
				<texturesliderbar border="0,14,0,14">ScrollBarV_bar.png</texturesliderbar>
				<texturesliderbarfocus border="0,14,0,14">ScrollBarV_bar_focus.png</texturesliderbarfocus>
				<textureslidernib>ScrollBarNib.png</textureslidernib>
				<textureslidernibfocus>ScrollBarNib.png</textureslidernibfocus>
				<onleft>450</onleft>
				<onright>450</onright>
				<showonepage>true</showonepage>
				<orientation>vertical</orientation>
				<visible>Control.IsVisible(450)</visible>
			</control>
		</control>
	</controls>
</window>