<?xml version="1.0" encoding="utf-8"?>
<includes>
	<include name="SmallGenreFlag">
		<width>96</width>
		<height>96</height>
		<aspectratio>keep</aspectratio>
		<fadetime>FanartCrossfadeTime</fadetime>
	</include>
	<include name="SmallVideoGenreFlagging">
		<control type="image">
			<include>SmallGenreFlag</include>
			<texture background="true">special://skin/extras/MovieGenres/Action.png</texture>
			<visible>substring(ListItem.Genre,$LOCALIZE[31600]) | substring(ListItem.Genre,Action)</visible>
		</control>
		<control type="image">
			<include>SmallGenreFlag</include>
			<texture background="true">special://skin/extras/MovieGenres/Adventure.png</texture>
			<visible>substring(ListItem.Genre,$LOCALIZE[31601]) | substring(ListItem.Genre,Adventure)</visible>
		</control>
		<control type="image">
			<include>SmallGenreFlag</include>
			<texture background="true">special://skin/extras/MovieGenres/Animation.png</texture>
			<visible>substring(ListItem.Genre,$LOCALIZE[31602]) | substring(ListItem.Genre,Animation)</visible>
		</control>
		<control type="image">
			<include>SmallGenreFlag</include>
			<texture background="true">special://skin/extras/MovieGenres/Biography.png</texture>
			<visible>substring(ListItem.Genre,$LOCALIZE[31603]) | substring(ListItem.Genre,Biography)</visible>
		</control>
		<control type="image">
			<include>SmallGenreFlag</include>
			<texture background="true">special://skin/extras/MovieGenres/Children.png</texture>
			<visible>substring(ListItem.Genre,$LOCALIZE[31604]) | substring(ListItem.Genre,Children)</visible>
		</control>
		<control type="image">
			<include>SmallGenreFlag</include>
			<texture background="true">special://skin/extras/MovieGenres/Comedy.png</texture>
			<visible>substring(ListItem.Genre,$LOCALIZE[31605]) | substring(ListItem.Genre,Comedy)</visible>
		</control>
		<control type="image">
			<include>SmallGenreFlag</include>
			<texture background="true">special://skin/extras/MovieGenres/Crime.png</texture>
			<visible>substring(ListItem.Genre,$LOCALIZE[31606]) | substring(ListItem.Genre,Crime)</visible>
		</control>
		<control type="image">
			<include>SmallGenreFlag</include>
			<texture background="true">special://skin/extras/MovieGenres/Disaster.png</texture>
			<visible>substring(ListItem.Genre,$LOCALIZE[31607]) | substring(ListItem.Genre,Disaster)</visible>
		</control>
		<control type="image">
			<include>SmallGenreFlag</include>
			<texture background="true">special://skin/extras/MovieGenres/Document.png</texture>
			<visible>substring(ListItem.Genre,$LOCALIZE[31608]) | substring(ListItem.Genre,Document)</visible>
		</control>
		<control type="image">
			<include>SmallGenreFlag</include>
			<texture background="true">special://skin/extras/MovieGenres/Drama.png</texture>
			<visible>substring(ListItem.Genre,$LOCALIZE[31609]) | substring(ListItem.Genre,Drama)</visible>
		</control>
		<control type="image">
			<include>SmallGenreFlag</include>
			<texture background="true">special://skin/extras/MovieGenres/Family.png</texture>
			<visible>substring(ListItem.Genre,$LOCALIZE[31610]) | substring(ListItem.Genre,Family)</visible>
		</control>
		<control type="image">
			<include>SmallGenreFlag</include>
			<texture background="true">special://skin/extras/MovieGenres/Fantasy.png</texture>
			<visible>substring(ListItem.Genre,$LOCALIZE[31611]) | substring(ListItem.Genre,Fantasy)</visible>
		</control>
		<control type="image">
			<include>SmallGenreFlag</include>
			<texture background="true">special://skin/extras/MovieGenres/History.png</texture>
			<visible>substring(ListItem.Genre,$LOCALIZE[31612]) | substring(ListItem.Genre,History)</visible>
		</control>
		<control type="image">
			<include>SmallGenreFlag</include>
			<texture background="true">special://skin/extras/MovieGenres/Holiday.png</texture>
			<visible>substring(ListItem.Genre,$LOCALIZE[31613]) | substring(ListItem.Genre,Holiday) | substring(ListItem.Genre,Christmas)</visible>
		</control>
		<control type="image">
			<include>SmallGenreFlag</include>
			<texture background="true">special://skin/extras/MovieGenres/Horror.png</texture>
			<visible>substring(ListItem.Genre,$LOCALIZE[31614]) | substring(ListItem.Genre,Horror)</visible>
		</control>
		<control type="image">
			<include>SmallGenreFlag</include>
			<aspectratio aligny="bottom">keep</aspectratio>
			<texture background="true">special://skin/extras/MovieGenres/Musical.png</texture>
			<visible>substring(ListItem.Genre,$LOCALIZE[31616]) | substring(ListItem.Genre,Music)</visible>
		</control>
		<control type="image">
			<include>SmallGenreFlag</include>
			<texture background="true">special://skin/extras/MovieGenres/Mystery.png</texture>
			<visible>substring(ListItem.Genre,$LOCALIZE[31617]) | substring(ListItem.Genre,Mystery)</visible>
		</control>
		<control type="image">
			<include>SmallGenreFlag</include>
			<texture background="true">special://skin/extras/MovieGenres/Romance.png</texture>
			<visible>substring(ListItem.Genre,$LOCALIZE[31618]) | substring(ListItem.Genre,Romance)</visible>
		</control>
		<control type="image">
			<include>SmallGenreFlag</include>
			<texture background="true">special://skin/extras/MovieGenres/Sci-Fi.png</texture>
			<visible>substring(ListItem.Genre,$LOCALIZE[31619]) | substring(ListItem.Genre,Sci)</visible>
		</control>
		<control type="image">
			<include>SmallGenreFlag</include>
			<texture background="true">special://skin/extras/MovieGenres/Sport.png</texture>
			<visible>substring(ListItem.Genre,$LOCALIZE[31621]) | substring(ListItem.Genre,Sport)</visible>
		</control>
		<control type="image">
			<include>SmallGenreFlag</include>
			<texture background="true">special://skin/extras/MovieGenres/Thriller.png</texture>
			<visible>substring(ListItem.Genre,$LOCALIZE[31623]) | substring(ListItem.Genre,Thriller)</visible>
		</control>
		<control type="image">
			<include>SmallGenreFlag</include>
			<texture background="true">special://skin/extras/MovieGenres/War.png</texture>
			<visible>substring(ListItem.Genre,$LOCALIZE[31624]) | substring(ListItem.Genre,War)</visible>
		</control>
		<control type="image">
			<include>SmallGenreFlag</include>
			<texture background="true">special://skin/extras/MovieGenres/Western.png</texture>
			<visible>substring(ListItem.Genre,$LOCALIZE[31625]) | substring(ListItem.Genre,Western)</visible>
		</control>
	</include>
</includes>