<?xml version="1.0" encoding="UTF-8"?>
<window>
	<defaultcontrol always="true">50</defaultcontrol>
	<allowoverlay>no</allowoverlay>
	<views>50,51,500,551,560,515,508,504,503,501,555,732,594,730,529,505,728,550,511</views>
	<onload condition="!Skin.HasSetting(DisableTVTunes)">RunScript(script.tvtunes,backend=True)</onload>
	<onload condition="!Skin.HasSetting(DisableTVNextAired)">RunScript(script.tv.show.next.aired,backend=True,silent=True)</onload>
	<onunload>ClearProperty(SideBladeOpen,Home)</onunload>
	<controls>
		<include>CommonBackground</include>
		<include>MediaViewBackgrounds</include>
		<control type="group">
			<include>Window_OpenClose_Animation</include>
			<include>CommonRootView</include>
			<!-- view id = 50 -->
			<include>FullWidthList</include>
			<!-- view id = 51 -->
			<include>ThumbnailView</include>
			<!-- view id = 500 -->
			<include>AddonInfoThumbView1</include>
			<!-- view id = 551 -->
			<include>LiveTVView1</include>
			<!-- view id = 560 -->
			<include>InfoFanArtView</include>
			<!-- view id = 515 -->
			<include>MediaFanArtView</include>
			<!-- view id = 508 -->
			<include>MediaInfoView</include>
			<!-- view id = 504 -->
			<include>MediaListView3</include>
			<!-- view id = 503 -->
			<include>PosterWrapView</include>
			<!-- view id = 501 -->
			<include>Coverflowview</include>
			<!-- view id = 555 -->
			<include>FullWallView</include>
			<!-- view id = 732 -->
			<include>LogoWallView</include>
			<!-- view id = 594 -->
			<include>LogoVertical</include>
			<!-- view id = 730 -->
			<include>WideList</include>
			<!-- view id = 529 -->
			<include>WideIconView</include>
			<!-- view id = 505 -->
			<include>Episode</include>
			<!-- view id = 728 -->
			<include>AddonInfoListView1</include>
			<!-- view id = 550 -->
			<include>MusicVideoInfoListView</include>
			<!-- view id = 511 -->
		</control>
		<control type="button" id="800">
			<include>InvisibleButton</include>
			<onleft>801</onleft>
			<onright>804</onright>
			<onup>50</onup>
			<ondown>50</ondown>
			<visible>false</visible>
		</control>
		<include>CommonPageCount</include>
		<include>CommonNowPlaying</include>
		<include>FloorReturnButtons</include>
		<include>BehindDialogFadeOut</include>
		<include condition="!Skin.HasSetting(DisableTVNextAired)">NextAired</include>
		<control type="group">
			<visible>!Skin.HasSetting(EnableKioskMode)</visible>
			<left>-250</left>
			<include>SideBladeLeft</include>
			<control type="grouplist" id="9000">
				<left>0</left>
				<top>20</top>
				<width>250</width>
				<height>650</height>
				<onfocus condition="IsEmpty(Window.Property(SideBladeOpen))">SetProperty(SideBladeOpen,True,Home)</onfocus>
				<onleft>50</onleft>
				<onright>ClearProperty(SideBladeOpen,Home)</onright>
				<onright>50</onright>
				<onup>9000</onup>
				<ondown>9000</ondown>
				<onback>ClearProperty(SideBladeOpen,Home)</onback>
				<onback>50</onback>
				<itemgap>0</itemgap>
				<control type="label" id="200">
					<width>250</width>
					<height>35</height>
					<font>font12</font>
					<label>31006</label>
					<textcolor>blue</textcolor>
					<align>center</align>
					<aligny>center</aligny>
				</control>
				<control type="button" id="2">
					<description>View As button</description>
					<textwidth>235</textwidth>
					<include>ButtonCommonValues</include>
					<label>-</label>
				</control>
				<control type="button" id="3">
					<description>Sort by button</description>
					<include>ButtonCommonValues</include>
					<label>103</label>
				</control>
				<control type="togglebutton" id="4">
					<description>Sort asc</description>
					<include>ButtonCommonValues</include>
					<alttexturefocus border="5">button-focus.png</alttexturefocus>
					<alttexturenofocus>-</alttexturenofocus>
					<label>31051</label>
					<altlabel>31050</altlabel>
					<usealttexture>Container.SortDirection(Ascending)</usealttexture>
				</control>
				<control type="edit" id="19">
					<visible>Container.CanFilter + !Container.CanFilterAdvanced</visible>
					<description>Filter</description>
					<textwidth>230</textwidth>
					<include>ButtonCommonValues</include>
					<label>587</label>
				</control>
				<control type="radiobutton" id="98">
					<visible>Container.CanFilterAdvanced</visible>
					<description>Filter</description>
					<include>ButtonCommonValues</include>
					<label>587</label>
					<selected>Container.Filtered</selected>
					<onclick>right</onclick>
					<onclick>Filter</onclick>
				</control>
				<control type="radiobutton" id="201">
					<description>Additional Artwork</description>
					<textwidth>170</textwidth>
					<include>ButtonCommonValues</include>
					<label>31038</label>
					<onclick>Skin.ToggleSetting(EnableAdditionalArtWork)</onclick>
					<selected>Skin.HasSetting(EnableAdditionalArtWork)</selected>
				</control>
				<control type="radiobutton" id="203">
					<description>TVShow Thumbnails</description>
					<textwidth>170</textwidth>
					<include>ButtonCommonValues</include>
					<label>31074</label>
					<onclick>Skin.ToggleSetting(HideEpisodeThumb)</onclick>
					<selected>Skin.HasSetting(HideEpisodeThumb)</selected>
					<visible>Container.Content(episodes) + ![Control.IsVisible(51) | Control.IsVisible(500) | Control.IsVisible(503) | Control.IsVisible(730)]</visible>
				</control>
				<control type="button" id="204">
					<width>250</width>
					<height>40</height>
					<font>font12</font>
					<label>$LOCALIZE[31123] $VAR[PopupInfoType]</label>
					<textcolor>white</textcolor>
					<focusedcolor>white</focusedcolor>
					<texturefocus border="5">button-focus.png</texturefocus>
					<texturenofocus>-</texturenofocus>
					<pulseonselect>false</pulseonselect>
					<onclick condition="IsEmpty(Skin.String(MediaPopUpControl))">Skin.SetString(MediaPopUpControl,Delayed)</onclick>
					<onclick condition="Skin.String(MediaPopUpControl,Delayed)">Skin.SetString(MediaPopUpControl,Hidden)</onclick>
					<onclick condition="Skin.String(MediaPopUpControl,Hidden)">Skin.SetString(MediaPopUpControl,Instant)</onclick>
					<onclick condition="Skin.String(MediaPopUpControl,Instant)">Skin.Reset(MediaPopUpControl)</onclick>
					<visible>Control.IsVisible(508) | Control.IsVisible(515) | Control.IsVisible(730)</visible>
				</control>
				<control type="radiobutton" id="14">
					<description>Watched Toggle</description>
					<textwidth>170</textwidth>
					<include>ButtonCommonValues</include>
					<label>20367</label>
				</control>
				<control type="radiobutton" id="205">
					<description>TVShow Banners Banners</description>
					<textwidth>170</textwidth>
					<include>ButtonCommonValues</include>
					<label>31383</label>
					<onclick>Skin.ToggleSetting(View515HideBanners)</onclick>
					<selected>!Skin.HasSetting(View515HideBanners)</selected>
					<visible>Control.IsVisible(515) + [Container.Content(TVShows) | Container.Content(Movies)]</visible>
				</control>
				<control type="radiobutton" id="206">
					<description>Darken Watched</description>
					<textwidth>170</textwidth>
					<include>ButtonCommonValues</include>
					<label>31034</label>
					<onclick>Skin.ToggleSetting(DarkenWatchedMedia)</onclick>
					<selected>Skin.HasSetting(DarkenWatchedMedia)</selected>
					<visible>!system.setting(hidewatched) + [Control.IsVisible(508) | Control.IsVisible(501) | Control.IsVisible(529)]</visible>
				</control>
				<control type="radiobutton" id="207">
					<include>ButtonCommonValues</include>
					<label>$LOCALIZE[31137]</label>
					<textwidth>170</textwidth>
					<onclick>Skin.ToggleSetting(DisableWatchedCheck)</onclick>
					<selected>Skin.HasSetting(DisableWatchedCheck)</selected>
					<visible>!system.setting(hidewatched) + !Control.IsVisible(555) + !Control.IsVisible(594) + !Control.IsVisible(730)</visible>
				</control>
				<control type="radiobutton" id="208">
					<include>ButtonCommonValues</include>
					<label>$LOCALIZE[31138]</label>
					<textwidth>170</textwidth>
					<onclick>Skin.ToggleSetting(HideNewMediaStat)</onclick>
					<selected>!Skin.HasSetting(HideNewMediaStat)</selected>
					<visible>!system.setting(hidewatched) + !Skin.HasSetting(DisableWatchedCheck)</visible>
					<visible>Control.IsVisible(501) | Control.IsVisible(508) | Control.IsVisible(728) | Control.IsVisible(732)</visible>
				</control>
				<control type="radiobutton" id="209">
					<include>ButtonCommonValues</include>
					<label>$LOCALIZE[31139]</label>
					<textwidth>170</textwidth>
					<onclick>Skin.ToggleSetting(DisableAnimatedCase)</onclick>
					<selected>!Skin.HasSetting(DisableAnimatedCase)</selected>
					<visible>Control.IsVisible(501)</visible>
				</control>
				<control type="radiobutton" id="210">
					<description>Use Extra FanArt in 504</description>
					<textwidth>170</textwidth>
					<include>ButtonCommonValues</include>
					<label>$LOCALIZE[31970]</label>
					<onclick>Skin.ToggleSetting(Disable504FanArt)</onclick>
					<selected>!Skin.HasSetting(Disable504FanArt)</selected>
					<visible>Control.IsVisible(504) + !Skin.HasSetting(UPnP_Mode)</visible>
					<visible>Container.Content(Movies) | Container.Content(MusicVideos)</visible>
				</control>
				<control type="label" id="211">
					<width>250</width>
					<height>35</height>
					<font>font12</font>
					<label>31039</label>
					<textcolor>blue</textcolor>
					<align>center</align>
					<aligny>center</aligny>
				</control>
				<control type="button" id="8">
					<description>Search</description>
					<include>ButtonCommonValues</include>
					<label>137</label>
				</control>
				<control type="radiobutton" id="16">
					<description>PartyMode</description>
					<label>589</label>
					<include>ButtonCommonValues</include>
					<visible>Container.Content(MusicVideos)</visible>
				</control>
				<control type="radiobutton" id="11">
					<description>Unlock Shares</description>
					<textwidth>170</textwidth>
					<include>ButtonCommonValues</include>
					<label>20336</label>
					<onclick>mastermode</onclick>
					<selected>system.ismaster</selected>
					<visible>system.haslocks</visible>
				</control>
				<control type="togglebutton" id="20">
					<description>Update library</description>
					<textwidth>235</textwidth>
					<include>ButtonCommonValues</include>
					<label>653</label>
					<altlabel>13353</altlabel>
					<alttexturefocus border="5">button-focus.png</alttexturefocus>
					<alttexturenofocus>-</alttexturenofocus>
					<usealttexture>library.isscanningvideo</usealttexture>
				</control>
				<control type="button" id="212">
					<description>Trakt.tv</description>
					<include>ButtonCommonValues</include>
					<label>31214</label>
					<onclick>RunScript(script.trakt,action=contextmenu)</onclick>
					<visible>System.HasAddon(plugin.video.trakt_list_manager) + !Container.Content(MusicVideos)</visible>
				</control>
			</control>
		</control>
		<include>BottomClock</include>
		<include>MainHeaderLabel</include>
	</controls>
</window>