<?xml version="1.0" encoding="UTF-8"?>
<includes>
	<include name="MediaListView3">
		<control type="group">
			<visible>Control.IsVisible(503)</visible>
			<include>VisibleFadeEffect</include>
			<control type="list" id="503">
				<left>40</left>
				<top>88</top>
				<width>610</width>
				<height>520</height>
				<onleft>2</onleft>
				<onright>60</onright>
				<onup>503</onup>
				<ondown>503</ondown>
				<viewtype label="$LOCALIZE[31642]">list</viewtype>
				<pagecontrol>60</pagecontrol>
				<scrolltime>200</scrolltime>
				<visible>Container.Content(TVShows) | Container.Content(Seasons) | Container.Content(Episodes)</visible>
				<itemlayout height="40" width="610">
					<control type="image">
						<left>0</left>
						<top>0</top>
						<width>610</width>
						<height>41</height>
						<texture border="0,2,0,2">MenuItemNF.png</texture>
					</control>
					<control type="label">
						<left>35</left>
						<top>0</top>
						<width>550</width>
						<height>40</height>
						<font>font13</font>
						<textcolor>grey2</textcolor>
						<selectedcolor>selected</selectedcolor>
						<align>left</align>
						<aligny>center</aligny>
						<label>$INFO[ListItem.label]</label>
					</control>
					<control type="label">
						<left>550</left>
						<top>0</top>
						<width>500</width>
						<height>40</height>
						<font>font12</font>
						<textcolor>grey2</textcolor>
						<selectedcolor>selected</selectedcolor>
						<align>right</align>
						<aligny>center</aligny>
						<label>$INFO[ListItem.label2]</label>
						<visible>Window.IsVisible(Videos)</visible>
						<animation effect="slide" start="0,0" end="40,0" delay="0" time="0" condition="!Container.Content(Episodes)">conditional</animation>
					</control>
					<control type="image">
						<left>555</left>
						<top>8</top>
						<width>40</width>
						<height>26</height>
						<texture>$VAR[VideoResolutionFlag]</texture>
						<visible>Window.IsVisible(Videos) + Container.Content(Episodes)</visible>
					</control>
					<control type="image">
						<left>2</left>
						<top>6</top>
						<width>28</width>
						<height>28</height>
						<texture diffuse="poster-diffuse.png">MediaStatus/overlayunwatched.png</texture>
						<visible>!Skin.HasSetting(DisableWatchedCheck) + !IsEmpty(ListItem.Overlay)</visible>
					</control>
					<control type="image">
						<left>2</left>
						<top>6</top>
						<width>28</width>
						<height>28</height>
						<texture diffuse="poster-diffuse.png">$VAR[PartlyWatched,MediaStatus/,.png]</texture>
						<visible>!Skin.HasSetting(DisableWatchedCheck) + !IsEmpty(ListItem.Overlay)</visible>
					</control>
				</itemlayout>
				<focusedlayout height="40" width="610">
					<control type="image">
						<left>0</left>
						<top>0</top>
						<width>610</width>
						<height>41</height>
						<texture border="0,2,0,2">MenuItemNF.png</texture>
						<visible>!Control.HasFocus(503)</visible>
						<include>VisibleFadeEffect</include>
					</control>
					<control type="image">
						<left>0</left>
						<top>0</top>
						<width>610</width>
						<height>41</height>
						<texture border="0,2,0,2">MenuItemFO.png</texture>
						<visible>Control.HasFocus(503)</visible>
						<include>VisibleFadeEffect</include>
					</control>
					<control type="image">
						<left>405</left>
						<top>4</top>
						<width>200</width>
						<height>33</height>
						<texture border="0,0,14,0">MediaItemDetailBG.png</texture>
						<visible>Control.HasFocus(503) + !IsEmpty(ListItem.label2)</visible>
					</control>
					<control type="label">
						<left>35</left>
						<top>0</top>
						<width>550</width>
						<height>40</height>
						<font>font13</font>
						<textcolor>white</textcolor>
						<selectedcolor>selected</selectedcolor>
						<align>left</align>
						<aligny>center</aligny>
						<label>$INFO[ListItem.label]</label>
					</control>
					<control type="label">
						<left>550</left>
						<top>0</top>
						<width>500</width>
						<height>40</height>
						<font>font12</font>
						<textcolor>grey2</textcolor>
						<selectedcolor>selected</selectedcolor>
						<align>right</align>
						<aligny>center</aligny>
						<label>$INFO[ListItem.label2]</label>
						<visible>Window.IsVisible(Videos)</visible>
						<animation effect="slide" start="0,0" end="40,0" delay="0" time="0" condition="!Container.Content(Episodes)">conditional</animation>
					</control>
					<control type="image">
						<left>555</left>
						<top>8</top>
						<width>40</width>
						<height>26</height>
						<texture>$VAR[VideoResolutionFlag]</texture>
						<visible>Window.IsVisible(Videos) + Container.Content(Episodes)</visible>
					</control>
					<control type="image">
						<left>2</left>
						<top>6</top>
						<width>28</width>
						<height>28</height>
						<texture diffuse="poster-diffuse.png">MediaStatus/overlayunwatched.png</texture>
						<visible>!Skin.HasSetting(DisableWatchedCheck) + !IsEmpty(ListItem.Overlay)</visible>
					</control>
					<control type="image">
						<left>2</left>
						<top>6</top>
						<width>28</width>
						<height>28</height>
						<texture diffuse="poster-diffuse.png">$VAR[PartlyWatched,MediaStatus/,.png]</texture>
						<visible>!Skin.HasSetting(DisableWatchedCheck) + !IsEmpty(ListItem.Overlay)</visible>
					</control>
				</focusedlayout>
			</control>
			<control type="scrollbar" id="60">
				<left>650</left>
				<top>92</top>
				<width>25</width>
				<height>512</height>
				<texturesliderbackground border="0,14,0,14">ScrollBarV.png</texturesliderbackground>
				<texturesliderbar border="0,14,0,14">ScrollBarV_bar.png</texturesliderbar>
				<texturesliderbarfocus border="0,14,0,14">ScrollBarV_bar_focus.png</texturesliderbarfocus>
				<textureslidernib>ScrollBarNib.png</textureslidernib>
				<textureslidernibfocus>ScrollBarNib.png</textureslidernibfocus>
				<onleft>503</onleft>
				<onright>800</onright>
				<showonepage>true</showonepage>
				<orientation>vertical</orientation>
				<visible>Control.IsVisible(503)</visible>
			</control>
			<control type="group">
				<left>710</left>
				<top>100</top>
				<control type="image">
					<left>0</left>
					<top>0</top>
					<width>530</width>
					<height>110</height>
					<aspectratio>keep</aspectratio>
					<fadetime>IconCrossfadeTime</fadetime>
					<texture background="true">$VAR[BannerThumb]</texture>
					<bordertexture border="8">ThumbShadow.png</bordertexture>
					<bordersize>8</bordersize>
					<visible>!StringCompare(ListItem.label,..)</visible>
				</control>
				<control type="image">
					<left>0</left>
					<top>0</top>
					<width>530</width>
					<height>558</height>
					<aspectratio aligny="bottom">keep</aspectratio>
					<fadetime>IconCrossfadeTime</fadetime>
					<colordiffuse>AAFFFFFF</colordiffuse>
					<texture background="true">$INFO[ListItem.icon]</texture>
					<bordertexture border="8">ThumbShadow.png</bordertexture>
					<bordersize>8</bordersize>
					<visible>StringCompare(ListItem.label,..)</visible>
				</control>
				<control type="group">
					<control type="image">
						<description>Rating image</description>
						<left>0</left>
						<top>120</top>
						<width>96</width>
						<height>46</height>
						<aspectratio align="right">keep</aspectratio>
						<texture>$VAR[RatingMPAA,flagging/ratings/,.png]</texture>
						<visible>!IsEmpty(ListItem.Mpaa)</visible>
					</control>
					<control type="grouplist">
						<left>97</left>
						<top>120</top>
						<width>315</width>
						<align>center</align>
						<itemgap>2</itemgap>
						<orientation>horizontal</orientation>
						<include>VideoCodecFlaggingConditions</include>
						<include>AudioCodecFlaggingConditions</include>
						<include>AudioChannelsFlaggingConditions</include>
						<!--include>AspectCodecFlaggingConditions</include-->
						<!--include condition="!Skin.HasSetting(EnableFullMPAA)">VideoMPAAFlaggingConditions</include-->
						<visible>Container.Content(Episodes)</visible>
					</control>
					<control type="image">
						<description>Studio image</description>
						<left>412</left>
						<top>120</top>
						<width>96</width>
						<height>46</height>
						<aspectratio align="center">keep</aspectratio>
						<texture background="true">$INFO[ListItem.Studio,flagging/studio/,.png]</texture>
						<visible>!IsEmpty(ListItem.Studio)</visible>
					</control>
				</control>
				<control type="label">
					<description>Episodes txt</description>
					<left>10</left>
					<top>165</top>
					<width>140</width>
					<height>25</height>
					<label>$LOCALIZE[20360]$LOCALIZE[31999]</label>
					<align>right</align>
					<aligny>center</aligny>
					<font>font12</font>
					<textcolor>blue</textcolor>
					<visible>!IsEmpty(ListItem.Title)</visible>
					<visible>Container.Content(TVShows)</visible>
				</control>
				<control type="label">
					<description>Episodes Value</description>
					<left>160</left>
					<top>165</top>
					<width>360</width>
					<height>25</height>
					<label fallback="416">$INFO[listitem.episode] [COLOR=grey] ($INFO[ListItem.Property(WatchedEpisodes),, $LOCALIZE[16102]] - $INFO[ListItem.Property(UnWatchedEpisodes), , $LOCALIZE[16101]])[/COLOR]</label>
					<align>left</align>
					<aligny>center</aligny>
					<font>font12</font>
					<scroll>true</scroll>
					<visible>!IsEmpty(ListItem.Title)</visible>
					<visible>Container.Content(TVShows)</visible>
				</control>
				<control type="label">
					<description>Aired txt</description>
					<left>10</left>
					<top>190</top>
					<width>140</width>
					<height>25</height>
					<label>$LOCALIZE[31322]$LOCALIZE[31999]</label>
					<align>right</align>
					<aligny>center</aligny>
					<font>font12</font>
					<textcolor>blue</textcolor>
					<visible>!IsEmpty(ListItem.Title)</visible>
					<visible>Container.Content(TVShows)</visible>
				</control>
				<control type="label">
					<description>Aired Value</description>
					<left>160</left>
					<top>190</top>
					<width>360</width>
					<height>25</height>
					<label fallback="416">$INFO[ListItem.Premiered]</label>
					<align>left</align>
					<aligny>center</aligny>
					<font>font12</font>
					<scroll>true</scroll>
					<visible>!IsEmpty(ListItem.Title)</visible>
					<visible>Container.Content(TVShows)</visible>
				</control>
				<control type="label">
					<description>Studio txt</description>
					<left>10</left>
					<top>215</top>
					<width>140</width>
					<height>25</height>
					<label>$LOCALIZE[572]$LOCALIZE[31999]</label>
					<align>right</align>
					<aligny>center</aligny>
					<font>font12</font>
					<textcolor>blue</textcolor>
					<visible>!IsEmpty(ListItem.Title)</visible>
				</control>
				<control type="fadelabel">
					<description>Studio Value</description>
					<left>160</left>
					<top>215</top>
					<width>360</width>
					<height>25</height>
					<label fallback="416">$INFO[ListItem.Studio]</label>
					<align>left</align>
					<aligny>center</aligny>
					<font>font12</font>
					<scrollout>false</scrollout>
					<pauseatend>1000</pauseatend>
					<visible>!IsEmpty(ListItem.Title)</visible>
				</control>
				<control type="label">
					<description>Last Played</description>
					<left>10</left>
					<top>240</top>
					<width>140</width>
					<height>25</height>
					<label>$LOCALIZE[568]$LOCALIZE[31999]</label>
					<align>right</align>
					<aligny>center</aligny>
					<font>font12</font>
					<textcolor>blue</textcolor>
					<visible>!IsEmpty(ListItem.Title)</visible>
				</control>
				<control type="fadelabel">
					<description>Last Played</description>
					<left>160</left>
					<top>240</top>
					<width>360</width>
					<height>25</height>
					<label fallback="16101">$INFO[ListItem.LastPlayed]</label>
					<align>left</align>
					<aligny>center</aligny>
					<font>font12</font>
					<scrollout>false</scrollout>
					<pauseatend>1000</pauseatend>
					<visible>!IsEmpty(ListItem.Title)</visible>
				</control>
				<control type="image">
					<left>0</left>
					<top>270</top>
					<width>530</width>
					<height>4</height>
					<texture>separator.png</texture>
					<visible>!IsEmpty(ListItem.Title)</visible>
				</control>
				<control type="textbox">
					<description>Description Value for TVShows</description>
					<left>10</left>
					<top>285</top>
					<width>510</width>
					<height>240</height>
					<font>font12</font>
					<align>justify</align>
					<textcolor>white</textcolor>
					<label>$VAR[VideoDescription]</label>
					<autoscroll delay="3000" time="1800" repeat="10000">!Skin.HasSetting(DisableAutoScroll)</autoscroll>
					<visible>!IsEmpty(ListItem.Title)</visible>
				</control>
				<control type="image">
					<left>0</left>
					<top>530</top>
					<width>510</width>
					<height>4</height>
					<texture>separator.png</texture>
					<visible>!IsEmpty(ListItem.Title)</visible>
				</control>
			</control>
			<include>VideoLogoArt</include>
		</control>
	</include>
</includes>