<?xml version="1.0" encoding="utf-8"?>
<includes>
	<include name="AlbumArtMusicVizWall">
		<control type="group">
			<visible>[IsEmpty(Player.Art(Fanart)) + IsEmpty(Control.GetLabel(5043)) + IsEmpty(Control.GetLabel(5044))] | Skin.HasSetting(HideVisualizationFanart)</visible>
			<left>-35</left>
			<top>-15</top>
			<control type="image">
				<left>0</left>
				<top>0</top>
				<width>150</width>
				<height>150</height>
				<aspectratio>stretch</aspectratio>
				<texture background="true" fallback="DefaultAlbumCover.png">$INFO[Window(Home).Property(RandomAlbum.2.Thumb )]</texture>
				<visible>!IsEmpty(Window(Home).Property(RandomAlbum.2.Thumb ))</visible>
			</control>
			<control type="image">
				<left>0</left>
				<top>0</top>
				<width>150</width>
				<height>150</height>
				<aspectratio>stretch</aspectratio>
				<texture background="true" fallback="DefaultAlbumCover.png">$INFO[Window(Home).Property(LatestAlbum.9.Thumb)]</texture>
				<visible>IsEmpty(Window(Home).Property(RandomAlbum.2.Thumb ))</visible>
			</control>
			<control type="image">
				<left>150</left>
				<top>0</top>
				<width>150</width>
				<height>150</height>
				<aspectratio>stretch</aspectratio>
				<texture background="true" fallback="DefaultAlbumCover.png">$INFO[Window(Home).Property(RandomAlbum.15.Thumb )]</texture>
				<visible>!IsEmpty(Window(Home).Property(RandomAlbum.15.Thumb ))</visible>
			</control>
			<control type="image">
				<left>150</left>
				<top>0</top>
				<width>150</width>
				<height>150</height>
				<aspectratio>stretch</aspectratio>
				<texture background="true" fallback="DefaultAlbumCover.png">$INFO[Window(Home).Property(LatestAlbum.4.Thumb)]</texture>
				<visible>IsEmpty(Window(Home).Property(RandomAlbum.15.Thumb ))</visible>
			</control>
			<control type="image">
				<left>300</left>
				<top>0</top>
				<width>150</width>
				<height>150</height>
				<aspectratio>stretch</aspectratio>
				<texture background="true" fallback="DefaultAlbumCover.png">$INFO[Window(Home).Property(RandomAlbum.10.Thumb )]</texture>
				<visible>!IsEmpty(Window(Home).Property(RandomAlbum.10.Thumb ))</visible>
			</control>
			<control type="image">
				<left>300</left>
				<top>0</top>
				<width>150</width>
				<height>150</height>
				<aspectratio>stretch</aspectratio>
				<texture background="true" fallback="DefaultAlbumCover.png">$INFO[Window(Home).Property(LatestAlbum.4.Thumb)]</texture>
				<visible>IsEmpty(Window(Home).Property(RandomAlbum.10.Thumb ))</visible>
			</control>
			<control type="image">
				<left>450</left>
				<top>0</top>
				<width>150</width>
				<height>150</height>
				<aspectratio>stretch</aspectratio>
				<texture background="true" fallback="DefaultAlbumCover.png">$INFO[Window(Home).Property(RandomAlbum.9.Thumb )]</texture>
				<visible>!IsEmpty(Window(Home).Property(RandomAlbum.9.Thumb ))</visible>
			</control>
			<control type="image">
				<left>450</left>
				<top>0</top>
				<width>150</width>
				<height>150</height>
				<aspectratio>stretch</aspectratio>
				<texture background="true" fallback="DefaultAlbumCover.png">$INFO[Window(Home).Property(LatestAlbum.2.Thumb)]</texture>
				<visible>IsEmpty(Window(Home).Property(RandomAlbum.9.Thumb ))</visible>
			</control>
			<control type="image">
				<left>600</left>
				<top>0</top>
				<width>150</width>
				<height>150</height>
				<aspectratio>stretch</aspectratio>
				<texture background="true" fallback="DefaultAlbumCover.png">$INFO[Window(Home).Property(RandomAlbum.5.Thumb )]</texture>
				<visible>!IsEmpty(Window(Home).Property(RandomAlbum.5.Thumb ))</visible>
			</control>
			<control type="image">
				<left>600</left>
				<top>0</top>
				<width>150</width>
				<height>150</height>
				<aspectratio>stretch</aspectratio>
				<texture background="true" fallback="DefaultAlbumCover.png">$INFO[Window(Home).Property(LatestAlbum.5.Thumb)]</texture>
				<visible>IsEmpty(Window(Home).Property(RandomAlbum.5.Thumb ))</visible>
			</control>
			<control type="image">
				<left>750</left>
				<top>0</top>
				<width>150</width>
				<height>150</height>
				<aspectratio>stretch</aspectratio>
				<texture background="true" fallback="DefaultAlbumCover.png">$INFO[Window(Home).Property(RandomAlbum.19.Thumb )]</texture>
				<visible>!IsEmpty(Window(Home).Property(RandomAlbum.19.Thumb ))</visible>
			</control>
			<control type="image">
				<left>750</left>
				<top>0</top>
				<width>150</width>
				<height>150</height>
				<aspectratio>stretch</aspectratio>
				<texture background="true" fallback="DefaultAlbumCover.png">$INFO[Window(Home).Property(LatestAlbum.8.Thumb)]</texture>
				<visible>IsEmpty(Window(Home).Property(RandomAlbum.19.Thumb ))</visible>
			</control>
			<control type="image">
				<left>900</left>
				<top>0</top>
				<width>150</width>
				<height>150</height>
				<aspectratio>stretch</aspectratio>
				<texture background="true" fallback="DefaultAlbumCover.png">$INFO[Window(Home).Property(RandomAlbum.12.Thumb )]</texture>
				<visible>!IsEmpty(Window(Home).Property(RandomAlbum.12.Thumb ))</visible>
			</control>
			<control type="image">
				<left>900</left>
				<top>0</top>
				<width>150</width>
				<height>150</height>
				<aspectratio>stretch</aspectratio>
				<texture background="true" fallback="DefaultAlbumCover.png">$INFO[Window(Home).Property(LatestAlbum.1.Thumb)]</texture>
				<visible>IsEmpty(Window(Home).Property(RandomAlbum.12.Thumb ))</visible>
			</control>
			<control type="image">
				<left>1050</left>
				<top>0</top>
				<width>150</width>
				<height>150</height>
				<aspectratio>stretch</aspectratio>
				<texture background="true" fallback="DefaultAlbumCover.png">$INFO[Window(Home).Property(RandomAlbum.16.Thumb )]</texture>
				<visible>!IsEmpty(Window(Home).Property(RandomAlbum.16.Thumb ))</visible>
			</control>
			<control type="image">
				<left>1050</left>
				<top>0</top>
				<width>150</width>
				<height>150</height>
				<aspectratio>stretch</aspectratio>
				<texture background="true" fallback="DefaultAlbumCover.png">$INFO[Window(Home).Property(LatestAlbum.6.Thumb)]</texture>
				<visible>IsEmpty(Window(Home).Property(RandomAlbum.16.Thumb ))</visible>
			</control>
			<control type="image">
				<left>1200</left>
				<top>0</top>
				<width>150</width>
				<height>150</height>
				<aspectratio>stretch</aspectratio>
				<texture background="true" fallback="DefaultAlbumCover.png">$INFO[Window(Home).Property(RandomAlbum.8.Thumb )]</texture>
				<visible>!IsEmpty(Window(Home).Property(RandomAlbum.8.Thumb ))</visible>
			</control>
			<control type="image">
				<left>1200</left>
				<top>0</top>
				<width>150</width>
				<height>150</height>
				<aspectratio>stretch</aspectratio>
				<texture background="true" fallback="DefaultAlbumCover.png">$INFO[Window(Home).Property(LatestAlbum.10.Thumb)]</texture>
				<visible>IsEmpty(Window(Home).Property(RandomAlbum.8.Thumb ))</visible>
			</control>
			<control type="image">
				<left>0</left>
				<top>150</top>
				<width>150</width>
				<height>150</height>
				<aspectratio>stretch</aspectratio>
				<texture background="true" fallback="DefaultAlbumCover.png">$INFO[Window(Home).Property(RandomAlbum.7.Thumb )]</texture>
				<visible>!IsEmpty(Window(Home).Property(RandomAlbum.7.Thumb ))</visible>
			</control>
			<control type="image">
				<left>0</left>
				<top>150</top>
				<width>150</width>
				<height>150</height>
				<aspectratio>stretch</aspectratio>
				<texture background="true" fallback="DefaultAlbumCover.png">$INFO[Window(Home).Property(LatestAlbum.3.Thumb)]</texture>
				<visible>IsEmpty(Window(Home).Property(RandomAlbum.7.Thumb ))</visible>
			</control>
			<control type="image">
				<left>150</left>
				<top>150</top>
				<width>150</width>
				<height>150</height>
				<aspectratio>stretch</aspectratio>
				<texture background="true" fallback="DefaultAlbumCover.png">$INFO[Window(Home).Property(RandomAlbum.13.Thumb )]</texture>
				<visible>!IsEmpty(Window(Home).Property(RandomAlbum.13.Thumb ))</visible>
			</control>
			<control type="image">
				<left>150</left>
				<top>150</top>
				<width>150</width>
				<height>150</height>
				<aspectratio>stretch</aspectratio>
				<texture background="true" fallback="DefaultAlbumCover.png">$INFO[Window(Home).Property(LatestAlbum.7.Thumb)]</texture>
				<visible>IsEmpty(Window(Home).Property(RandomAlbum.13.Thumb ))</visible>
			</control>
			<control type="image">
				<left>300</left>
				<top>150</top>
				<width>150</width>
				<height>150</height>
				<aspectratio>stretch</aspectratio>
				<texture background="true" fallback="DefaultAlbumCover.png">$INFO[Window(Home).Property(RandomAlbum.17.Thumb )]</texture>
				<visible>!IsEmpty(Window(Home).Property(RandomAlbum.17.Thumb ))</visible>
			</control>
			<control type="image">
				<left>300</left>
				<top>150</top>
				<width>150</width>
				<height>150</height>
				<aspectratio>stretch</aspectratio>
				<texture background="true" fallback="DefaultAlbumCover.png">$INFO[Window(Home).Property(LatestAlbum.2.Thumb)]</texture>
				<visible>IsEmpty(Window(Home).Property(RandomAlbum.17.Thumb ))</visible>
			</control>
			<control type="image">
				<left>450</left>
				<top>150</top>
				<width>150</width>
				<height>150</height>
				<aspectratio>stretch</aspectratio>
				<texture background="true" fallback="DefaultAlbumCover.png">$INFO[Window(Home).Property(RandomAlbum.11.Thumb )]</texture>
				<visible>!IsEmpty(Window(Home).Property(RandomAlbum.11.Thumb ))</visible>
			</control>
			<control type="image">
				<left>450</left>
				<top>150</top>
				<width>150</width>
				<height>150</height>
				<aspectratio>stretch</aspectratio>
				<texture background="true" fallback="DefaultAlbumCover.png">$INFO[Window(Home).Property(LatestAlbum.6.Thumb)]</texture>
				<visible>IsEmpty(Window(Home).Property(RandomAlbum.11.Thumb ))</visible>
			</control>
			<control type="image">
				<left>600</left>
				<top>150</top>
				<width>150</width>
				<height>150</height>
				<aspectratio>stretch</aspectratio>
				<texture background="true" fallback="DefaultAlbumCover.png">$INFO[Window(Home).Property(RandomAlbum.3.Thumb )]</texture>
				<visible>!IsEmpty(Window(Home).Property(RandomAlbum.3.Thumb ))</visible>
			</control>
			<control type="image">
				<left>600</left>
				<top>150</top>
				<width>150</width>
				<height>150</height>
				<aspectratio>stretch</aspectratio>
				<texture background="true" fallback="DefaultAlbumCover.png">$INFO[Window(Home).Property(LatestAlbum.1.Thumb)]</texture>
				<visible>IsEmpty(Window(Home).Property(RandomAlbum.3.Thumb ))</visible>
			</control>
			<control type="image">
				<left>750</left>
				<top>150</top>
				<width>150</width>
				<height>150</height>
				<aspectratio>stretch</aspectratio>
				<texture background="true" fallback="DefaultAlbumCover.png">$INFO[Window(Home).Property(RandomAlbum.1.Thumb )]</texture>
				<visible>!IsEmpty(Window(Home).Property(RandomAlbum.1.Thumb ))</visible>
			</control>
			<control type="image">
				<left>750</left>
				<top>150</top>
				<width>150</width>
				<height>150</height>
				<aspectratio>stretch</aspectratio>
				<texture background="true" fallback="DefaultAlbumCover.png">$INFO[Window(Home).Property(LatestAlbum.5.Thumb)]</texture>
				<visible>IsEmpty(Window(Home).Property(RandomAlbum.1.Thumb ))</visible>
			</control>
			<control type="image">
				<left>900</left>
				<top>150</top>
				<width>150</width>
				<height>150</height>
				<aspectratio>stretch</aspectratio>
				<texture background="true" fallback="DefaultAlbumCover.png">$INFO[Window(Home).Property(RandomAlbum.20.Thumb )]</texture>
				<visible>!IsEmpty(Window(Home).Property(RandomAlbum.20.Thumb ))</visible>
			</control>
			<control type="image">
				<left>900</left>
				<top>150</top>
				<width>150</width>
				<height>150</height>
				<aspectratio>stretch</aspectratio>
				<texture background="true" fallback="DefaultAlbumCover.png">$INFO[Window(Home).Property(LatestAlbum.4.Thumb)]</texture>
				<visible>IsEmpty(Window(Home).Property(RandomAlbum.20.Thumb ))</visible>
			</control>
			<control type="image">
				<left>1050</left>
				<top>150</top>
				<width>150</width>
				<height>150</height>
				<aspectratio>stretch</aspectratio>
				<texture background="true" fallback="DefaultAlbumCover.png">$INFO[Window(Home).Property(RandomAlbum.4.Thumb )]</texture>
				<visible>!IsEmpty(Window(Home).Property(RandomAlbum.4.Thumb ))</visible>
			</control>
			<control type="image">
				<left>1050</left>
				<top>150</top>
				<width>150</width>
				<height>150</height>
				<aspectratio>stretch</aspectratio>
				<texture background="true" fallback="DefaultAlbumCover.png">$INFO[Window(Home).Property(LatestAlbum.3.Thumb)]</texture>
				<visible>IsEmpty(Window(Home).Property(RandomAlbum.4.Thumb ))</visible>
			</control>
			<control type="image">
				<left>1200</left>
				<top>150</top>
				<width>150</width>
				<height>150</height>
				<aspectratio>stretch</aspectratio>
				<texture background="true" fallback="DefaultAlbumCover.png">$INFO[Window(Home).Property(RandomAlbum.14.Thumb )]</texture>
				<visible>!IsEmpty(Window(Home).Property(RandomAlbum.14.Thumb ))</visible>
			</control>
			<control type="image">
				<left>1200</left>
				<top>150</top>
				<width>150</width>
				<height>150</height>
				<aspectratio>stretch</aspectratio>
				<texture background="true" fallback="DefaultAlbumCover.png">$INFO[Window(Home).Property(LatestAlbum.10.Thumb)]</texture>
				<visible>IsEmpty(Window(Home).Property(RandomAlbum.14.Thumb ))</visible>
			</control>
			<control type="image">
				<left>0</left>
				<top>300</top>
				<width>150</width>
				<height>150</height>
				<aspectratio>stretch</aspectratio>
				<texture background="true" fallback="DefaultAlbumCover.png">$INFO[Window(Home).Property(RandomAlbum.6.Thumb )]</texture>
				<visible>!IsEmpty(Window(Home).Property(RandomAlbum.6.Thumb ))</visible>
			</control>
			<control type="image">
				<left>0</left>
				<top>300</top>
				<width>150</width>
				<height>150</height>
				<aspectratio>stretch</aspectratio>
				<texture background="true" fallback="DefaultAlbumCover.png">$INFO[Window(Home).Property(LatestAlbum.7.Thumb)]</texture>
				<visible>IsEmpty(Window(Home).Property(RandomAlbum.6.Thumb ))</visible>
			</control>
			<control type="image">
				<left>150</left>
				<top>300</top>
				<width>150</width>
				<height>150</height>
				<aspectratio>stretch</aspectratio>
				<texture background="true" fallback="DefaultAlbumCover.png">$INFO[Window(Home).Property(RandomAlbum.18.Thumb )]</texture>
				<visible>!IsEmpty(Window(Home).Property(RandomAlbum.18.Thumb ))</visible>
			</control>
			<control type="image">
				<left>150</left>
				<top>300</top>
				<width>150</width>
				<height>150</height>
				<aspectratio>stretch</aspectratio>
				<texture background="true" fallback="DefaultAlbumCover.png">$INFO[Window(Home).Property(LatestAlbum.8.Thumb)]</texture>
				<visible>IsEmpty(Window(Home).Property(RandomAlbum.18.Thumb ))</visible>
			</control>
			<control type="image">
				<left>300</left>
				<top>300</top>
				<width>150</width>
				<height>150</height>
				<aspectratio>stretch</aspectratio>
				<texture background="true" fallback="DefaultAlbumCover.png">$INFO[Window(Home).Property(RandomAlbum.13.Thumb )]</texture>
				<visible>!IsEmpty(Window(Home).Property(RandomAlbum.13.Thumb ))</visible>
			</control>
			<control type="image">
				<left>300</left>
				<top>300</top>
				<width>150</width>
				<height>150</height>
				<aspectratio>stretch</aspectratio>
				<texture background="true" fallback="DefaultAlbumCover.png">$INFO[Window(Home).Property(LatestAlbum.9.Thumb)]</texture>
				<visible>IsEmpty(Window(Home).Property(RandomAlbum.13.Thumb ))</visible>
			</control>
			<control type="image">
				<left>450</left>
				<top>300</top>
				<width>150</width>
				<height>150</height>
				<aspectratio>stretch</aspectratio>
				<texture background="true" fallback="DefaultAlbumCover.png">$INFO[Window(Home).Property(RandomAlbum.9.Thumb )]</texture>
				<visible>!IsEmpty(Window(Home).Property(RandomAlbum.9.Thumb ))</visible>
			</control>
			<control type="image">
				<left>450</left>
				<top>300</top>
				<width>150</width>
				<height>150</height>
				<aspectratio>stretch</aspectratio>
				<texture background="true" fallback="DefaultAlbumCover.png">$INFO[Window(Home).Property(LatestAlbum.5.Thumb)]</texture>
				<visible>IsEmpty(Window(Home).Property(RandomAlbum.9.Thumb ))</visible>
			</control>
			<control type="image">
				<left>600</left>
				<top>300</top>
				<width>150</width>
				<height>150</height>
				<aspectratio>stretch</aspectratio>
				<texture background="true" fallback="DefaultAlbumCover.png">$INFO[Window(Home).Property(RandomAlbum.5.Thumb )]</texture>
				<visible>!IsEmpty(Window(Home).Property(RandomAlbum.5.Thumb ))</visible>
			</control>
			<control type="image">
				<left>600</left>
				<top>300</top>
				<width>150</width>
				<height>150</height>
				<aspectratio>stretch</aspectratio>
				<texture background="true" fallback="DefaultAlbumCover.png">$INFO[Window(Home).Property(LatestAlbum.3.Thumb)]</texture>
				<visible>IsEmpty(Window(Home).Property(RandomAlbum.5.Thumb ))</visible>
			</control>
			<control type="image">
				<left>750</left>
				<top>300</top>
				<width>150</width>
				<height>150</height>
				<aspectratio>stretch</aspectratio>
				<texture background="true" fallback="DefaultAlbumCover.png">$INFO[Window(Home).Property(RandomAlbum.20.Thumb )]</texture>
				<visible>!IsEmpty(Window(Home).Property(RandomAlbum.20.Thumb ))</visible>
			</control>
			<control type="image">
				<left>750</left>
				<top>300</top>
				<width>150</width>
				<height>150</height>
				<aspectratio>stretch</aspectratio>
				<texture background="true" fallback="DefaultAlbumCover.png">$INFO[Window(Home).Property(LatestAlbum.2.Thumb)]</texture>
				<visible>IsEmpty(Window(Home).Property(RandomAlbum.20.Thumb ))</visible>
			</control>
			<control type="image">
				<left>900</left>
				<top>300</top>
				<width>150</width>
				<height>150</height>
				<aspectratio>stretch</aspectratio>
				<texture background="true" fallback="DefaultAlbumCover.png">$INFO[Window(Home).Property(RandomAlbum.17.Thumb )]</texture>
				<visible>!IsEmpty(Window(Home).Property(RandomAlbum.17.Thumb ))</visible>
			</control>
			<control type="image">
				<left>900</left>
				<top>300</top>
				<width>150</width>
				<height>150</height>
				<aspectratio>stretch</aspectratio>
				<texture background="true" fallback="DefaultAlbumCover.png">$INFO[Window(Home).Property(LatestAlbum.10.Thumb)]</texture>
				<visible>IsEmpty(Window(Home).Property(RandomAlbum.17.Thumb ))</visible>
			</control>
			<control type="image">
				<left>1050</left>
				<top>300</top>
				<width>150</width>
				<height>150</height>
				<aspectratio>stretch</aspectratio>
				<texture background="true" fallback="DefaultAlbumCover.png">$INFO[Window(Home).Property(RandomAlbum.7.Thumb )]</texture>
				<visible>!IsEmpty(Window(Home).Property(RandomAlbum.7.Thumb ))</visible>
			</control>
			<control type="image">
				<left>1050</left>
				<top>300</top>
				<width>150</width>
				<height>150</height>
				<aspectratio>stretch</aspectratio>
				<texture background="true" fallback="DefaultAlbumCover.png">$INFO[Window(Home).Property(LatestAlbum.9.Thumb)]</texture>
				<visible>IsEmpty(Window(Home).Property(RandomAlbum.7.Thumb ))</visible>
			</control>
			<control type="image">
				<left>1200</left>
				<top>300</top>
				<width>150</width>
				<height>150</height>
				<aspectratio>stretch</aspectratio>
				<texture background="true" fallback="DefaultAlbumCover.png">$INFO[Window(Home).Property(RandomAlbum.16.Thumb )]</texture>
				<visible>!IsEmpty(Window(Home).Property(RandomAlbum.16.Thumb ))</visible>
			</control>
			<control type="image">
				<left>1200</left>
				<top>300</top>
				<width>150</width>
				<height>150</height>
				<aspectratio>stretch</aspectratio>
				<texture background="true" fallback="DefaultAlbumCover.png">$INFO[Window(Home).Property(LatestAlbum.8.Thumb)]</texture>
				<visible>IsEmpty(Window(Home).Property(RandomAlbum.16.Thumb ))</visible>
			</control>
			<control type="image">
				<left>0</left>
				<top>450</top>
				<width>150</width>
				<height>150</height>
				<aspectratio>stretch</aspectratio>
				<texture background="true" fallback="DefaultAlbumCover.png">$INFO[Window(Home).Property(RandomAlbum.11.Thumb )]</texture>
				<visible>!IsEmpty(Window(Home).Property(RandomAlbum.11.Thumb ))</visible>
			</control>
			<control type="image">
				<left>0</left>
				<top>450</top>
				<width>150</width>
				<height>150</height>
				<aspectratio>stretch</aspectratio>
				<texture background="true" fallback="DefaultAlbumCover.png">$INFO[Window(Home).Property(LatestAlbum.4.Thumb)]</texture>
				<visible>IsEmpty(Window(Home).Property(RandomAlbum.11.Thumb ))</visible>
			</control>
			<control type="image">
				<left>150</left>
				<top>450</top>
				<width>150</width>
				<height>150</height>
				<aspectratio>stretch</aspectratio>
				<texture background="true" fallback="DefaultAlbumCover.png">$INFO[Window(Home).Property(RandomAlbum.3.Thumb )]</texture>
				<visible>!IsEmpty(Window(Home).Property(RandomAlbum.3.Thumb ))</visible>
			</control>
			<control type="image">
				<left>150</left>
				<top>450</top>
				<width>150</width>
				<height>150</height>
				<aspectratio>stretch</aspectratio>
				<texture background="true" fallback="DefaultAlbumCover.png">$INFO[Window(Home).Property(LatestAlbum.7.Thumb)]</texture>
				<visible>IsEmpty(Window(Home).Property(RandomAlbum.3.Thumb ))</visible>
			</control>
			<control type="image">
				<left>300</left>
				<top>450</top>
				<width>150</width>
				<height>150</height>
				<aspectratio>stretch</aspectratio>
				<texture background="true" fallback="DefaultAlbumCover.png">$INFO[Window(Home).Property(RandomAlbum.12.Thumb )]</texture>
				<visible>!IsEmpty(Window(Home).Property(RandomAlbum.12.Thumb ))</visible>
			</control>
			<control type="image">
				<left>300</left>
				<top>450</top>
				<width>150</width>
				<height>150</height>
				<aspectratio>stretch</aspectratio>
				<texture background="true" fallback="DefaultAlbumCover.png">$INFO[Window(Home).Property(LatestAlbum.1.Thumb)]</texture>
				<visible>IsEmpty(Window(Home).Property(RandomAlbum.12.Thumb ))</visible>
			</control>
			<control type="image">
				<left>450</left>
				<top>450</top>
				<width>150</width>
				<height>150</height>
				<aspectratio>stretch</aspectratio>
				<texture background="true" fallback="DefaultAlbumCover.png">$INFO[Window(Home).Property(RandomAlbum.2.Thumb )]</texture>
				<visible>!IsEmpty(Window(Home).Property(RandomAlbum.2.Thumb ))</visible>
			</control>
			<control type="image">
				<left>450</left>
				<top>450</top>
				<width>150</width>
				<height>150</height>
				<aspectratio>stretch</aspectratio>
				<texture background="true" fallback="DefaultAlbumCover.png">$INFO[Window(Home).Property(LatestAlbum.6.Thumb)]</texture>
				<visible>IsEmpty(Window(Home).Property(RandomAlbum.2.Thumb ))</visible>
			</control>
			<control type="image">
				<left>600</left>
				<top>450</top>
				<width>150</width>
				<height>150</height>
				<aspectratio>stretch</aspectratio>
				<texture background="true" fallback="DefaultAlbumCover.png">$INFO[Window(Home).Property(RandomAlbum.1.Thumb )]</texture>
				<visible>!IsEmpty(Window(Home).Property(RandomAlbum.1.Thumb ))</visible>
			</control>
			<control type="image">
				<left>600</left>
				<top>450</top>
				<width>150</width>
				<height>150</height>
				<aspectratio>stretch</aspectratio>
				<texture background="true" fallback="DefaultAlbumCover.png">$INFO[Window(Home).Property(LatestAlbum.8.Thumb)]</texture>
				<visible>IsEmpty(Window(Home).Property(RandomAlbum.1.Thumb ))</visible>
			</control>
			<control type="image">
				<left>750</left>
				<top>450</top>
				<width>150</width>
				<height>150</height>
				<aspectratio>stretch</aspectratio>
				<texture background="true" fallback="DefaultAlbumCover.png">$INFO[Window(Home).Property(RandomAlbum.10.Thumb )]</texture>
				<visible>!IsEmpty(Window(Home).Property(RandomAlbum.10.Thumb ))</visible>
			</control>
			<control type="image">
				<left>750</left>
				<top>450</top>
				<width>150</width>
				<height>150</height>
				<aspectratio>stretch</aspectratio>
				<texture background="true" fallback="DefaultAlbumCover.png">$INFO[Window(Home).Property(LatestAlbum.7.Thumb)]</texture>
				<visible>IsEmpty(Window(Home).Property(RandomAlbum.10.Thumb ))</visible>
			</control>
			<control type="image">
				<left>900</left>
				<top>450</top>
				<width>150</width>
				<height>150</height>
				<aspectratio>stretch</aspectratio>
				<texture background="true" fallback="DefaultAlbumCover.png">$INFO[Window(Home).Property(RandomAlbum.18.Thumb )]</texture>
				<visible>!IsEmpty(Window(Home).Property(RandomAlbum.18.Thumb ))</visible>
			</control>
			<control type="image">
				<left>900</left>
				<top>450</top>
				<width>150</width>
				<height>150</height>
				<aspectratio>stretch</aspectratio>
				<texture background="true" fallback="DefaultAlbumCover.png">$INFO[Window(Home).Property(LatestAlbum.9.Thumb)]</texture>
				<visible>IsEmpty(Window(Home).Property(RandomAlbum.18.Thumb ))</visible>
			</control>
			<control type="image">
				<left>1050</left>
				<top>450</top>
				<width>150</width>
				<height>150</height>
				<aspectratio>stretch</aspectratio>
				<texture background="true" fallback="DefaultAlbumCover.png">$INFO[Window(Home).Property(RandomAlbum.6.Thumb )]</texture>
				<visible>!IsEmpty(Window(Home).Property(RandomAlbum.6.Thumb ))</visible>
			</control>
			<control type="image">
				<left>1050</left>
				<top>450</top>
				<width>150</width>
				<height>150</height>
				<aspectratio>stretch</aspectratio>
				<texture background="true" fallback="DefaultAlbumCover.png">$INFO[Window(Home).Property(LatestAlbum.2.Thumb)]</texture>
				<visible>IsEmpty(Window(Home).Property(RandomAlbum.6.Thumb ))</visible>
			</control>
			<control type="image">
				<left>1200</left>
				<top>450</top>
				<width>150</width>
				<height>150</height>
				<aspectratio>stretch</aspectratio>
				<texture background="true" fallback="DefaultAlbumCover.png">$INFO[Window(Home).Property(RandomAlbum.19.Thumb )]</texture>
				<visible>!IsEmpty(Window(Home).Property(RandomAlbum.19.Thumb ))</visible>
			</control>
			<control type="image">
				<left>1200</left>
				<top>450</top>
				<width>150</width>
				<height>150</height>
				<aspectratio>stretch</aspectratio>
				<texture background="true" fallback="DefaultAlbumCover.png">$INFO[Window(Home).Property(LatestAlbum.10.Thumb)]</texture>
				<visible>IsEmpty(Window(Home).Property(RandomAlbum.19.Thumb ))</visible>
			</control>
			<control type="image">
				<left>0</left>
				<top>600</top>
				<width>150</width>
				<height>150</height>
				<aspectratio>stretch</aspectratio>
				<texture background="true" fallback="DefaultAlbumCover.png">$INFO[Window(Home).Property(RandomAlbum.14.Thumb )]</texture>
				<visible>!IsEmpty(Window(Home).Property(RandomAlbum.14.Thumb ))</visible>
			</control>
			<control type="image">
				<left>0</left>
				<top>600</top>
				<width>150</width>
				<height>150</height>
				<aspectratio>stretch</aspectratio>
				<texture background="true" fallback="DefaultAlbumCover.png">$INFO[Window(Home).Property(LatestAlbum.3.Thumb)]</texture>
				<visible>IsEmpty(Window(Home).Property(RandomAlbum.14.Thumb ))</visible>
			</control>
			<control type="image">
				<left>150</left>
				<top>600</top>
				<width>150</width>
				<height>150</height>
				<aspectratio>stretch</aspectratio>
				<texture background="true" fallback="DefaultAlbumCover.png">$INFO[Window(Home).Property(RandomAlbum.15.Thumb )]</texture>
				<visible>!IsEmpty(Window(Home).Property(RandomAlbum.15.Thumb ))</visible>
			</control>
			<control type="image">
				<left>150</left>
				<top>600</top>
				<width>150</width>
				<height>150</height>
				<aspectratio>stretch</aspectratio>
				<texture background="true" fallback="DefaultAlbumCover.png">$INFO[Window(Home).Property(LatestAlbum.5.Thumb)]</texture>
				<visible>IsEmpty(Window(Home).Property(RandomAlbum.15.Thumb ))</visible>
			</control>
			<control type="image">
				<left>300</left>
				<top>600</top>
				<width>150</width>
				<height>150</height>
				<aspectratio>stretch</aspectratio>
				<texture background="true" fallback="DefaultAlbumCover.png">$INFO[Window(Home).Property(RandomAlbum.8.Thumb )]</texture>
				<visible>!IsEmpty(Window(Home).Property(RandomAlbum.8.Thumb ))</visible>
			</control>
			<control type="image">
				<left>300</left>
				<top>600</top>
				<width>150</width>
				<height>150</height>
				<aspectratio>stretch</aspectratio>
				<texture background="true" fallback="DefaultAlbumCover.png">$INFO[Window(Home).Property(LatestAlbum.8.Thumb)]</texture>
				<visible>IsEmpty(Window(Home).Property(RandomAlbum.8.Thumb ))</visible>
			</control>
			<control type="image">
				<left>450</left>
				<top>600</top>
				<width>150</width>
				<height>150</height>
				<aspectratio>stretch</aspectratio>
				<texture background="true" fallback="DefaultAlbumCover.png">$INFO[Window(Home).Property(RandomAlbum.4.Thumb )]</texture>
				<visible>!IsEmpty(Window(Home).Property(RandomAlbum.4.Thumb ))</visible>
			</control>
			<control type="image">
				<left>450</left>
				<top>600</top>
				<width>150</width>
				<height>150</height>
				<aspectratio>stretch</aspectratio>
				<texture background="true" fallback="DefaultAlbumCover.png">$INFO[Window(Home).Property(LatestAlbum.1.Thumb)]</texture>
				<visible>IsEmpty(Window(Home).Property(RandomAlbum.4.Thumb ))</visible>
			</control>
			<control type="image">
				<left>600</left>
				<top>600</top>
				<width>150</width>
				<height>150</height>
				<aspectratio>stretch</aspectratio>
				<texture background="true" fallback="DefaultAlbumCover.png">$INFO[Window(Home).Property(RandomAlbum.6.Thumb )]</texture>
				<visible>!IsEmpty(Window(Home).Property(RandomAlbum.6.Thumb ))</visible>
			</control>
			<control type="image">
				<left>600</left>
				<top>600</top>
				<width>150</width>
				<height>150</height>
				<aspectratio>stretch</aspectratio>
				<texture background="true" fallback="DefaultAlbumCover.png">$INFO[Window(Home).Property(LatestAlbum.4.Thumb)]</texture>
				<visible>IsEmpty(Window(Home).Property(RandomAlbum.6.Thumb ))</visible>
			</control>
			<control type="image">
				<left>750</left>
				<top>600</top>
				<width>150</width>
				<height>150</height>
				<aspectratio>stretch</aspectratio>
				<texture background="true" fallback="DefaultAlbumCover.png">$INFO[Window(Home).Property(RandomAlbum.3.Thumb )]</texture>
				<visible>!IsEmpty(Window(Home).Property(RandomAlbum.3.Thumb ))</visible>
			</control>
			<control type="image">
				<left>750</left>
				<top>600</top>
				<width>150</width>
				<height>150</height>
				<aspectratio>stretch</aspectratio>
				<texture background="true" fallback="DefaultAlbumCover.png">$INFO[Window(Home).Property(LatestAlbum.5.Thumb)]</texture>
				<visible>IsEmpty(Window(Home).Property(RandomAlbum.3.Thumb ))</visible>
			</control>
			<control type="image">
				<left>900</left>
				<top>600</top>
				<width>150</width>
				<height>150</height>
				<aspectratio>stretch</aspectratio>
				<texture background="true" fallback="DefaultAlbumCover.png">$INFO[Window(Home).Property(RandomAlbum.1.Thumb )]</texture>
				<visible>!IsEmpty(Window(Home).Property(RandomAlbum.1.Thumb ))</visible>
			</control>
			<control type="image">
				<left>900</left>
				<top>600</top>
				<width>150</width>
				<height>150</height>
				<aspectratio>stretch</aspectratio>
				<texture background="true" fallback="DefaultAlbumCover.png">$INFO[Window(Home).Property(LatestAlbum.7.Thumb)]</texture>
				<visible>IsEmpty(Window(Home).Property(RandomAlbum.1.Thumb ))</visible>
			</control>
			<control type="image">
				<left>1050</left>
				<top>600</top>
				<width>150</width>
				<height>150</height>
				<aspectratio>stretch</aspectratio>
				<texture background="true" fallback="DefaultAlbumCover.png">$INFO[Window(Home).Property(RandomAlbum.10.Thumb )]</texture>
				<visible>!IsEmpty(Window(Home).Property(RandomAlbum.10.Thumb ))</visible>
			</control>
			<control type="image">
				<left>1050</left>
				<top>600</top>
				<width>150</width>
				<height>150</height>
				<aspectratio>stretch</aspectratio>
				<texture background="true" fallback="DefaultAlbumCover.png">$INFO[Window(Home).Property(LatestAlbum.10.Thumb)]</texture>
				<visible>IsEmpty(Window(Home).Property(RandomAlbum.10.Thumb ))</visible>
			</control>
			<control type="image">
				<left>1200</left>
				<top>600</top>
				<width>150</width>
				<height>150</height>
				<aspectratio>stretch</aspectratio>
				<texture background="true" fallback="DefaultAlbumCover.png">$INFO[Window(Home).Property(RandomAlbum.16.Thumb )]</texture>
				<visible>!IsEmpty(Window(Home).Property(RandomAlbum.16.Thumb ))</visible>
			</control>
			<control type="image">
				<left>1200</left>
				<top>600</top>
				<width>150</width>
				<height>150</height>
				<aspectratio>stretch</aspectratio>
				<texture background="true" fallback="DefaultAlbumCover.png">$INFO[Window(Home).Property(LatestAlbum.9.Thumb)]</texture>
				<visible>IsEmpty(Window(Home).Property(RandomAlbum.16.Thumb ))</visible>
			</control>
		</control>
		<control type="image">
			<include>Dimensions_Fullscreen</include>
			<texture background="true">cdwall-grid.png</texture>
			<visible>[IsEmpty(Player.Art(Fanart)) + IsEmpty(Control.GetLabel(5043)) + IsEmpty(Control.GetLabel(5044))] | Skin.HasSetting(HideVisualizationFanart)</visible>
		</control>
		<control type="image">
			<include>Dimensions_Fullscreen</include>
			<aspectratio>stretch</aspectratio>
			<colordiffuse>AAFFFFFF</colordiffuse>
			<texture>black-back.png</texture>
			<visible>[IsEmpty(Player.Art(Fanart)) + IsEmpty(Control.GetLabel(5043)) + IsEmpty(Control.GetLabel(5044))] | Skin.HasSetting(HideVisualizationFanart)</visible>
		</control>
	</include>
</includes>