<?xml version="1.0" encoding="UTF-8"?>
<includes>
	<include file="defaults.xml" />
	<include file="IncludesVariables.xml" />
	<include file="ViewsVideoLibrary.xml" />
	<include file="ViewsMusicLibrary.xml" />
	<include file="ViewsFileMode.xml" />
	<include file="ViewsPictures.xml" />
	<include file="ViewsAddonBrowser.xml" />
	<include file="ViewsLiveTV.xml" />
	<include file="ViewsPVR.xml" />
	<include file="IncludesCodecFlagging.xml" />
	<!--include file="IncludesHomeRecentlyAdded.xml"/-->
	<include file="IncludesHomePanel.xml" />
	<include file="IncludesHomePanelContent.xml" />
	<include file="IncludesHomeWeather.xml" />
	<include file="IncludesHomeMenuItems.xml" />
	<include file="IncludesBackgroundBuilding.xml" />
	<include file="IncludesCDWall.xml" />
	<include file="IncludesMenuContentItems.xml" />
	<constant name="FanartCrossfadeTime">500</constant>
	<constant name="IconCrossfadeTime">400</constant>
	<variable name="BannerThumb">
		<value condition="!IsEmpty(ListItem.Art(banner))">$INFO[ListItem.Art(banner)]</value>
		<value condition="IsEmpty(ListItem.Art(banner))">$INFO[ListItem.Icon]</value>
	</variable>
	<variable name="PosterThumb">
		<value condition="!IsEmpty(ListItem.Art(poster))">$INFO[ListItem.Art(poster)]</value>
		<value condition="IsEmpty(ListItem.Art(poster))">$INFO[ListItem.Icon]</value>
	</variable>
	<variable name="PlayList">
		<value condition="Window.IsActive(videolibrary) + !StringCompare(Playlist.Length(video),0)">ActivateWindow(videoplaylist)</value>
		<value condition="[Window.IsActive(musiclibrary) | Window.IsActive(musicfiles)] + !StringCompare(Playlist.Length(music),0)">ActivateWindow(musicplaylist)</value>
	</variable>
	<variable name="SelectBack">
		<value condition="![Window.IsVisible(FullscreenVideo) | Window.IsVisible(Visualisation)]">DialogBack.png</value>
		<value condition="Window.IsVisible(FullscreenVideo) | Window.IsVisible(Visualisation)">DialogBack2.png</value>
	</variable>
	<variable name="TransparentValue">
		<value condition="!IsEmpty(Skin.String(MediaPanelTrans))">$LOCALIZE[31114]</value>
		<value>$LOCALIZE[31115]</value>
	</variable>
	<variable name="PopupInfoType">
		<value condition="Skin.String(MediaPopUpControl,Hidden)">$LOCALIZE[31120]</value>
		<value condition="Skin.String(MediaPopUpControl,Instant)">$LOCALIZE[31121]</value>
		<value condition="Skin.String(MediaPopUpControl,Delayed)">$LOCALIZE[31122]</value>
		<value>$LOCALIZE[31390]</value>
	</variable>
	<include name="MediaInfoPopup">
		<animation effect="fade" start="0" end="100" time="1600" delay="2000" condition="IsEmpty(Skin.String(MediaPopUpControl))">Visible</animation>
		<animation effect="fade" start="0" end="100" time="300" delay="300" condition="Skin.String(MediaPopUpControl,Instant)">Visible</animation>
		<animation effect="fade" start="0" end="100" time="1600" delay="3000" condition="Skin.String(MediaPopUpControl,Delayed)">Visible</animation>
		<animation effect="fade" start="100" end="0" time="0">Hidden</animation>
	</include>
	<include name="BehindDialogFadeOut">
		<control type="image">
			<left>0</left>
			<top>0</top>
			<width>1280</width>
			<height>720</height>
			<texture>black-back.png</texture>
			<animation effect="fade" time="400">Visible</animation>
			<animation effect="fade" time="200">Hidden</animation>
			<visible>Window.IsActive(MovieInformation) | Window.IsActive(MusicInformation) | Window.IsActive(SongInformation) | Window.IsActive(FileBrowser) | Window.IsActive(TextViewer) | Window.IsActive(AddonSettings) | Window.IsActive(ContentSettings) | Window.IsActive(SelectDialog) | Window.IsActive(FileStackingDialog) | Window.IsActive(MediaSource) | Window.IsActive(PictureInfo) | Window.IsActive(PlayerControls) | Window.IsActive(VirtualKeyboard) | Window.IsActive(NumericInput) | Window.IsActive(ProfileSettings) | Window.IsActive(LockSettings) | Window.IsActive(SmartPlaylistEditor) | Window.IsActive(SmartPlaylistRule) | Window.IsActive(script-RSS_Editor-rssEditor.xml) | Window.IsActive(script-RSS_Editor-setEditor.xml) | Window.IsActive(AddonInformation) | Window.IsActive(Peripherals) | Window.IsActive(PeripheralSettings) | Window.IsActive(script-XBMC_Lyrics-main.xml) | Window.IsActive(PVRChannelManager) | Window.IsActive(MediaFilter)</visible>
		</control>
	</include>
	<include name="WindowTitleCommons">
		<left>0</left>
		<top>0</top>
		<width min="0" max="800">auto</width>
		<height>30</height>
		<font>font24_title</font>
		<textcolor>white</textcolor>
		<shadowcolor>black</shadowcolor>
		<scroll>false</scroll>
		<align>left</align>
		<aligny>center</aligny>
	</include>
	<include name="ButtonCommonValues">
		<height>40</height>
		<width>250</width>
		<textoffsetx>10</textoffsetx>
		<textwidth>200</textwidth>
		<aligny>center</aligny>
		<font>font13</font>
		<texturefocus border="5">button-focus.png</texturefocus>
		<texturenofocus>-</texturenofocus>
		<pulseonselect>false</pulseonselect>
	</include>
	<include name="ButtonMediaSubCommonValues">
		<height>40</height>
		<width>221</width>
		<textoffsetx>20</textoffsetx>
		<textwidth>195</textwidth>
		<aligny>center</aligny>
		<font>font12_title</font>
		<texturefocus border="5">button-focus.png</texturefocus>
		<texturenofocus border="5">button-nofocus.png</texturenofocus>
		<pulseonselect>false</pulseonselect>
	</include>
	<include name="ButtonHomeSubCommonValues">
		<height>40</height>
		<width>220</width>
		<textoffsetx>20</textoffsetx>
		<textwidth>195</textwidth>
		<aligny>center</aligny>
		<font>font12_title</font>
		<texturefocus border="5">button-focus.png</texturefocus>
		<texturenofocus border="5">button-nofocus.png</texturenofocus>
		<pulseonselect>false</pulseonselect>
	</include>
	<include name="HomeSubMenuCommonValues">
		<left>10</left>
		<top>0</top>
		<width>240</width>
		<height>720</height>
		<align>center</align>
		<itemgap>0</itemgap>
	</include>
	<include name="SubMenuLayout">
		<itemlayout height="40" width="220">
			<control type="image">
				<left>0</left>
				<top>0</top>
				<height>40</height>
				<width>220</width>
				<texture border="5">button-nofocus.png</texture>
			</control>
			<control type="label">
				<left>110</left>
				<top>0</top>
				<height>40</height>
				<width>200</width>
				<font>font12</font>
				<textcolor>white</textcolor>
				<align>center</align>
				<aligny>center</aligny>
				<label>$INFO[ListItem.Label]</label>
			</control>
		</itemlayout>
		<focusedlayout height="40" width="220">
			<control type="image">
				<left>0</left>
				<top>0</top>
				<height>40</height>
				<width>220</width>
				<texture border="5">button-nofocus.png</texture>
			</control>
			<control type="image">
				<left>0</left>
				<top>0</top>
				<height>40</height>
				<width>220</width>
				<texture border="5">button-focus.png</texture>
				<visible>ControlGroup(9001).HasFocus</visible>
			</control>
			<control type="label">
				<left>110</left>
				<top>0</top>
				<height>40</height>
				<width>200</width>
				<font>font12</font>
				<textcolor>white</textcolor>
				<align>center</align>
				<aligny>center</aligny>
				<label>$INFO[ListItem.Label]</label>
			</control>
			<control type="label">
				<left>110</left>
				<top>0</top>
				<height>40</height>
				<width>200</width>
				<font>font12</font>
				<textcolor>white</textcolor>
				<align>center</align>
				<aligny>center</aligny>
				<label>$INFO[ListItem.Label]</label>
				<visible>ControlGroup(9001).HasFocus</visible>
			</control>
		</focusedlayout>
	</include>
	<include name="ButtonInfoDialogsCommonValues">
		<height>40</height>
		<width>170</width>
		<textoffsetx>20</textoffsetx>
		<align>center</align>
		<aligny>center</aligny>
		<font>font12_title</font>
		<texturefocus border="5">button-focus.png</texturefocus>
		<texturenofocus border="5">button-nofocus.png</texturenofocus>
		<pulseonselect>false</pulseonselect>
	</include>
	<include name="SideBladeLeft">
		<animation effect="slide" start="0,0" end="250,0" time="400" tween="quadratic" easing="out" condition="ControlGroup(9000).HasFocus | Control.HasFocus(9001) | Control.HasFocus(8999)">Conditional</animation>
		<animation effect="slide" start="0,0" end="-300,0" time="400" tween="quadratic" easing="out" condition="ControlGroup(9000).HasFocus | Control.HasFocus(9001)">WindowClose</animation>
		<animation effect="slide" start="0,0" end="-50,0" time="300" tween="quadratic" easing="out" condition="![ControlGroup(9000).HasFocus | Control.HasFocus(9001)]">WindowClose</animation>
		<animation effect="slide" start="-50,0" end="0,0" time="300" tween="quadratic" easing="out">WindowOpen</animation>
		<control type="button" id="8999">
			<description>Fake button for mouse control</description>
			<left>0</left>
			<top>0</top>
			<width>250</width>
			<height>720</height>
			<label>-</label>
			<font>-</font>
			<texturenofocus>-</texturenofocus>
			<texturefocus>-</texturefocus>
			<visible>true</visible>
		</control>
		<control type="button" id="9001">
			<left>250</left>
			<top>260</top>
			<width>42</width>
			<height>128</height>
			<font>-</font>
			<texturefocus>HasSub.png</texturefocus>
			<texturenofocus>HasSub.png</texturenofocus>
		</control>
		<control type="image">
			<left>0</left>
			<top>0</top>
			<width>260</width>
			<height>720</height>
			<texture border="0,0,10,0">MediaBladeSub.png</texture>
		</control>
		<control type="image">
			<description>LOGO</description>
			<left>15</left>
			<top>0</top>
			<width>220</width>
			<height>80</height>
			<aspectratio>keep</aspectratio>
			<texture>Convergence_Logo.png</texture>
		</control>
	</include>
	<include name="FloorReturnButtons">
		<control type="group">
			<left>190r</left>
			<top>55r</top>
			<animation effect="fade" time="250" condition="Window.Previous(Home)">WindowOpen</animation>
			<animation effect="fade" time="250" condition="Window.Next(Home)">WindowClose</animation>
			<control type="button" id="801">
				<description>Now Playing</description>
				<left>45</left>
				<top>0</top>
				<width>45</width>
				<height>45</height>
				<onclick>ActivateWindow(PlayerControls)</onclick>
				<texturefocus border="5">FloorButtons/FloorPlayFO.png</texturefocus>
				<texturenofocus border="5">FloorButtons/FloorPlayNF.png</texturenofocus>
				<onleft>804</onleft>
				<onright>802</onright>
				<onup>800</onup>
				<ondown>800</ondown>
				<visible>Player.HasMedia + !SubString(Window(videolibrary).Property(TvTunesIsAlive),TRUE)</visible>
				<animation effect="slide" start="0,0" end="-45,00" time="0" condition="!Skin.HasSetting(DisableGlobalSearch) + [Window.IsVisible(musiclibrary) | Window.IsVisible(videolibrary)] | [Window.IsVisible(script-globalsearch-main.xml) + Control.IsVisible(198)] ">conditional</animation>
			</control>
			<control type="button" id="801">
				<description>Trailer Button</description>
				<left>45</left>
				<top>0</top>
				<width>45</width>
				<height>45</height>
				<onclick>PlayMedia("$INFO[ListItem.Trailer]")</onclick>
				<texturefocus border="5">FloorButtons/FloorTrailerFO.png</texturefocus>
				<texturenofocus border="5">FloorButtons/FloorTrailerNF.png</texturenofocus>
				<onleft>804</onleft>
				<onright>802</onright>
				<onup>800</onup>
				<ondown>800</ondown>
				<visible>!Player.HasMedia + !IsEmpty(ListItem.Trailer)</visible>
				<visible>![Control.IsVisible(500) | Control.IsVisible(732)]</visible>
				<animation effect="slide" start="0,0" end="-45,00" time="0" condition="!Skin.HasSetting(DisableGlobalSearch) + [Window.IsVisible(musiclibrary) | Window.IsVisible(videolibrary)] | [Window.IsVisible(script-globalsearch-main.xml) + Control.IsVisible(198)] ">conditional</animation>
			</control>
			<control type="button" id="802">
				<description>Search Button</description>
				<left>45</left>
				<top>0</top>
				<width>45</width>
				<height>45</height>
				<texturefocus border="5">FloorButtons/FloorSearchFO.png</texturefocus>
				<texturenofocus border="5">FloorButtons/FloorSearchNF.png</texturenofocus>
				<onleft>801</onleft>
				<onright>803</onright>
				<onup>800</onup>
				<ondown>800</ondown>
				<onclick>Control.Setfocus(9000,0)</onclick>
				<onclick>SendClick(198)</onclick>
				<visible>!Skin.HasSetting(DisableGlobalSearch)</visible>
				<visible>Window.IsVisible(script-globalsearch-main.xml) + Control.IsVisible(198)</visible>
			</control>
			<control type="button" id="802">
				<description>Search Button</description>
				<left>45</left>
				<top>0</top>
				<width>45</width>
				<height>45</height>
				<texturefocus border="5">FloorButtons/FloorSearchFO.png</texturefocus>
				<texturenofocus border="5">FloorButtons/FloorSearchNF.png</texturenofocus>
				<onleft>801</onleft>
				<onright>803</onright>
				<onup>800</onup>
				<ondown>800</ondown>
				<onclick>RunScript(script.globalsearch)</onclick>
				<visible>!Skin.HasSetting(DisableGlobalSearch)</visible>
				<visible>!Window.IsVisible(script-globalsearch-main.xml)</visible>
				<visible>Window.IsVisible(musiclibrary) | Window.IsVisible(videolibrary)</visible>
			</control>
			<control type="button" id="803">
				<description>Back push button</description>
				<left>90</left>
				<top>0</top>
				<width>45</width>
				<height>45</height>
				<onclick>back</onclick>
				<texturefocus border="5">FloorButtons/FloorBackFO.png</texturefocus>
				<texturenofocus border="5">FloorButtons/FloorBackNF.png</texturenofocus>
				<onleft>802</onleft>
				<onright>804</onright>
				<onup>800</onup>
				<ondown>800</ondown>
			</control>
			<control type="button" id="804">
				<description>Home push button</description>
				<left>135</left>
				<top>0</top>
				<width>45</width>
				<height>45</height>
				<onclick>Dialog.Close(all,true)</onclick>
				<onclick>ActivateWindow(Home)</onclick>
				<texturefocus border="5">FloorButtons/FloorHomeFO.png</texturefocus>
				<texturenofocus border="5">FloorButtons/FloorHomeNF.png</texturenofocus>
				<onleft>803</onleft>
				<onright>801</onright>
				<onup>800</onup>
				<ondown>800</ondown>
			</control>
		</control>
	</include>
	<!--include name="MainWindowMouseButtons">
		<control type="group">
			<left>120r</left>
			<top>55r</top>
			<animation effect="fade" time="250" condition="Window.Previous(Home)">WindowOpen</animation>
			<animation effect="fade" time="250" condition="Window.Next(Home)">WindowClose</animation>
			<visible>system.getbool(input.enablemouse)</visible>
			<control type="button">
				<description>Back push button</description>
				<left>0</left>
				<top>0</top>
				<width>45</width>
				<height>45</height>
				<label>1036</label>
				<font>-</font>
				<onclick>back</onclick>
				<texturefocus border="5">floor_buttonFO.png</texturefocus>
				<texturenofocus border="5">floor_button.png</texturenofocus>
				<onleft>50</onleft>
				<onright>50</onright>
				<onup>50</onup>
				<ondown>50</ondown>
			</control>
			<control type="image">
				<description>Back Icon</description>
				<left>5</left>
				<top>5</top>
				<width>35</width>
				<height>35</height>
				<aspectratio>keep</aspectratio>
				<texture>icon_back.png</texture>
			</control>
			<control type="button">
				<description>Home push button</description>
				<left>55</left>
				<top>0</top>
				<width>45</width>
				<height>45</height>
				<label>31003</label>
				<font>-</font>
				<onclick>ActivateWindow(Home)</onclick>
				<texturefocus border="5">floor_buttonFO.png</texturefocus>
				<texturenofocus border="5">floor_button.png</texturenofocus>
				<onleft>50</onleft>
				<onright>50</onright>
				<onup>50</onup>
				<ondown>50</ondown>
			</control>
			<control type="image">
				<description>Home Icon</description>
				<left>60</left>
				<top>5</top>
				<width>35</width>
				<height>35</height>
				<aspectratio>keep</aspectratio>
				<texture>icon_Home.png</texture>
			</control>
		</control>
	</include-->
	<include name="CommonNowPlaying">
		<control type="group">
			<left>605r</left>
			<top>55r</top>
			<visible>Player.HasMedia</visible>
			<visible>!Window.IsVisible(loginscreen)</visible>
			<include>VisibleFadeEffect</include>
			<animation effect="fade" time="250" condition="Window.Previous(Home)">WindowOpen</animation>
			<animation effect="fade" time="250" condition="Window.Next(Home)">WindowClose</animation>
			<animation effect="slide" start="0,0" end="-45,00" time="0" condition="!Skin.HasSetting(DisableGlobalSearch) + [Window.IsVisible(musiclibrary) | Window.IsVisible(videolibrary)] | [Window.IsVisible(script-globalsearch-main.xml) + Control.IsVisible(198)] ">conditional</animation>
			<control type="label">
				<left>0</left>
				<top>2</top>
				<width>450</width>
				<height>20</height>
				<label>$VAR[CommonMediaPlaying]</label>
				<align>right</align>
				<aligny>center</aligny>
				<font>font12</font>
				<textcolor>grey</textcolor>
				<shadowcolor>black</shadowcolor>
			</control>
			<control type="label">
				<left>0</left>
				<top>23</top>
				<width>450</width>
				<height>20</height>
				<label>$INFO[MusicPlayer.Artist]$INFO[MusicPlayer.Album, - ]</label>
				<align>right</align>
				<aligny>center</aligny>
				<font>font10</font>
				<textcolor>grey</textcolor>
				<shadowcolor>black</shadowcolor>
				<visible>Player.HasAudio</visible>
			</control>
			<control type="label">
				<left>0</left>
				<top>25</top>
				<width>450</width>
				<height>20</height>
				<label>$INFO[VideoPlayer.Studio]</label>
				<align>right</align>
				<aligny>center</aligny>
				<font>font10</font>
				<textcolor>grey</textcolor>
				<shadowcolor>black</shadowcolor>
				<visible>Player.HasVideo + VideoPlayer.Content(Movies)</visible>
			</control>
			<control type="label">
				<left>0</left>
				<top>25</top>
				<width>450</width>
				<height>20</height>
				<label>$INFO[VideoPlayer.TVShowTitle]</label>
				<align>right</align>
				<aligny>center</aligny>
				<font>font10</font>
				<textcolor>grey</textcolor>
				<shadowcolor>black</shadowcolor>
				<visible>Player.HasVideo + VideoPlayer.Content(Episodes)</visible>
			</control>
			<control type="label">
				<left>0</left>
				<top>25</top>
				<width>450</width>
				<height>20</height>
				<label>$INFO[VideoPlayer.Artist]</label>
				<align>right</align>
				<aligny>center</aligny>
				<font>font10</font>
				<textcolor>grey</textcolor>
				<shadowcolor>black</shadowcolor>
				<visible>Player.HasVideo + VideoPlayer.Content(MusicVideos)</visible>
			</control>
			<control type="label">
				<left>0</left>
				<top>25</top>
				<width>450</width>
				<height>20</height>
				<label>$INFO[VideoPlayer.ChannelName]$INFO[VideoPlayer.ChannelNumber, - ([COLOR=blue],[/COLOR])]</label>
				<align>right</align>
				<aligny>center</aligny>
				<font>font12</font>
				<textcolor>grey</textcolor>
				<shadowcolor>black</shadowcolor>
				<visible>Player.HasVideo + VideoPlayer.Content(LiveTV)</visible>
			</control>
		</control>
	</include>
	<!--include name="CommonNowPlaying">
		<control type="group">
			<visible>Player.HasMedia</visible>
			<include>VisibleFadeEffect</include>
			<animation effect="fade" time="250" condition="Window.Previous(Home)">WindowOpen</animation>
			<animation effect="fade" time="250" condition="Window.Next(Home)">WindowClose</animation>
			<control type="button">
				<description>push button</description>
				<left>30</left>
				<top>55r</top>
				<width>45</width>
				<height>45</height>
				<label>31003</label>
				<font>-</font>
				<onclick>ActivateWindow(PlayerControls)</onclick>
				<texturefocus border="5">floor_buttonFO.png</texturefocus>
				<texturenofocus border="5">floor_button.png</texturenofocus>
				<onleft>50</onleft>
				<onright>50</onright>
				<onup>50</onup>
				<ondown>50</ondown>
			</control>
			<control type="image">
				<description>Player Icon</description>
				<left>35</left>
				<top>50r</top>
				<width>35</width>
				<height>35</height>
				<aspectratio>keep</aspectratio>
				<texture>icon_player.png</texture>
			</control>
			<control type="label">
				<left>85</left>
				<top>53r</top>
				<width>700</width>
				<height>20</height>
				<label>$INFO[Player.Title] - ([COLOR=blue]$INFO[Player.Time] / $INFO[Player.Duration,][/COLOR])</label>
				<align>left</align>
				<aligny>center</aligny>
				<font>font12</font>
				<textcolor>grey</textcolor>
				<shadowcolor>black</shadowcolor>
			</control>
			<control type="label">
				<left>85</left>
				<top>32r</top>
				<width>700</width>
				<height>20</height>
				<label>$INFO[MusicPlayer.Artist]$INFO[MusicPlayer.Album, - ]</label>
				<align>left</align>
				<aligny>center</aligny>
				<font>font12</font>
				<textcolor>grey</textcolor>
				<shadowcolor>black</shadowcolor>
				<visible>Player.HasAudio</visible>
			</control>
			<control type="label">
				<left>85</left>
				<top>30r</top>
				<width>700</width>
				<height>20</height>
				<label>$INFO[VideoPlayer.Studio]</label>
				<align>left</align>
				<aligny>center</aligny>
				<font>font12</font>
				<textcolor>grey</textcolor>
				<shadowcolor>black</shadowcolor>
				<visible>Player.HasVideo + VideoPlayer.Content(Movies)</visible>
			</control>
			<control type="label">
				<left>85</left>
				<top>30r</top>
				<width>700</width>
				<height>20</height>
				<label>$INFO[VideoPlayer.TVShowTitle]</label>
				<align>left</align>
				<aligny>center</aligny>
				<font>font12</font>
				<textcolor>grey</textcolor>
				<shadowcolor>black</shadowcolor>
				<visible>Player.HasVideo + VideoPlayer.Content(Episodes)</visible>
			</control>
			<control type="label">
				<left>85</left>
				<top>30r</top>
				<width>700</width>
				<height>20</height>
				<label>$INFO[VideoPlayer.Artist]</label>
				<align>left</align>
				<aligny>center</aligny>
				<font>font12</font>
				<textcolor>grey</textcolor>
				<shadowcolor>black</shadowcolor>
				<visible>Player.HasVideo + VideoPlayer.Content(MusicVideos)</visible>
			</control>
			<control type="label">
				<left>85</left>
				<top>30r</top>
				<width>700</width>
				<height>20</height>
				<label>$INFO[VideoPlayer.ChannelName]$INFO[VideoPlayer.ChannelNumber, - ([COLOR=blue],[/COLOR])]</label>
				<align>left</align>
				<aligny>center</aligny>
				<font>font12</font>
				<textcolor>grey</textcolor>
				<shadowcolor>black</shadowcolor>
				<visible>Player.HasVideo + VideoPlayer.Content(LiveTV)</visible>
			</control>
		</control>
	</include-->
	<include name="CommonPageCount">
		<control type="group">
			<animation effect="slide" start="0,0" end="-90,0" time="0" condition="system.getbool(input.enablemouse)">Conditional</animation>
			<control type="label">
				<description>Page Count Label</description>
				<right>40</right>
				<top>53r</top>
				<width>500</width>
				<height>20</height>
				<font>font12</font>
				<textcolor>grey</textcolor>
				<scroll>false</scroll>
				<align>right</align>
				<aligny>center</aligny>
				<label>$INFO[Container.NumItems,([COLOR=blue],[/COLOR]) $LOCALIZE[31025]]$INFO[Container.CurrentPage, - $LOCALIZE[31024] ([COLOR=blue]]$INFO[Container.NumPages,/,[/COLOR])]</label>
				<include>Window_OpenClose_Animation</include>
			</control>
			<control type="label">
				<description>Container Duration Label</description>
				<right>40</right>
				<top>32r</top>
				<width>500</width>
				<height>20</height>
				<font>font12</font>
				<textcolor>grey</textcolor>
				<scroll>false</scroll>
				<align>right</align>
				<aligny>center</aligny>
				<label>$INFO[Container.TotalTime,$LOCALIZE[31009] ([COLOR=blue],[/COLOR])]</label>
				<include>Window_OpenClose_Animation</include>
			</control>
		</control>
	</include>
	<include name="SmallMusicInfo">
		<control type="image">
			<description>gradient</description>
			<left>0</left>
			<top>0</top>
			<width>500</width>
			<height>165</height>
			<colordiffuse>DDFFFFFF</colordiffuse>
			<texture border="20">OverlayDialogBackground.png</texture>
		</control>
		<control type="image">
			<description>Cover image</description>
			<left>20</left>
			<top>17</top>
			<width>130</width>
			<height>130</height>
			<texture>$INFO[MusicPlayer.Cover]</texture>
		</control>
		<control type="label">
			<description>Artist label</description>
			<left>160</left>
			<top>20</top>
			<height>30</height>
			<width>325</width>
			<label>$INFO[MusicPlayer.Artist]</label>
			<align>left</align>
			<aligny>center</aligny>
			<font>font12_title</font>
			<textcolor>grey2</textcolor>
			<shadowcolor>black</shadowcolor>
		</control>
		<control type="fadelabel">
			<description>Title label</description>
			<left>160</left>
			<top>43</top>
			<height>30</height>
			<width>325</width>
			<label>$INFO[Player.Title]</label>
			<align>left</align>
			<aligny>center</aligny>
			<font>font13_title</font>
			<textcolor>white</textcolor>
			<shadowcolor>black</shadowcolor>
			<scrollout>false</scrollout>
			<pauseatend>2000</pauseatend>
		</control>
		<control type="label">
			<description>Album Label</description>
			<left>160</left>
			<top>70</top>
			<height>30</height>
			<width>325</width>
			<label>$INFO[MusicPlayer.Album]$INFO[musicplayer.discnumber, - $LOCALIZE[427]:]</label>
			<align>left</align>
			<aligny>center</aligny>
			<font>font12</font>
			<textcolor>white</textcolor>
			<shadowcolor>black</shadowcolor>
		</control>
		<control type="label">
			<description>Time Label</description>
			<left>160</left>
			<top>95</top>
			<height>30</height>
			<width>325</width>
			<label>$INFO[MusicPlayer.Time]$INFO[MusicPlayer.Duration, / ]</label>
			<align>left</align>
			<aligny>center</aligny>
			<font>font12</font>
			<textcolor>white</textcolor>
			<shadowcolor>black</shadowcolor>
		</control>
		<control type="label">
			<description>Next Label</description>
			<left>160</left>
			<top>120</top>
			<height>30</height>
			<width>325</width>
			<label>[COLOR=blue]$LOCALIZE[19031] :[/COLOR] $INFO[MusicPlayer.offset(1).Title]</label>
			<align>right</align>
			<aligny>center</aligny>
			<font>font12</font>
			<textcolor>grey</textcolor>
			<shadowcolor>black</shadowcolor>
		</control>
	</include>
	<include name="SmallVideoInfo">
		<control type="image">
			<description>gradient</description>
			<left>0</left>
			<top>0</top>
			<width>500</width>
			<height>165</height>
			<colordiffuse>DDFFFFFF</colordiffuse>
			<texture border="20">OverlayDialogBackground.png</texture>
		</control>
		<control type="image">
			<description>Cover image</description>
			<left>20</left>
			<top>17</top>
			<width>130</width>
			<height>130</height>
			<aspectratio>keep</aspectratio>
			<texture>$INFO[VideoPlayer.cover]</texture>
		</control>
		<control type="label">
			<description>Studio label</description>
			<left>160</left>
			<top>20</top>
			<height>30</height>
			<width>325</width>
			<label>$INFO[VideoPlayer.Studio]</label>
			<align>left</align>
			<aligny>center</aligny>
			<font>font12_title</font>
			<textcolor>grey2</textcolor>
			<shadowcolor>black</shadowcolor>
			<visible>!videoplayer.content(episodes) + !videoplayer.content(musicvideos)</visible>
		</control>
		<control type="label">
			<description>TV Show Title label</description>
			<left>160</left>
			<top>20</top>
			<height>30</height>
			<width>325</width>
			<label>$INFO[VideoPlayer.tvshowtitle]</label>
			<align>left</align>
			<aligny>center</aligny>
			<font>font12_title</font>
			<textcolor>white</textcolor>
			<shadowcolor>black</shadowcolor>
			<visible>videoplayer.content(episodes)</visible>
		</control>
		<control type="fadelabel">
			<description>Music Video Artist label</description>
			<left>160</left>
			<top>20</top>
			<height>30</height>
			<width>325</width>
			<label>$INFO[VideoPlayer.Artist]</label>
			<align>left</align>
			<aligny>center</aligny>
			<font>font12_title</font>
			<textcolor>white</textcolor>
			<shadowcolor>black</shadowcolor>
			<visible>videoplayer.content(musicvideos)</visible>
			<scrollout>false</scrollout>
			<pauseatend>2000</pauseatend>
		</control>
		<control type="fadelabel">
			<description>Title label</description>
			<left>160</left>
			<top>43</top>
			<height>30</height>
			<width>325</width>
			<label>$INFO[Player.Title]</label>
			<align>left</align>
			<aligny>center</aligny>
			<font>font13_title</font>
			<textcolor>white</textcolor>
			<shadowcolor>black</shadowcolor>
			<scrollout>false</scrollout>
			<pauseatend>2000</pauseatend>
		</control>
		<control type="label">
			<description>Genre label</description>
			<left>160</left>
			<top>70</top>
			<height>30</height>
			<width>325</width>
			<label>$INFO[VideoPlayer.Genre]</label>
			<align>left</align>
			<aligny>center</aligny>
			<font>font12</font>
			<textcolor>white</textcolor>
			<shadowcolor>black</shadowcolor>
			<visible>!videoplayer.content(episodes) + !videoplayer.content(musicvideos)</visible>
		</control>
		<control type="label">
			<left>160</left>
			<top>70</top>
			<height>30</height>
			<width>325</width>
			<label>$INFO[VideoPlayer.Album]</label>
			<align>left</align>
			<aligny>center</aligny>
			<font>font12</font>
			<textcolor>white</textcolor>
			<shadowcolor>black</shadowcolor>
			<visible>videoplayer.content(musicvideos)</visible>
		</control>
		<control type="label">
			<description>Season and Episode label</description>
			<left>160</left>
			<top>70</top>
			<height>30</height>
			<width>325</width>
			<label>$LOCALIZE[20373] $INFO[VideoPlayer.Season] - $LOCALIZE[20359] $INFO[VideoPlayer.episode]</label>
			<align>left</align>
			<aligny>center</aligny>
			<font>font12</font>
			<textcolor>white</textcolor>
			<shadowcolor>black</shadowcolor>
			<visible>videoplayer.content(episodes)</visible>
		</control>
		<control type="label">
			<description>Time Label</description>
			<left>160</left>
			<top>95</top>
			<height>30</height>
			<width>325</width>
			<label>$INFO[VideoPlayer.Time]$INFO[VideoPlayer.Duration, / ]</label>
			<align>left</align>
			<aligny>center</aligny>
			<font>font12</font>
			<textcolor>white</textcolor>
			<shadowcolor>black</shadowcolor>
		</control>
	</include>
	<include name="CommonNowPlaying_Controls">
		<control type="label" id="202">
			<width>250</width>
			<height>35</height>
			<font>font12</font>
			<label>31023</label>
			<textcolor>blue</textcolor>
			<align>center</align>
			<aligny>center</aligny>
			<visible>Player.HasMedia</visible>
			<include>VisibleFadeEffect</include>
		</control>
		<control type="button" id="610">
			<description>Fake Button to fix Player Controls Navigation</description>
			<visible>false</visible>
		</control>
		<control type="group" id="9006">
			<width>250</width>
			<height>45</height>
			<visible>VideoPlayer.Content(LiveTV)</visible>
			<include>VisibleFadeEffect</include>
			<control type="button" id="600">
				<left>20</left>
				<top>2</top>
				<width>39</width>
				<height>39</height>
				<label>-</label>
				<texturefocus>OSDChannelUPFO.png</texturefocus>
				<texturenofocus>OSDChannelUPNF.png</texturenofocus>
				<onleft>50</onleft>
				<onright>601</onright>
				<onup>610</onup>
				<ondown>611</ondown>
				<onclick>ChannelDown</onclick>
			</control>
			<control type="button" id="601">
				<left>60</left>
				<top>2</top>
				<width>39</width>
				<height>39</height>
				<label>-</label>
				<texturefocus>OSDChannelDownFO.png</texturefocus>
				<texturenofocus>OSDChannelDownNF.png</texturenofocus>
				<onleft>600</onleft>
				<onright>603</onright>
				<onup>610</onup>
				<ondown>611</ondown>
				<onclick>ChannelUp</onclick>
			</control>
			<control type="button" id="603">
				<left>100</left>
				<top>2</top>
				<width>39</width>
				<height>39</height>
				<label>-</label>
				<texturefocus>OSDStopFO.png</texturefocus>
				<texturenofocus>OSDStopNF.png</texturenofocus>
				<onleft>601</onleft>
				<onright>604</onright>
				<onup>610</onup>
				<ondown>611</ondown>
				<onclick>down</onclick>
				<onclick>XBMC.PlayerControl(Stop)</onclick>
			</control>
			<control type="togglebutton" id="604">
				<left>140</left>
				<top>2</top>
				<width>39</width>
				<height>39</height>
				<label>-</label>
				<texturefocus>OSDPauseFO.png</texturefocus>
				<texturenofocus>OSDPauseNF.png</texturenofocus>
				<usealttexture>Player.Paused | Player.Forwarding | Player.Rewinding</usealttexture>
				<alttexturefocus>OSDPlayFO.png</alttexturefocus>
				<alttexturenofocus>OSDPlayNF.png</alttexturenofocus>
				<onleft>603</onleft>
				<onright>605</onright>
				<onup>610</onup>
				<ondown>606</ondown>
				<onback>50</onback>
				<onclick>XBMC.PlayerControl(Play)</onclick>
				<enable>Player.PauseEnabled</enable>
				<animation effect="fade" start="100" end="30" time="100" condition="!Player.PauseEnabled">Conditional</animation>
			</control>
			<control type="button" id="605">
				<left>180</left>
				<top>2</top>
				<width>39</width>
				<height>39</height>
				<label>-</label>
				<texturefocus>OSDRecordOffFO.png</texturefocus>
				<texturenofocus>OSDRecordOffNF.png</texturenofocus>
				<onleft>604</onleft>
				<onright>50</onright>
				<onup>610</onup>
				<ondown>611</ondown>
				<onclick>XBMC.PlayerControl(record)</onclick>
				<enable>Player.CanRecord</enable>
				<animation effect="fade" start="100" end="30" time="100" condition="!Player.CanRecord">Conditional</animation>
			</control>
		</control>
		<control type="group" id="9005">
			<visible>Player.HasMedia</visible>
			<visible>!VideoPlayer.Content(LiveTV)</visible>
			<include>VisibleFadeEffect</include>
			<width>250</width>
			<height>45</height>
			<defaultcontrol always="true">603</defaultcontrol>
			<control type="button" id="600">
				<left>5</left>
				<top>2</top>
				<width>39</width>
				<height>39</height>
				<label>-</label>
				<texturefocus>OSDPrevTrackFO.png</texturefocus>
				<texturenofocus>OSDPrevTrackNF.png</texturenofocus>
				<onleft>50</onleft>
				<onright>606</onright>
				<onup>610</onup>
				<ondown>611</ondown>
				<onback>50</onback>
				<onclick>XBMC.PlayerControl(Previous)</onclick>
			</control>
			<control type="button" id="606">
				<left>45</left>
				<top>2</top>
				<width>39</width>
				<height>39</height>
				<label>-</label>
				<texturefocus>OSDRewindFO.png</texturefocus>
				<texturenofocus>OSDRewindNF.png</texturenofocus>
				<onleft>600</onleft>
				<onright>603</onright>
				<onup>610</onup>
				<ondown>611</ondown>
				<onback>50</onback>
				<onclick>XBMC.PlayerControl(Rewind)</onclick>
				<visible>Window.IsVisible(MusicPlaylist) | Window.IsVisible(VideoPlaylist) | Player.HasVideo</visible>
			</control>
			<control type="group">
				<animation effect="slide" start="0,0" end="40,0" time="0" condition="Window.IsVisible(MusicPlaylist) | Window.IsVisible(VideoPlaylist) | Player.HasVideo">Conditional</animation>
				<control type="togglebutton" id="603">
					<left>45</left>
					<top>2</top>
					<width>39</width>
					<height>39</height>
					<label>-</label>
					<texturefocus>OSDPauseFO.png</texturefocus>
					<texturenofocus>OSDPauseNF.png</texturenofocus>
					<usealttexture>Player.Paused | Player.Forwarding | Player.Rewinding</usealttexture>
					<alttexturefocus>OSDPlayFO.png</alttexturefocus>
					<alttexturenofocus>OSDPlayNF.png</alttexturenofocus>
					<onleft>606</onleft>
					<onright>601</onright>
					<onup>610</onup>
					<ondown>611</ondown>
					<onback>50</onback>
					<onclick>XBMC.PlayerControl(Play)</onclick>
				</control>
				<control type="button" id="601">
					<left>85</left>
					<top>2</top>
					<width>39</width>
					<height>39</height>
					<label>-</label>
					<texturefocus>OSDStopFO.png</texturefocus>
					<texturenofocus>OSDStopNF.png</texturenofocus>
					<onleft>603</onleft>
					<onright>607</onright>
					<onup>610</onup>
					<ondown>611</ondown>
					<onback>50</onback>
					<onclick>down</onclick>
					<onclick>XBMC.PlayerControl(Stop)</onclick>
				</control>
				<control type="button" id="607">
					<left>125</left>
					<top>2</top>
					<width>39</width>
					<height>39</height>
					<label>-</label>
					<texturefocus>OSDForwardFO.png</texturefocus>
					<texturenofocus>OSDForwardNF.png</texturenofocus>
					<onleft>601</onleft>
					<onright>602</onright>
					<onup>610</onup>
					<ondown>611</ondown>
					<onback>50</onback>
					<onclick>XBMC.PlayerControl(Forward)</onclick>
					<visible>Window.IsVisible(MusicPlaylist) | Window.IsVisible(VideoPlaylist) | Player.HasVideo</visible>
				</control>
				<control type="button" id="602">
					<left>125</left>
					<top>2</top>
					<width>39</width>
					<height>39</height>
					<label>-</label>
					<texturefocus>OSDNextTrackFO.png</texturefocus>
					<texturenofocus>OSDNextTrackNF.png</texturenofocus>
					<onleft>607</onleft>
					<onright>604</onright>
					<onup>610</onup>
					<ondown>611</ondown>
					<onback>50</onback>
					<onclick>XBMC.PlayerControl(Next)</onclick>
					<animation effect="slide" start="0,0" end="40,0" time="0" condition="Window.IsVisible(MusicPlaylist) | Window.IsVisible(VideoPlaylist) | Player.HasVideo">Conditional</animation>
				</control>
			</control>
			<control type="group">
				<visible>!Window.IsVisible(MusicPlaylist) + !Window.IsVisible(VideoPlaylist) + !Player.HasVideo</visible>
				<control type="button" id="604">
					<left>165</left>
					<top>2</top>
					<width>39</width>
					<height>39</height>
					<label>-</label>
					<texturefocus>-</texturefocus>
					<texturenofocus>-</texturenofocus>
					<onclick>XBMC.PlayerControl(Repeat)</onclick>
					<onleft>602</onleft>
					<onright>605</onright>
					<onup>610</onup>
					<ondown>611</ondown>
					<onback>50</onback>
				</control>
				<control type="image">
					<left>165</left>
					<top>2</top>
					<width>39</width>
					<height>39</height>
					<texture>OSDRepeatNF.png</texture>
					<visible>!Playlist.IsRepeat + !Playlist.IsRepeatOne</visible>
					<visible>!Control.HasFocus(604)</visible>
				</control>
				<control type="image">
					<left>165</left>
					<top>2</top>
					<width>39</width>
					<height>39</height>
					<texture>OSDRepeatFO.png</texture>
					<visible>!Playlist.IsRepeat + !Playlist.IsRepeatOne</visible>
					<visible>Control.HasFocus(604)</visible>
				</control>
				<control type="image">
					<left>165</left>
					<top>2</top>
					<width>39</width>
					<height>39</height>
					<texture>OSDRepeatOneNF.png</texture>
					<visible>Playlist.IsRepeatOne</visible>
					<visible>!Control.HasFocus(604)</visible>
				</control>
				<control type="image">
					<left>165</left>
					<top>2</top>
					<width>39</width>
					<height>39</height>
					<texture>OSDRepeatOneFO.png</texture>
					<visible>Playlist.IsRepeatOne</visible>
					<visible>Control.HasFocus(604)</visible>
				</control>
				<control type="image">
					<left>165</left>
					<top>2</top>
					<width>39</width>
					<height>39</height>
					<texture>OSDRepeatAllNF.png</texture>
					<visible>Playlist.IsRepeat</visible>
					<visible>!Control.HasFocus(604)</visible>
				</control>
				<control type="image">
					<left>165</left>
					<top>2</top>
					<width>39</width>
					<height>39</height>
					<texture>OSDRepeatAllFO.png</texture>
					<visible>Playlist.IsRepeat</visible>
					<visible>Control.HasFocus(604)</visible>
				</control>
				<control type="togglebutton" id="605">
					<left>205</left>
					<top>2</top>
					<width>39</width>
					<height>39</height>
					<label>-</label>
					<texturefocus>OSDRandomOffFO.png</texturefocus>
					<texturenofocus>OSDRandomOffNF.png</texturenofocus>
					<usealttexture>Playlist.IsRandom</usealttexture>
					<alttexturefocus>OSDRandomOnFO.png</alttexturefocus>
					<alttexturenofocus>OSDRandomOnNF.png</alttexturenofocus>
					<onclick>XBMC.PlayerControl(Random)</onclick>
					<onleft>604</onleft>
					<onright>50</onright>
					<onup>610</onup>
					<ondown>611</ondown>
					<onback>50</onback>
				</control>
			</control>
		</control>
		<control type="radiobutton" id="611">
			<description>Go to fullscreen Playback</description>
			<include>ButtonCommonValues</include>
			<label>31008</label>
			<onclick>fullscreen</onclick>
			<textureradioonfocus>GoFullscreen.png</textureradioonfocus>
			<textureradioonnofocus>GoFullscreen.png</textureradioonnofocus>
			<textureradioofffocus>GoFullscreen.png</textureradioofffocus>
			<textureradiooffnofocus>GoFullscreen.png</textureradiooffnofocus>
			<visible>Player.HasMedia</visible>
		</control>
		<control type="button" id="612">
			<description>Go to playlist</description>
			<include>ButtonCommonValues</include>
			<label>13350</label>
			<onclick>$VAR[PlayList]</onclick>
			<visible>[Window.IsActive(videolibrary) + !StringCompare(Playlist.Length(video),0)] | [[Window.IsActive(musiclibrary) | Window.IsActive(musicfiles)] + !StringCompare(Playlist.Length(music),0)]</visible>
			<visible>!Window.IsVisible(MusicPlaylist) + !Window.IsVisible(VideoPlaylist)</visible>
		</control>
	</include>
	<include name="ScrollOffsetLabel">
		<control type="group">
			<visible>Container.Scrolling + [StringCompare(Container.SortMethod,$LOCALIZE[551]) | StringCompare(Container.SortMethod,$LOCALIZE[561]) | StringCompare(Container.SortMethod,$LOCALIZE[558]) | StringCompare(Container.SortMethod,$LOCALIZE[557]) | StringCompare(Container.SortMethod,$LOCALIZE[556])]</visible>
			<animation effect="slide" start="0,0" end="0,-60" time="100">Visible</animation>
			<animation effect="slide" start="0,-60" end="0,0" delay="400" time="100">Hidden</animation>
			<left>300r</left>
			<top>720</top>
			<control type="image">
				<left>0</left>
				<top>0</top>
				<width>70</width>
				<height>65</height>
				<texture border="20,20,20,2">InfoMessagePanel.png</texture>
			</control>
			<control type="label">
				<left>5</left>
				<top>0</top>
				<width>65</width>
				<height>60</height>
				<align>center</align>
				<aligny>center</aligny>
				<label>$INFO[ListItem.SortLetter]</label>
				<textcolor>white</textcolor>
				<font>font30_title</font>
			</control>
		</control>
	</include>
	<include name="Clock">
		<control type="label">
			<description>time label</description>
			<right>20</right>
			<top>5</top>
			<width>200</width>
			<height>30</height>
			<align>right</align>
			<aligny>center</aligny>
			<font>font28_title</font>
			<textcolor>white</textcolor>
			<shadowcolor>black</shadowcolor>
			<label>$INFO[System.Time]</label>
			<animation effect="slide" start="0,0" end="-40,0" time="100" condition="Window.IsVisible(Mutebug)">conditional</animation>
		</control>
	</include>
	<include name="HomeAddonsCommonLayout">
		<include>Window_OpenClose_Animation</include>
		<animation type="Visible">
			<effect type="slide" start="0,30" end="0,0" delay="200" easing="out" tween="quadratic" time="200" />
			<effect type="fade" start="0" end="100" delay="200" time="200" />
		</animation>
		<animation type="Hidden">
			<effect type="zoom" start="100" end="70" center="auto" easing="in" tween="quadratic" time="300" />
			<effect type="fade" start="100" end="0" time="300" />
		</animation>
		<hitrect x="0" y="530" w="1280" h="120" />
		<left>0</left>
		<top>190r</top>
		<width>1280</width>
		<height>200</height>
		<pagecontrol>-</pagecontrol>
		<scrolltime>300</scrolltime>
		<focusposition>3</focusposition>
		<movement>2</movement>
		<orientation>Horizontal</orientation>
		<itemlayout height="200" width="182">
			<control type="image">
				<left>0</left>
				<top>0</top>
				<width>180</width>
				<height>120</height>
				<aspectratio aligny="bottom">keep</aspectratio>
				<bordertexture border="5">button-nofocus.png</bordertexture>
				<bordersize>3</bordersize>
				<texture background="true">$INFO[ListItem.Icon]</texture>
			</control>
			<control type="image">
				<left>5</left>
				<top>120</top>
				<width>170</width>
				<height>110</height>
				<aspectratio aligny="top">keep</aspectratio>
				<texture diffuse="diffuse_mirror2.png" flipy="true" background="true">$INFO[ListItem.Icon]</texture>
			</control>
			<control type="label">
				<left>91</left>
				<top>125</top>
				<width>180</width>
				<height>20</height>
				<font>font12</font>
				<textcolor>grey2</textcolor>
				<align>center</align>
				<aligny>center</aligny>
				<label>$INFO[ListItem.Label]</label>
			</control>
		</itemlayout>
		<focusedlayout height="200" width="182">
			<control type="image">
				<left>0</left>
				<top>0</top>
				<width>180</width>
				<height>120</height>
				<aspectratio aligny="bottom">keep</aspectratio>
				<bordertexture border="5">button-nofocus.png</bordertexture>
				<bordersize>3</bordersize>
				<texture background="true">$INFO[ListItem.Icon]</texture>
				<visible>!ControlGroup(9002).HasFocus</visible>
			</control>
			<control type="image">
				<left>0</left>
				<top>0</top>
				<width>180</width>
				<height>120</height>
				<aspectratio aligny="bottom">keep</aspectratio>
				<bordertexture border="5">folder-focus.png</bordertexture>
				<bordersize>3</bordersize>
				<texture background="true">$INFO[ListItem.Icon]</texture>
				<visible>ControlGroup(9002).HasFocus</visible>
			</control>
			<control type="image">
				<left>5</left>
				<top>120</top>
				<width>170</width>
				<height>110</height>
				<aspectratio aligny="top">keep</aspectratio>
				<texture diffuse="diffuse_mirror2.png" flipy="true" background="true">$INFO[ListItem.Icon]</texture>
			</control>
			<control type="label">
				<left>91</left>
				<top>125</top>
				<width>180</width>
				<height>20</height>
				<font>font12</font>
				<textcolor>white</textcolor>
				<align>center</align>
				<aligny>center</aligny>
				<label>$INFO[ListItem.Label]</label>
				<visible>Control.HasFocus(9002)</visible>
			</control>
			<control type="label">
				<left>91</left>
				<top>125</top>
				<width>180</width>
				<height>20</height>
				<font>font12</font>
				<textcolor>grey2</textcolor>
				<align>center</align>
				<aligny>center</aligny>
				<label>$INFO[ListItem.Label]</label>
				<visible>!Control.HasFocus(9002)</visible>
			</control>
		</focusedlayout>
	</include>
	<include name="TVNextAiredListCommonLayout">
		<itemlayout height="150" width="280">
			<control type="image">
				<left>0</left>
				<top>0</top>
				<width>280</width>
				<height>145</height>
				<texture border="10">button-nofocus.png</texture>
			</control>
			<control type="image">
				<description>Thumb</description>
				<left>5</left>
				<top>5</top>
				<width>270</width>
				<height>55</height>
				<aspectratio>keep</aspectratio>
				<texture background="true">$INFO[ListItem.Property(Art(poster))]</texture>
				<visible>StringCompare(Window(Home).Property(TVGuide.ThumbType),0)</visible>
			</control>
			<control type="image">
				<description>Banner</description>
				<left>5</left>
				<top>5</top>
				<width>270</width>
				<height>55</height>
				<aspectratio>keep</aspectratio>
				<texture background="true">$INFO[ListItem.Property(Art(banner))]</texture>
				<visible>StringCompare(Window(Home).Property(TVGuide.ThumbType),1)</visible>
			</control>
			<control type="image">
				<description>Logo</description>
				<left>5</left>
				<top>5</top>
				<width>270</width>
				<height>55</height>
				<aspectratio>keep</aspectratio>
				<texture background="true">$INFO[ListItem.Property(Path),,logo.png]</texture>
				<visible>StringCompare(Window(Home).Property(TVGuide.ThumbType),2)</visible>
			</control>
			<control type="label">
				<description>Episode Number</description>
				<left>140</left>
				<top>60</top>
				<width>260</width>
				<height>15</height>
				<label>$INFO[ListItem.Property(NextNumber),$LOCALIZE[20359] [COLOR=blue]-[/COLOR] ]</label>
				<textcolor>white</textcolor>
				<font>font12</font>
				<align>center</align>
			</control>
			<control type="label">
				<description>Episode Name</description>
				<left>140</left>
				<top>80</top>
				<width>260</width>
				<height>15</height>
				<label>$INFO[ListItem.Property(NextTitle)]</label>
				<textcolor>white</textcolor>
				<font>font12</font>
				<align>center</align>
			</control>
			<control type="label">
				<description>Next air date/time</description>
				<left>140</left>
				<top>100</top>
				<width>260</width>
				<height>15</height>
				<label>$INFO[ListItem.Property(ShortTime)]$INFO[ListItem.Property(NextDate), [COLOR=blue]-[/COLOR] ]</label>
				<textcolor>grey2</textcolor>
				<font>font12</font>
				<align>center</align>
			</control>
			<control type="label">
				<description>Duration</description>
				<left>140</left>
				<top>120</top>
				<width>260</width>
				<height>15</height>
				<label>$INFO[ListItem.Property(Runtime),, $LOCALIZE[12391]]$INFO[ListItem.Property(Network), [COLOR=blue]-[/COLOR] (,)]</label>
				<textcolor>grey2</textcolor>
				<font>font12</font>
				<align>center</align>
			</control>
		</itemlayout>
		<focusedlayout height="150" width="280">
			<control type="image">
				<left>0</left>
				<top>0</top>
				<width>280</width>
				<height>145</height>
				<texture border="10">button-focus2.png</texture>
			</control>
			<control type="image">
				<description>Thumb</description>
				<left>5</left>
				<top>5</top>
				<width>270</width>
				<height>55</height>
				<aspectratio>keep</aspectratio>
				<texture background="true">$INFO[ListItem.Property(Art(poster))]</texture>
				<visible>StringCompare(Window(Home).Property(TVGuide.ThumbType),0)</visible>
			</control>
			<control type="image">
				<description>Banner</description>
				<left>5</left>
				<top>5</top>
				<width>270</width>
				<height>55</height>
				<aspectratio>keep</aspectratio>
				<texture background="true">$INFO[ListItem.Property(Art(banner))]</texture>
				<visible>StringCompare(Window(Home).Property(TVGuide.ThumbType),1)</visible>
			</control>
			<control type="image">
				<description>Logo</description>
				<left>5</left>
				<top>5</top>
				<width>270</width>
				<height>55</height>
				<aspectratio>keep</aspectratio>
				<texture background="true">$INFO[ListItem.Property(Path),,logo.png]</texture>
				<visible>StringCompare(Window(Home).Property(TVGuide.ThumbType),2)</visible>
			</control>
			<control type="label">
				<description>Episode Number</description>
				<left>140</left>
				<top>60</top>
				<width>260</width>
				<height>15</height>
				<label>$INFO[ListItem.Property(NextNumber),$LOCALIZE[20359] [COLOR=blue]-[/COLOR] ]</label>
				<textcolor>selected</textcolor>
				<font>font12</font>
				<align>center</align>
			</control>
			<control type="label">
				<description>Episode Name</description>
				<left>140</left>
				<top>80</top>
				<width>260</width>
				<height>15</height>
				<label>$INFO[ListItem.Property(NextTitle)]</label>
				<textcolor>selected</textcolor>
				<font>font12</font>
				<align>center</align>
			</control>
			<control type="label">
				<description>Next air date/time</description>
				<left>140</left>
				<top>100</top>
				<width>260</width>
				<height>15</height>
				<label>$INFO[ListItem.Property(ShortTime)]$INFO[ListItem.Property(NextDate), [COLOR=blue]-[/COLOR] ]</label>
				<textcolor>white</textcolor>
				<font>font12</font>
				<align>center</align>
			</control>
			<control type="label">
				<description>Duration</description>
				<left>140</left>
				<top>120</top>
				<width>260</width>
				<height>15</height>
				<label>$INFO[ListItem.Property(Runtime),, $LOCALIZE[12391]]$INFO[ListItem.Property(Network), [COLOR=blue]-[/COLOR] (,)]</label>
				<textcolor>white</textcolor>
				<font>font12</font>
				<align>center</align>
			</control>
		</focusedlayout>
	</include>
	<include name="DimensionsPosterPanel">
		<left>90</left>
		<top>65</top>
		<width>700</width>
		<height>380</height>
	</include>
	<!--include name="DimensionsLandscapePanel">
		<left>15</left>
		<top>70</top>
		<width>840</width>
		<height>370</height>
	</include-->
	<include name="DimensionsMusicCDPanel">
		<left>80</left>
		<top>90</top>
		<width>728</width>
		<height>330</height>
	</include>
	<include name="HomePanelBackground">
		<include>VisibleFadeEffect</include>
		<left>415</left>
		<top>5</top>
		<control type="image">
			<description>background</description>
			<!--left>5</left-->
			<left>45</left>
			<top>0</top>
			<!--width>860</width-->
			<width>780</width>
			<height>455</height>
			<texture border="20">ContentPanel.png</texture>
			<include>TransparentEffect</include>
		</control>
		<control type="image">
			<left>15</left>
			<top>10</top>
			<width>820</width>
			<height>90</height>
			<aspectratio>stretch</aspectratio>
			<texture>GlassTitleBar.png</texture>
		</control>
	</include>
	<include name="backgroundfade">
		<animation effect="fade" time="600">Visible</animation>
		<animation effect="fade" time="600">Hidden</animation>
	</include>
	<include name="Window_OpenClose_Animation">
		<animation effect="fade" time="250">WindowOpen</animation>
		<animation effect="fade" time="250">WindowClose</animation>
	</include>
	<include name="dialogeffect">
		<animation effect="fade" time="250">WindowOpen</animation>
		<animation effect="fade" time="250">WindowClose</animation>
	</include>
	<include name="VisibleFadeEffect">
		<animation effect="fade" time="300">Visible</animation>
		<animation effect="fade" time="300">Hidden</animation>
	</include>
	<include name="TransparentEffect">
		<animation effect="fade" start="100" end="15" time="0" condition="SubString(skin.string(MediaPanelTrans),85)">Conditional</animation>
		<animation effect="fade" start="100" end="30" time="0" condition="SubString(skin.string(MediaPanelTrans),70)">Conditional</animation>
		<animation effect="fade" start="100" end="45" time="0" condition="SubString(skin.string(MediaPanelTrans),55)">Conditional</animation>
		<animation effect="fade" start="100" end="60" time="0" condition="SubString(skin.string(MediaPanelTrans),40)">Conditional</animation>
		<animation effect="fade" start="100" end="75" time="0" condition="SubString(skin.string(MediaPanelTrans),25)">Conditional</animation>
		<animation effect="fade" start="100" end="90" time="0" condition="SubString(skin.string(MediaPanelTrans),10)">Conditional</animation>
	</include>
	<include name="KBurnsAnimateFanart">
		<animation effect="zoom" start="110" end="130" center="auto" time="16000" tween="cubic" easing="inout" pulse="true" condition="!Skin.HasSetting(noanimateFanart)">Conditional</animation>
		<animation effect="slide" start="-10,-10" end="20,20" time="8000" tween="cubic" easing="inout" pulse="true" condition="!Skin.HasSetting(noanimateFanart)">Conditional</animation>
	</include>
	<include name="Dimensions_Fullscreen">
		<left>0</left>
		<top>0</top>
		<width>1280</width>
		<height>720</height>
	</include>
	<include name="ArtistExtraFanart">
		<control type="multiimage" id="5043">
			<include>InvisibleButton</include>
			<imagepath background="true">$INFO[Player.FolderPath,,../extraFanart/]</imagepath>
			<visible>Player.HasAudio</visible>
		</control>
		<control type="multiimage" id="5044">
			<include>InvisibleButton</include>
			<imagepath background="true">$INFO[Skin.String(PhysicalMusicFolder)]$INFO[MusicPlayer.Artist,,/extraFanart/]</imagepath>
			<visible>Player.HasAudio + IsEmpty(Control.GetLabel(5043))</visible>
		</control>
	</include>
	<include name="InvisibleButton">
		<left>-20</left>
		<top>-20</top>
		<width>1</width>
		<height>1</height>
		<texturenofocus>-</texturenofocus>
		<texturefocus>-</texturefocus>
	</include>
	<include name="Debug_Grid">
		<control type="image">
			<include>Dimensions_Fullscreen</include>
			<texture>debuggrid720.png</texture>
			<visible>Skin.HasSetting(DebugGrid)</visible>
		</control>
	</include>
	<include name="ClearButtonChoice">
		<onclick>Skin.SetString($INFO[Window(Home).Property(UsrSelectBtn)].Path,Hidden)</onclick>
		<onclick>Skin.Reset($INFO[Window(Home).Property(UsrSelectBtn)].Label)</onclick>
		<onclick condition="Window.IsVisible(2114)">Skin.Reset($INFO[Window(Home).Property(UsrSelectBtn)].Playlist)</onclick>
		<onclick condition="Window.IsVisible(2114)">Skin.Reset($INFO[Window(Home).Property(UsrSelectBtn)].Sub)</onclick>
		<onclick condition="Window.IsVisible(2114)">Skin.Reset($INFO[Window(Home).Property(UsrSelectBtn)].Stats)</onclick>
		<onclick condition="Window.IsVisible(2114)">Skin.Reset($INFO[Window(Home).Property(UsrSelectBtn)].Type)</onclick>
		<onclick condition="Window.IsVisible(2114)">Skin.Reset($INFO[Window(Home).Property(UsrSelectBtn)].Widget)</onclick>
	</include>
	<include name="CloseMenuChoice">
		<onclick condition="Window.IsVisible(2114)">Dialog.Close(2114)</onclick>
		<onclick condition="Window.IsVisible(2115)">Dialog.Close(2115)</onclick>
		<onclick>Skin.SetString($INFO[Window(Home).Property(UsrSelectBtn)].Label)</onclick>
		<onclick>Skin.Reset(UsrSelectAddon)</onclick>
		<onclick>ClearProperty(UsrSelectBtn,Home)</onclick>
	</include>
	<include name="DefaultInitialSetup">
		<!--onload condition="IsEmpty(Weather.Plugin)">Skin.SetString(HomeMenu.1.Path,Hidden)</onload-->
		<!--onload condition="!IsEmpty(Weather.Plugin)">Skin.SetString(HomeMenu.1.Path,ActivateWindow(Weather))</onload-->
		<onload condition="!IsEmpty(Weather.Plugin)">Skin.SetString(HomeMenu.1.Label,$LOCALIZE[8])</onload>
		<onload condition="!IsEmpty(Weather.Plugin)">Skin.SetString(HomeMenu.1.Sub,None)</onload>
		<onload condition="!IsEmpty(Weather.Plugin)">Skin.SetString(HomeMenu.1.Widget,Weather)</onload>
		<onload condition="!IsEmpty(Weather.Plugin)">Skin.SetString(HomeMenu.1.Type,Weather)</onload>
		<!--onload>Skin.SetString(HomeMenu.2.Path,ActivateWindow(Pictures))</onload-->
		<onload>Skin.SetString(HomeMenu.2.Label,$LOCALIZE[1])</onload>
		<onload>Skin.SetString(HomeMenu.2.Sub,SubSetEight)</onload>
		<onload>Skin.SetString(HomeMenu.2.Widget,None)</onload>
		<onload>Skin.SetString(HomeMenu.2.Type,Pictures)</onload>
		<!--onload condition="System.GetBool(pvrmanager.enabled)">Skin.SetString(HomeMenu.3.Path,ActivateWindow(PVR))</onload-->
		<onload condition="System.GetBool(pvrmanager.enabled)">Skin.SetString(HomeMenu.3.Label,$LOCALIZE[31502])</onload>
		<onload condition="System.GetBool(pvrmanager.enabled)">Skin.SetString(HomeMenu.3.Sub,SubSetSix)</onload>
		<onload condition="System.GetBool(pvrmanager.enabled)">Skin.SetString(HomeMenu.3.Widget,None)</onload>
		<onload condition="System.GetBool(pvrmanager.enabled)">Skin.SetString(HomeMenu.3.Type,LiveTV)</onload>
		<!--onload condition="!System.GetBool(pvrmanager.enabled)">Skin.SetString(HomeMenu.3.Path,PlayMedia("special://skin/extras/Streaming/Virgin.strm"))</onload-->
		<onload condition="!System.GetBool(pvrmanager.enabled)">Skin.SetString(HomeMenu.3.Label,$LOCALIZE[31247])</onload>
		<onload condition="!System.GetBool(pvrmanager.enabled)">Skin.SetString(HomeMenu.3.Sub,None)</onload>
		<onload condition="!System.GetBool(pvrmanager.enabled)">Skin.SetString(HomeMenu.3.Widget,None)</onload>
		<onload condition="!System.GetBool(pvrmanager.enabled)">Skin.SetString(HomeMenu.3.Type,Streaming)</onload>
		<!--onload>Skin.SetString(HomeMenu.4.Path,ActivateWindow(Videos,Files,return))</onload-->
		<onload>Skin.SetString(HomeMenu.4.Label,$LOCALIZE[3])</onload>
		<onload>Skin.SetString(HomeMenu.4.Sub,SubSetOne)</onload>
		<onload>Skin.SetString(HomeMenu.4.Widget,UnWatched)</onload>
		<onload>Skin.SetString(HomeMenu.4.Type,Videos)</onload>
		<!--onload condition="!Library.HasContent(Movies)">Skin.SetString(HomeMenu.5.Path,Hidden)</onload-->
		<!--onload condition="Library.HasContent(Movies)">Skin.SetString(HomeMenu.5.Path,ActivateWindow(Videos,MovieTitles,return))</onload-->
		<onload condition="Library.HasContent(Movies)">Skin.SetString(HomeMenu.5.Label,$LOCALIZE[20342])</onload>
		<onload condition="Library.HasContent(Movies)">Skin.SetString(HomeMenu.5.Sub,SubSetTwo)</onload>
		<onload condition="Library.HasContent(Movies)">Skin.SetString(HomeMenu.5.Widget,SuggestedMovies)</onload>
		<onload condition="Library.HasContent(Movies)">Skin.SetString(HomeMenu.5.Type,Movies)</onload>
		<!--onload condition="!Library.HasContent(TVShows)">Skin.SetString(HomeMenu.6.Path,Hidden)</onload-->
		<!--onload condition="Library.HasContent(TVShows)">Skin.SetString(HomeMenu.6.Path,ActivateWindow(Videos,TVShowTitles,return))</onload-->
		<onload condition="Library.HasContent(TVShows)">Skin.SetString(HomeMenu.6.Label,$LOCALIZE[20343])</onload>
		<onload condition="Library.HasContent(TVShows)">Skin.SetString(HomeMenu.6.Sub,SubSetThree)</onload>
		<onload condition="Library.HasContent(TVShows)">Skin.SetString(HomeMenu.6.Widget,SuggestedEpisodes)</onload>
		<onload condition="Library.HasContent(TVShows)">Skin.SetString(HomeMenu.6.Type,TVShows)</onload>
		<!--onload>Skin.SetString(HomeMenu.7.Path,ActivateWindow(VideoLibrary,"special://skin/extras/Playlists/3DMovies.xsp",return))</onload-->
		<onload>Skin.SetString(HomeMenu.7.Label,$LOCALIZE[31253])</onload>
		<onload>Skin.SetString(HomeMenu.7.Playlist,special://skin/extras/Playlists/3DMovies.xsp)</onload>
		<onload>Skin.SetString(HomeMenu.7.Sub,None)</onload>
		<onload>Skin.SetString(HomeMenu.7.Widget,Playlists)</onload>
		<onload>Skin.SetString(HomeMenu.7.Type,Playlists)</onload>
		
		<onload condition="!System.HasAddon(script.simpleplaylists)">Skin.SetString(HomeMenu.8.Path,Hidden)</onload>
		<!--onload condition="System.HasAddon(script.simpleplaylists)">Skin.SetString(HomeMenu.8.Path,RunAddon(script.simpleplaylists))</onload-->
		<onload condition="System.HasAddon(script.simpleplaylists)">Skin.SetString(HomeMenu.8.Label,$LOCALIZE[559])</onload>
		<onload condition="System.HasAddon(script.simpleplaylists)">Skin.SetString(HomeMenu.8.Sub,None)</onload>
		<onload condition="System.HasAddon(script.simpleplaylists)">Skin.SetString(HomeMenu.8.Widget,None)</onload>
		<onload condition="System.HasAddon(script.simpleplaylists)">Skin.SetString(HomeMenu.8.Type,Videos)</onload>
		
		
		<!--onload>Skin.SetString(HomeMenu.9.Path,ActivateWindow(Music))</onload-->
		<onload>Skin.SetString(HomeMenu.9.Label,$LOCALIZE[2])</onload>
		<onload>Skin.SetString(HomeMenu.9.Sub,SubSetFour)</onload>
		<onload>Skin.SetString(HomeMenu.9.Widget,SuggestedAlbums)</onload>
		<onload>Skin.SetString(HomeMenu.9.Type,Music)</onload>
		<!--onload condition="!System.Platform.Android">Skin.SetString(HomeMenu.10.Path,ActivateWindow(Programs,Addons,return))</onload>
		<onload condition="System.Platform.Android">Skin.SetString(HomeMenu.10.Path,ActivateWindow(Programs))</onload-->
		<onload>Skin.SetString(HomeMenu.10.Label,$LOCALIZE[0])</onload>
		<onload>Skin.SetString(HomeMenu.10.Sub,SubSetNine)</onload>
		<onload>Skin.SetString(HomeMenu.10.Widget,None)</onload>
		<onload>Skin.SetString(HomeMenu.10.Type,Programs)</onload>
		<onload>Skin.SetString(HomeMenu.12.Widget,None)</onload>
		<onload>Skin.SetString(HomeMenu.12.Sub,SubSetSeven)</onload>
		<!--onload>Skin.SetString(UPnPServer,XBMC)</onload-->
		<onload>Skin.SetBool(InitialSetUpRun)</onload>
	</include>
	<include name="MenuPlayListCheck">
		<visible>
			!IsEmpty(Skin.String(HomeMenu.1.Playlist)) + Skin.String(HomeMenu.1.Type,Playlists) + StringCompare(Window(Home).Property(UsrSelectBtn),HomeMenu.1) |
			!IsEmpty(Skin.String(HomeMenu.2.Playlist)) + Skin.String(HomeMenu.2.Type,Playlists) + StringCompare(Window(Home).Property(UsrSelectBtn),HomeMenu.2) |
			!IsEmpty(Skin.String(HomeMenu.3.Playlist)) + Skin.String(HomeMenu.3.Type,Playlists) + StringCompare(Window(Home).Property(UsrSelectBtn),HomeMenu.3) |
			!IsEmpty(Skin.String(HomeMenu.4.Playlist)) + Skin.String(HomeMenu.4.Type,Playlists) + StringCompare(Window(Home).Property(UsrSelectBtn),HomeMenu.4) |
			!IsEmpty(Skin.String(HomeMenu.5.Playlist)) + Skin.String(HomeMenu.5.Type,Playlists) + StringCompare(Window(Home).Property(UsrSelectBtn),HomeMenu.5) |
			!IsEmpty(Skin.String(HomeMenu.6.Playlist)) + Skin.String(HomeMenu.6.Type,Playlists) + StringCompare(Window(Home).Property(UsrSelectBtn),HomeMenu.6) |
			!IsEmpty(Skin.String(HomeMenu.7.Playlist)) + Skin.String(HomeMenu.7.Type,Playlists) + StringCompare(Window(Home).Property(UsrSelectBtn),HomeMenu.7) |
			!IsEmpty(Skin.String(HomeMenu.8.Playlist)) + Skin.String(HomeMenu.8.Type,Playlists) + StringCompare(Window(Home).Property(UsrSelectBtn),HomeMenu.8) |
			!IsEmpty(Skin.String(HomeMenu.9.Playlist)) + Skin.String(HomeMenu.9.Type,Playlists) + StringCompare(Window(Home).Property(UsrSelectBtn),HomeMenu.9) |
			!IsEmpty(Skin.String(HomeMenu.10.Playlist)) + Skin.String(HomeMenu.10.Type,Playlists) + StringCompare(Window(Home).Property(UsrSelectBtn),HomeMenu.10)
		</visible>
	</include>
</includes>