<?xml version="1.0" encoding="UTF-8"?>
<window>
    <defaultcontrol always="true">50</defaultcontrol>
    <allowoverlay>no</allowoverlay>
    <views>50,51,550,551</views>
    <controls>
        <include>CommonBackground</include>
        <include>MediaViewBackgrounds</include>
        <control type="group">
            <include>Window_OpenClose_Animation</include>
            <include>CommonRootView</include>
            <!-- view id = 50 -->
            <include>FullWidthList</include>
            <!-- view id = 51 -->
            <include>AddonInfoListView1</include>
            <!-- view id = 550 -->
            <include>AddonInfoThumbView1</include>
            <!-- view id = 551 -->
        </control>
        <control type="button" id="800">
            <include>InvisibleButton</include>
            <onleft>801</onleft>
            <onright>804</onright>
            <onup>50</onup>
            <ondown>50</ondown>
            <visible>false</visible>
        </control>
        <include>CommonPageCount</include>
        <include>FloorReturnButtons</include>
        <include>CommonNowPlaying</include>
        <include>BehindDialogFadeOut</include>
        <control type="group">
            <visible>!Skin.HasSetting(kioskmode)</visible>
            <left>-250</left>
            <include>SideBladeLeft</include>
            <control type="grouplist" id="9000">
                <left>0</left>
                <top>110</top>
                <width>250</width>
                <height>600</height>
                <onleft>9000</onleft>
                <onright>50</onright>
                <onup>9000</onup>
                <ondown>9000</ondown>
                <onback>50</onback>
                <itemgap>0</itemgap>
                <control type="label" id="200">
                    <width>250</width>
                    <height>35</height>
                    <font>font12</font>
                    <label>31006</label>
                    <textcolor>blue</textcolor>
                    <align>center</align>
                    <aligny>center</aligny>
                </control>
                <control type="button" id="2">
                    <description>View As button</description>
                    <textwidth>235</textwidth>
                    <include>ButtonCommonValues</include>
                </control>
                <control type="button" id="3">
                    <description>Sort by button</description>
                    <include>ButtonCommonValues</include>
                    <label>103</label>
                </control>
                <control type="togglebutton" id="4">
                    <description>Sort asc</description>
                    <include>ButtonCommonValues</include>
                    <alttexturefocus border="5">button-focus.png</alttexturefocus>
                    <alttexturenofocus>-</alttexturenofocus>
                    <label>31051</label>
                    <altlabel>31050</altlabel>
                    <usealttexture>Container.SortDirection(Ascending)</usealttexture>
                </control>
                <control type="label" id="201">
                    <width>250</width>
                    <height>35</height>
                    <font>font12</font>
                    <label>31011</label>
                    <textcolor>blue</textcolor>
                    <align>center</align>
                    <aligny>center</aligny>
                </control>
                <control type="radiobutton" id="5">
                    <description>Enable auto-updates</description>
                    <left>0</left>
                    <top>130</top>
                    <include>ButtonCommonValues</include>
                    <label>24063</label>
                </control>
                <control type="radiobutton" id="6">
                    <description>No notifications</description>
                    <left>0</left>
                    <top>170</top>
                    <include>ButtonCommonValues</include>
                    <label>25000</label>
                </control>
                <control type="radiobutton" id="7">
                    <description>Hide foreign</description>
                    <left>0</left>
                    <top>210</top>
                    <include>ButtonCommonValues</include>
                    <label>25001</label>
                </control>
            </control>
        </control>
        <include>BottomClock</include>
        <include>MainHeaderLabel</include>
    </controls>
</window>