<?xml version="1.0" encoding="UTF-8"?>
<window id="2129">
    <defaultcontrol always="true">9006</defaultcontrol>
    <allowoverlay>no</allowoverlay>
    <coordinates>
        <posx>0</posx>
        <posy>0</posy>
    </coordinates>
    <controls>
        <include>CommonBackground</include>
        <control type="image">
            <left>0</left>
            <top>600r</top>
            <width>1280</width>
            <height>600</height>
            <include>TransparentEffect</include>
            <texture>floor.png</texture>
            <animation effect="fade" time="250" condition="Window.Previous(Home)">WindowOpen</animation>
            <animation effect="fade" time="250" condition="Window.Next(Home)">WindowClose</animation>
        </control>
        <control type="image">
            <left>0</left>
            <top>0</top>
            <width>1280</width>
            <height>250</height>
            <include>TransparentEffect</include>
            <texture flipy="true">floor.png</texture>
            <animation effect="fade" time="250" condition="Window.Previous(Home)">WindowOpen</animation>
            <animation effect="fade" time="250" condition="Window.Next(Home)">WindowClose</animation>
        </control>
        <control type="image">
            <include>Window_OpenClose_Animation</include>
            <include>Dimensions_Fullscreen</include>
            <include>VisibleFadeEffect</include>
            <aspectratio>stretch</aspectratio>
            <include>TransparentEffect</include>
            <texture>black-back.png</texture>
        </control>
        <control type="button" id="800">
            <include>InvisibleButton</include>
            <onleft>801</onleft>
            <onright>804</onright>
            <onup>9006</onup>
            <ondown>9006</ondown>
            <visible>false</visible>
        </control>
        <include>FloorReturnButtons</include>
        <include>CommonNowPlaying</include>
        <include>BehindDialogFadeOut</include>
        <control type="group">
            <visible>Control.IsVisible(9006)</visible>
            <include>VisibleFadeEffect</include>
            <control type="panel" id="9006">
                <left>90</left>
                <top>100</top>
                <width>1080</width>
                <height>520</height>
                <onleft>9006</onleft>
                <onright>800</onright>
                <onup>9006</onup>
                <ondown>9006</ondown>
                <viewtype label="21371">list</viewtype>
                <pagecontrol>60</pagecontrol>
                <scrolltime>200</scrolltime>
                <preloaditems>2</preloaditems>
                <itemlayout height="173" width="216">
                    <control type="image">
                        <left>1</left>
                        <top>0</top>
                        <width>214</width>
                        <height>147</height>
                        <aspectratio>keep</aspectratio>
                        <bordertexture border="5">button-nofocus.png</bordertexture>
                        <bordersize>5</bordersize>
                        <texture background="true">$INFO[Listitem.icon]</texture>
                    </control>
                    <control type="label">
                        <left>8</left>
                        <top>147</top>
                        <width>200</width>
                        <height>25</height>
                        <font>font12</font>
                        <textcolor>grey2</textcolor>
                        <selectedcolor>selected</selectedcolor>
                        <align>center</align>
                        <aligny>center</aligny>
                        <info>ListItem.label</info>
                    </control>
                </itemlayout>
                <focusedlayout height="173" width="216">
                    <control type="image">
                        <left>1</left>
                        <top>0</top>
                        <width>214</width>
                        <height>147</height>
                        <aspectratio>keep</aspectratio>
                        <bordertexture border="5">folder-focus.png</bordertexture>
                        <bordersize>5</bordersize>
                        <texture background="true">$INFO[Listitem.icon]</texture>
                    </control>
                    <control type="label">
                        <left>8</left>
                        <top>147</top>
                        <width>200</width>
                        <height>25</height>
                        <font>font12</font>
                        <textcolor>white</textcolor>
                        <selectedcolor>selected</selectedcolor>
                        <align>center</align>
                        <aligny>center</aligny>
                        <info>ListItem.label</info>
                    </control>
                </focusedlayout>
                <content>
                    <item>
                        <label>$LOCALIZE[31282]</label>
                        <label2>$LOCALIZE[31409]</label2>
                        <onclick>ActivateWindow(home)</onclick>
                        <icon>DefaultFolderBack.png</icon>
                        <thumb>$INFO[Skin.String(homedefaulticon)]</thumb>
                    </item>
                    <item>
                        <label>$INFO[Skin.String(homeitem.1.label)]</label>
                        <label2>$LOCALIZE[31410]</label2>
                        <onclick>$INFO[Skin.String(homeitem.1.path)]</onclick>
                        <icon>DefaultShortcut.png</icon>
                        <thumb>$INFO[Skin.String(homeitem.1.icon)]</thumb>
                        <visible>StringCompare(Window(home).Property(MenuItemActive),ItemOne)</visible>
                    </item>
                    <item>
                        <label>$INFO[Skin.String(homeitem.2.label)]</label>
                        <label2>$LOCALIZE[31410]</label2>
                        <onclick>$INFO[Skin.String(homeitem.2.path)]</onclick>
                        <icon>DefaultShortcut.png</icon>
                        <thumb>$INFO[Skin.String(homeitem.2.icon)]</thumb>
                        <visible>StringCompare(Window(home).Property(MenuItemActive),ItemTwo)</visible>
                    </item>
                    <item>
                        <label>$INFO[Skin.String(homeitem.3.label)]</label>
                        <label2>$LOCALIZE[31410]</label2>
                        <onclick>$INFO[Skin.String(homeitem.3.path)]</onclick>
                        <icon>DefaultShortcut.png</icon>
                        <thumb>$INFO[Skin.String(homeitem.3.icon)]</thumb>
                        <visible>StringCompare(Window(home).Property(MenuItemActive),ItemThree)</visible>
                    </item>
                    <item>
                        <label>$INFO[Skin.String(homeitem.4.label)]</label>
                        <label2>$LOCALIZE[31410]</label2>
                        <onclick>$INFO[Skin.String(homeitem.4.path)]</onclick>
                        <icon>DefaultShortcut.png</icon>
                        <thumb>$INFO[Skin.String(homeitem.4.icon)]</thumb>
                        <visible>StringCompare(Window(home).Property(MenuItemActive),ItemFour)</visible>
                    </item>
                    <item>
                        <label>$INFO[Skin.String(homeitem.5.label)]</label>
                        <label2>$LOCALIZE[31410]</label2>
                        <onclick>$INFO[Skin.String(homeitem.5.path)]</onclick>
                        <icon>DefaultShortcut.png</icon>
                        <thumb>$INFO[Skin.String(homeitem.5.icon)]</thumb>
                        <visible>StringCompare(Window(home).Property(MenuItemActive),ItemFive)</visible>
                    </item>
                    <item>
                        <label>$INFO[Skin.String(homeitem.6.label)]</label>
                        <label2>$LOCALIZE[31410]</label2>
                        <onclick>$INFO[Skin.String(homeitem.6.path)]</onclick>
                        <icon>DefaultShortcut.png</icon>
                        <thumb>$INFO[Skin.String(homeitem.6.icon)]</thumb>
                        <visible>StringCompare(Window(home).Property(MenuItemActive),ItemSix)</visible>
                    </item>
                    <item>
                        <label>$INFO[Skin.String(homeitem.7.label)]</label>
                        <label2>$LOCALIZE[31410]</label2>
                        <onclick>$INFO[Skin.String(homeitem.7.path)]</onclick>
                        <icon>DefaultShortcut.png</icon>
                        <thumb>$INFO[Skin.String(homeitem.7.icon)]</thumb>
                        <visible>StringCompare(Window(home).Property(MenuItemActive),ItemSeven)</visible>
                    </item>
                    <item>
                        <label>$INFO[Skin.String(homeitem.8.label)]</label>
                        <label2>$LOCALIZE[31410]</label2>
                        <onclick>$INFO[Skin.String(homeitem.8.path)]</onclick>
                        <icon>DefaultShortcut.png</icon>
                        <thumb>$INFO[Skin.String(homeitem.8.icon)]</thumb>
                        <visible>StringCompare(Window(home).Property(MenuItemActive),ItemEight)</visible>
                    </item>
                    <item>
                        <label>$INFO[Skin.String(homeitem.9.label)]</label>
                        <label2>$LOCALIZE[31410]</label2>
                        <onclick>$INFO[Skin.String(homeitem.9.path)]</onclick>
                        <icon>DefaultShortcut.png</icon>
                        <thumb>$INFO[Skin.String(homeitem.9.icon)]</thumb>
                        <visible>StringCompare(Window(home).Property(MenuItemActive),ItemNine)</visible>
                    </item>
                    <item>
                        <label>$INFO[Skin.String(homeitem.10.label)]</label>
                        <label2>$LOCALIZE[31410]</label2>
                        <onclick>$INFO[Skin.String(homeitem.10.path)]</onclick>
                        <icon>DefaultShortcut.png</icon>
                        <thumb>$INFO[Skin.String(homeitem.10.icon)]</thumb>
                        <visible>StringCompare(Window(home).Property(MenuItemActive),ItemTen)</visible>
                    </item>
                    <item>
                        <label>$LOCALIZE[13000]</label>
                        <label2>$LOCALIZE[31410]</label2>
                        <onclick>ActivateWindow(Settings)</onclick>
                        <icon>DefaultShortcut.png</icon>
                        <thumb>$INFO[Skin.String(homeitem.13.icon)]</thumb>
                        <visible>StringCompare(Window(home).Property(MenuItemActive),Settings)</visible>
                    </item>
                    <include condition="StringCompare(Window(home).Property(MenuItemSub),Videos)">HomeSubMenuVideos</include>
                    <include condition="StringCompare(Window(home).Property(MenuItemSub),Movies)">HomeSubMenuMovies</include>
                    <include condition="StringCompare(Window(home).Property(MenuItemSub),TVShows)">HomeSubMenuTVShows</include>
                    <include condition="StringCompare(Window(home).Property(MenuItemSub),Music)">HomeSubMenuMusic</include>
                    <include condition="StringCompare(Window(home).Property(MenuItemSub),Settings)">HomeSubMenuSystem</include>
                    <include condition="StringCompare(Window(home).Property(MenuItemSub),Pictures)">HomeSubMenuPictures</include>
                    <include condition="StringCompare(Window(home).Property(MenuItemSub),LiveTV)">HomeSubMenuLiveTV</include>
                    <include condition="StringCompare(Window(home).Property(MenuItemSub),Concerts)">HomeSubMenuConcerts</include>
                    <include condition="StringCompare(Window(home).Property(MenuItemSub),Favourites)">HomeSubMenuFavourites</include>
                    <include condition="StringCompare(Window(home).Property(MenuItemSub),UserOne)">HomeSubMenuUserOne</include>
                    <include condition="StringCompare(Window(home).Property(MenuItemSub),UserTwo)">HomeSubMenuUserTwo</include>
                    <include condition="StringCompare(Window(home).Property(MenuItemSub),Programs)">HomeSubMenuProg</include>
                    <include condition="StringCompare(Window(home).Property(MenuItemSub),UserThree)">HomeSubMenuUserThree</include>
                    <include condition="StringCompare(Window(home).Property(MenuItemSub),Shutdown)">HomeSubMenuExit</include>
                    <include condition="StringCompare(Window(home).Property(MenuItemAddon),addonsetone)">HomeAddonSetOne</include>
                    <include condition="StringCompare(Window(home).Property(MenuItemAddon),addonsettwo)">HomeAddonSetTwo</include>
                    <include condition="StringCompare(Window(home).Property(MenuItemAddon),addonsetthree)">HomeAddonSetThree</include>
                    <include condition="StringCompare(Window(home).Property(MenuItemAddon),addonsetfour)">HomeAddonSetFour</include>
                    <include condition="StringCompare(Window(home).Property(MenuItemAddon),addonsetfive)">HomeAddonSetFive</include>
                    <include condition="StringCompare(Window(home).Property(MenuItemAddon),addonsetsix)">HomeAddonSetSix</include>
                    <include condition="StringCompare(Window(home).Property(MenuItemAddon),addonsetseven)">HomeAddonSetSeven</include>
                    <include condition="StringCompare(Window(home).Property(MenuItemAddon),addonseteight)">HomeAddonSetEight</include>
                    <include condition="StringCompare(Window(home).Property(MenuItemAddon),addonsetnine)">HomeAddonSetNine</include>
                    <include condition="StringCompare(Window(home).Property(MenuItemAddon),addonsetten)">HomeAddonSetTen</include>
                </content>
            </control>
        </control>
        <control type="label">
            <left>55</left>
            <top>5</top>
            <width>1170</width>
            <height>30</height>
            <font>font30_title</font>
            <textcolor>blue</textcolor>
            <scroll>true</scroll>
            <align>center</align>
            <aligny>center</aligny>
            <include>Window_OpenClose_Animation</include>
            <label>[UPPERCASE]$INFO[Container(9006).ListItem.label][/UPPERCASE]</label>
        </control>
        <control type="label">
            <left>10</left>
            <top>45</top>
            <width>1260</width>
            <height>20</height>
            <font>font12_title</font>
            <textcolor>grey2</textcolor>
            <wrapmultiline>true</wrapmultiline>
            <scroll>false</scroll>
            <align>center</align>
            <aligny>center</aligny>
            <include>Window_OpenClose_Animation</include>
            <label>$INFO[Container(9006).ListItem.label2]</label>
        </control>
        <include>BottomClock</include>
        <control type="image">
            <description>LOGO</description>
            <left>0</left>
            <top>55r</top>
            <width>170</width>
            <height>43</height>
            <aspectratio aligny="top" align="left">keep</aspectratio>
            <texture>xbmc-logo.png</texture>
            <include>VisibleFadeEffect</include>
            <include>Window_OpenClose_Animation</include>
            <visible>StringCompare(System.ProfileName,Master user)</visible>
        </control>
        <control type="label">
            <description>profile label</description>
            <left>5</left>
            <top>55r</top>
            <width>450</width>
            <height>30</height>
            <align>left</align>
            <aligny>center</aligny>
            <font>font28_title</font>
            <textcolor>C0FFFFFF</textcolor>
            <shadowcolor>black</shadowcolor>
            <info>System.ProfileName</info>
            <include>Window_OpenClose_Animation</include>
            <visible>!StringCompare(System.ProfileName,Master user)</visible>
        </control>
        <control type="label">
            <left>5</left>
            <top>25r</top>
            <width>350</width>
            <height>15</height>
            <align>left</align>
            <aligny>center</aligny>
            <font>font10</font>
            <textcolor>C0FFFFFF</textcolor>
            <shadowcolor>black</shadowcolor>
            <label>$LOCALIZE[31370]</label>
            <include>Window_OpenClose_Animation</include>
            <visible>!StringCompare(System.ProfileName,Master user)</visible>
        </control>
    </controls>
</window>