<?xml version="1.0" encoding="utf-8"?>
<window type="dialog" id="2121">
    <defaultcontrol always="true">10</defaultcontrol>
    <coordinates>
        <system>1</system>
        <left>335</left>
        <top>230</top>
    </coordinates>
    <include>DialogEffect</include>
    <controls>
        <control type="image">
            <left>0</left>
            <top>0</top>
            <width>610</width>
            <height>240</height>
            <texture border="40">DialogBack.png</texture>
        </control>
        <control type="image">
            <description>Dialog Header image</description>
            <left>40</left>
            <top>16</top>
            <width>530</width>
            <height>40</height>
            <texture>dialogheader.png</texture>
        </control>
        <control type="label">
            <description>header label</description>
            <left>40</left>
            <top>20</top>
            <width>530</width>
            <height>30</height>
            <font>font13_title</font>
            <label>$LOCALIZE[31306] $LOCALIZE[31307]</label>
            <align>center</align>
            <aligny>center</aligny>
            <textcolor>selected</textcolor>
            <shadowcolor>black</shadowcolor>
        </control>
        <control type="button">
            <description>Close Window button</description>
            <left>520</left>
            <top>15</top>
            <width>64</width>
            <height>32</height>
            <onclick>PreviousMenu</onclick>
            <texturefocus>DialogCloseButton-focus.png</texturefocus>
            <texturenofocus>DialogCloseButton.png</texturenofocus>
            <onleft>10</onleft>
            <onright>10</onright>
            <onup>10</onup>
            <ondown>10</ondown>
            <visible>system.getbool(input.enablemouse)</visible>
        </control>
        <control type="label">
            <left>0</left>
            <top>90</top>
            <width>550</width>
            <height>65</height>
            <align>center</align>
            <aligny>center</aligny>
            <label>$LOCALIZE[19194]</label>
            <font>font24_title</font>
        </control>
        <control type="label">
            <left>30</left>
            <top>60</top>
            <width>550</width>
            <height>30</height>
            <align>center</align>
            <aligny>center</aligny>
            <label>$LOCALIZE[31678]</label>
            <font>font13</font>
        </control>
        <control type="button" id="11">
            <description>Yes button</description>
            <left>95</left>
            <top>175</top>
            <width>200</width>
            <height>40</height>
            <label>107</label>
            <font>font12_title</font>
            <textcolor>white</textcolor>
            <focusedcolor>white</focusedcolor>
            <align>center</align>
            <onleft>10</onleft>
            <onright>10</onright>
            <onup>11</onup>
            <ondown>11</ondown>
            <onclick>Skin.ResetSettings</onclick>
            <onclick>ReloadSkin()</onclick>
            <onclick>Dialog.Close(2121)</onclick>
            <onclick>ActivateWindow(home)</onclick>
        </control>
        <control type="button" id="10">
            <description>No button</description>
            <left>305</left>
            <top>175</top>
            <width>200</width>
            <height>40</height>
            <label>106</label>
            <font>font12_title</font>
            <textcolor>white</textcolor>
            <focusedcolor>white</focusedcolor>
            <align>center</align>
            <onleft>11</onleft>
            <onright>11</onright>
            <onup>10</onup>
            <ondown>10</ondown>
            <onclick>PreviousMenu</onclick>
        </control>
    </controls>
</window>