<?xml version="1.0" encoding="utf-8"?>
<window type="dialog" id="2118">
    <defaultcontrol always="true">450</defaultcontrol>
    <coordinates>
        <system>1</system>
        <left>0</left>
        <top>0</top>
    </coordinates>
    <controls>
        <control type="group">
            <animation effect="slide" start="400,0" end="0,0" time="400" tween="quadratic" easing="out">WindowOpen</animation>
            <animation effect="slide" start="0,0" end="400,0" time="400" tween="quadratic" easing="out">WindowClose</animation>
            <control type="image">
                <left>400r</left>
                <top>0</top>
                <width>400</width>
                <height>720</height>
                <texture border="15,0,0,0" flipx="true">Home\MediaBladeSub.png</texture>
            </control>
            <control type="button">
                <description>Close Window button</description>
                <left>380r</left>
                <top>0</top>
                <width>64</width>
                <height>32</height>
                <onclick>PreviousMenu</onclick>
                <texturefocus>DialogCloseButton-focus.png</texturefocus>
                <texturenofocus>DialogCloseButton.png</texturenofocus>
                <onleft>450</onleft>
                <onright>450</onright>
                <onup>450</onup>
                <ondown>450</ondown>
                <visible>system.getbool(input.enablemouse)</visible>
            </control>
            <control type="label">
                <left>380r</left>
                <top>35</top>
                <width>360</width>
                <height>40</height>
                <font>font13_title</font>
                <align>center</align>
                <aligny>center</aligny>
                <textcolor>blue</textcolor>
                <shadowcolor>black</shadowcolor>
                <label>$LOCALIZE[31326]</label>
            </control>
            <control type="list" id="450">
                <left>390r</left>
                <top>130</top>
                <width>440</width>
                <height>480</height>
                <onup>450</onup>
                <onleft>Dialog.Close(2118)</onleft>
                <onright>60</onright>
                <ondown>450</ondown>
                <pagecontrol>60</pagecontrol>
                <scrolltime>200</scrolltime>
                <itemlayout height="40">
                    <control type="image">
                        <left>0</left>
                        <top>0</top>
                        <width>360</width>
                        <height>40</height>
                        <texture border="5">button-nofocus.png</texture>
                    </control>
                    <control type="label">
                        <left>10</left>
                        <top>0</top>
                        <width>340</width>
                        <height>40</height>
                        <font>font12_title</font>
                        <align>left</align>
                        <aligny>center</aligny>
                        <selectedcolor>selected</selectedcolor>
                        <info>ListItem.label</info>
                    </control>
                </itemlayout>
                <focusedlayout height="40">
                    <control type="image">
                        <left>0</left>
                        <top>0</top>
                        <width>360</width>
                        <height>40</height>
                        <visible>!Control.HasFocus(450)</visible>
                        <texture border="3">button-nofocus.png</texture>
                    </control>
                    <control type="image">
                        <left>0</left>
                        <top>0</top>
                        <width>360</width>
                        <height>40</height>
                        <visible>Control.HasFocus(450)</visible>
                        <texture border="3">button-focus.png</texture>
                    </control>
                    <control type="label">
                        <left>10</left>
                        <top>0</top>
                        <width>340</width>
                        <height>40</height>
                        <font>font12_title</font>
                        <align>left</align>
                        <aligny>center</aligny>
                        <selectedcolor>selected</selectedcolor>
                        <info>ListItem.label</info>
                    </control>
                </focusedlayout>
                <content>
                    <item>
                        <description>Clear Setting</description>
                        <label>$LOCALIZE[31317]</label>
                        <onclick>Dialog.Close(2118)</onclick>
                        <onclick>Skin.SetString($INFO[Window(home).Property(UsrSelectBtn)].widget,None)</onclick>
                        <onclick>ClearProperty(UsrSelectBtn,Home)</onclick>
                    </item>
                    <item>
                        <description>Playlist Movies</description>
                        <label>$LOCALIZE[136]</label>
                        <onclick>Dialog.Close(2118)</onclick>
                        <onclick>Skin.SetString($INFO[Window(home).Property(UsrSelectBtn)].widget,VideoPlayList)</onclick>
                        <onclick>ClearProperty(UsrSelectBtn,Home)</onclick>
                        <include>MenuMoviePlayListCheck</include>
                    </item>
                    <item>
                        <description>Playlist Music</description>
                        <label>$LOCALIZE[136]</label>
                        <onclick>Dialog.Close(2118)</onclick>
                        <onclick>Skin.SetString($INFO[Window(home).Property(UsrSelectBtn)].widget,MusicPlayList)</onclick>
                        <onclick>ClearProperty(UsrSelectBtn,Home)</onclick>
                        <include>MenuMusicPlayListCheck</include>
                    </item>
                    <item>
                        <description>Weather</description>
                        <label>$LOCALIZE[8]</label>
                        <onclick>Dialog.Close(2118)</onclick>
                        <onclick>Skin.SetString($INFO[Window(home).Property(UsrSelectBtn)].widget,Weather)</onclick>
                        <onclick>ClearProperty(UsrSelectBtn,Home)</onclick>
                        <visible>!IsEmpty(Weather.Plugin)</visible>
                    </item>
                    <item>
                        <description>Recent Movies</description>
                        <label>$LOCALIZE[31198]</label>
                        <onclick>Dialog.Close(2118)</onclick>
                        <onclick>Skin.SetString($INFO[Window(home).Property(UsrSelectBtn)].widget,RecentMovies)</onclick>
                        <onclick>ClearProperty(UsrSelectBtn,Home)</onclick>
                    </item>
                    <item>
                        <description>Random Movies</description>
                        <label>$LOCALIZE[31196]</label>
                        <onclick>Dialog.Close(2118)</onclick>
                        <onclick>Skin.SetString($INFO[Window(home).Property(UsrSelectBtn)].widget,RandomMovies)</onclick>
                        <onclick>ClearProperty(UsrSelectBtn,Home)</onclick>
                    </item>
                    <item>
                        <description>Suggested Movies</description>
                        <label>$LOCALIZE[31197]</label>
                        <onclick>Dialog.Close(2118)</onclick>
                        <onclick>Skin.SetString($INFO[Window(home).Property(UsrSelectBtn)].widget,SuggestedMovies)</onclick>
                        <onclick>ClearProperty(UsrSelectBtn,Home)</onclick>
                    </item>
                    <item>
                        <description>UnWatched Movies</description>
                        <label>$LOCALIZE[16101] $LOCALIZE[342]</label>
                        <onclick>Dialog.Close(2118)</onclick>
                        <onclick>Skin.SetString($INFO[Window(home).Property(UsrSelectBtn)].widget,UnWatchedMovies)</onclick>
                        <onclick>ClearProperty(UsrSelectBtn,Home)</onclick>
                        <visible>!Skin.HasSetting(disablescriptplaylist)</visible>
                    </item>
                    <item>
                        <description>Recent Episodes</description>
                        <label>$LOCALIZE[31195]</label>
                        <onclick>Dialog.Close(2118)</onclick>
                        <onclick>Skin.SetString($INFO[Window(home).Property(UsrSelectBtn)].widget,RecentEpisodes)</onclick>
                        <onclick>ClearProperty(UsrSelectBtn,Home)</onclick>
                    </item>
                    <item>
                        <description>Random Episodes</description>
                        <label>$LOCALIZE[31193]</label>
                        <onclick>Dialog.Close(2118)</onclick>
                        <onclick>Skin.SetString($INFO[Window(home).Property(UsrSelectBtn)].widget,RandomEpisodes)</onclick>
                        <onclick>ClearProperty(UsrSelectBtn,Home)</onclick>
                    </item>
                    <item>
                        <description>Suggested Episodes</description>
                        <label>$LOCALIZE[31194]</label>
                        <onclick>Dialog.Close(2118)</onclick>
                        <onclick>Skin.SetString($INFO[Window(home).Property(UsrSelectBtn)].widget,SuggestedEpisodes)</onclick>
                        <onclick>ClearProperty(UsrSelectBtn,Home)</onclick>
                    </item>
                    <item>
                        <description>Recent Songs</description>
                        <label>$LOCALIZE[31187]</label>
                        <onclick>Dialog.Close(2118)</onclick>
                        <onclick>Skin.SetString($INFO[Window(home).Property(UsrSelectBtn)].widget,RecentSongs)</onclick>
                        <onclick>ClearProperty(UsrSelectBtn,Home)</onclick>
                    </item>
                    <item>
                        <description>Random Songs</description>
                        <label>$LOCALIZE[31185]</label>
                        <onclick>Dialog.Close(2118)</onclick>
                        <onclick>Skin.SetString($INFO[Window(home).Property(UsrSelectBtn)].widget,RandomSongs)</onclick>
                        <onclick>ClearProperty(UsrSelectBtn,Home)</onclick>
                    </item>
                    <item>
                        <description>Recent Albums</description>
                        <label>$LOCALIZE[31192]</label>
                        <onclick>Dialog.Close(2118)</onclick>
                        <onclick>Skin.SetString($INFO[Window(home).Property(UsrSelectBtn)].widget,RecentAlbums)</onclick>
                        <onclick>ClearProperty(UsrSelectBtn,Home)</onclick>
                    </item>
                    <item>
                        <description>Random Albums</description>
                        <label>$LOCALIZE[31190]</label>
                        <onclick>Dialog.Close(2118)</onclick>
                        <onclick>Skin.SetString($INFO[Window(home).Property(UsrSelectBtn)].widget,RandomAlbums)</onclick>
                        <onclick>ClearProperty(UsrSelectBtn,Home)</onclick>
                    </item>
                    <item>
                        <description>Random Artists</description>
                        <label>$LOCALIZE[31186]</label>
                        <onclick>Dialog.Close(2118)</onclick>
                        <onclick>Skin.SetString($INFO[Window(home).Property(UsrSelectBtn)].widget,RandomArtists)</onclick>
                        <onclick>ClearProperty(UsrSelectBtn,Home)</onclick>
                    </item>
                    <item>
                        <description>Suggested Albums</description>
                        <label>$LOCALIZE[31191]</label>
                        <onclick>Dialog.Close(2118)</onclick>
                        <onclick>Skin.SetString($INFO[Window(home).Property(UsrSelectBtn)].widget,SuggestedAlbums)</onclick>
                        <onclick>ClearProperty(UsrSelectBtn,Home)</onclick>
                    </item>
                    <item>
                        <description>Recent Concerts</description>
                        <label>$LOCALIZE[31189]</label>
                        <onclick>Dialog.Close(2118)</onclick>
                        <onclick>Skin.SetString($INFO[Window(home).Property(UsrSelectBtn)].widget,RecentConcerts)</onclick>
                        <onclick>ClearProperty(UsrSelectBtn,Home)</onclick>
                    </item>
                    <item>
                        <description>Random Concerts</description>
                        <label>$LOCALIZE[31188]</label>
                        <onclick>Dialog.Close(2118)</onclick>
                        <onclick>Skin.SetString($INFO[Window(home).Property(UsrSelectBtn)].widget,RandomConcerts)</onclick>
                        <onclick>ClearProperty(UsrSelectBtn,Home)</onclick>
                    </item>
                    <item>
                        <description>Suggested Concerts</description>
                        <label>$LOCALIZE[31199]</label>
                        <onclick>Dialog.Close(2118)</onclick>
                        <onclick>Skin.SetString($INFO[Window(home).Property(UsrSelectBtn)].widget,SuggestedConcerts)</onclick>
                        <onclick>ClearProperty(UsrSelectBtn,Home)</onclick>
                    </item>
                    <item>
                        <description>Next Aired</description>
                        <label>$LOCALIZE[31245]</label>
                        <onclick>Dialog.Close(2118)</onclick>
                        <onclick>Skin.SetString($INFO[Window(home).Property(UsrSelectBtn)].widget,NextAired)</onclick>
                        <onclick>ClearProperty(UsrSelectBtn,Home)</onclick>
                        <visible>!Skin.HasSetting(disabletvnextaired)</visible>
                    </item>
                    <item>
                        <description>Rom Games</description>
                        <label>$LOCALIZE[31246]</label>
                        <onclick>Dialog.Close(2118)</onclick>
                        <onclick>Skin.SetString($INFO[Window(home).Property(UsrSelectBtn)].widget,RomGames)</onclick>
                        <onclick>ClearProperty(UsrSelectBtn,Home)</onclick>
                        <visible>!Skin.HasSetting(disablegamebrowser)</visible>
                    </item>
                    <item>
                        <description>Favourites</description>
                        <label>$LOCALIZE[10134]</label>
                        <onclick>Dialog.Close(2118)</onclick>
                        <onclick>Skin.SetString($INFO[Window(home).Property(UsrSelectBtn)].widget,Favourites)</onclick>
                        <onclick>ClearProperty(UsrSelectBtn,Home)</onclick>
                    </item>
                </content>
            </control>
            <control type="button">
                <description>Up Arrow</description>
                <left>390r</left>
                <top>95</top>
                <width>30</width>
                <height>40</height>
                <texturefocus>arrow-big-up.png</texturefocus>
                <texturenofocus>arrow-big-up.png</texturenofocus>
                <onclick>Control.Move(450,-1)</onclick>
                <visible>Container(450).HasPrevious</visible>
                <include>VisibleFadeEffect</include>
            </control>
            <control type="button">
                <description>Up Arrow</description>
                <left>60r</left>
                <top>95</top>
                <width>30</width>
                <height>40</height>
                <texturefocus>arrow-big-up.png</texturefocus>
                <texturenofocus>arrow-big-up.png</texturenofocus>
                <onclick>Control.Move(450,-1)</onclick>
                <visible>Container(450).HasPrevious</visible>
                <include>VisibleFadeEffect</include>
            </control>
            <control type="button">
                <description>Down Arrow</description>
                <left>390r</left>
                <top>605</top>
                <width>30</width>
                <height>40</height>
                <texturefocus>arrow-big-down.png</texturefocus>
                <texturenofocus>arrow-big-down.png</texturenofocus>
                <onclick>Control.Move(450,1)</onclick>
                <visible>Container(450).HasNext</visible>
                <include>VisibleFadeEffect</include>
            </control>
            <control type="button">
                <description>Down Arrow</description>
                <left>60r</left>
                <top>605</top>
                <width>30</width>
                <height>40</height>
                <texturefocus>arrow-big-down.png</texturefocus>
                <texturenofocus>arrow-big-down.png</texturenofocus>
                <onclick>Control.Move(450,1)</onclick>
                <visible>Container(450).HasNext</visible>
                <include>VisibleFadeEffect</include>
            </control>
            <control type="scrollbar" id="60">
                <left>1250</left>
                <top>95</top>
                <width>25</width>
                <height>550</height>
                <texturesliderbackground border="0,14,0,14">ScrollBarV.png</texturesliderbackground>
                <texturesliderbar border="0,14,0,14">ScrollBarV_bar.png</texturesliderbar>
                <texturesliderbarfocus border="0,14,0,14">ScrollBarV_bar_focus.png</texturesliderbarfocus>
                <textureslidernib>ScrollBarNib.png</textureslidernib>
                <textureslidernibfocus>ScrollBarNib.png</textureslidernibfocus>
                <onleft>450</onleft>
                <onright>450</onright>
                <showonepage>true</showonepage>
                <orientation>vertical</orientation>
                <visible>Control.IsVisible(450)</visible>
            </control>
        </control>
    </controls>
</window>