<?xml version="1.0" encoding="utf-8"?>
<includes>
    <include name="CommonPageCount">
        <control type="group">
            <include>CommonScrollLetter</include>
            <visible>!Window.IsActive(script-globalsearch-main.xml) | [Window.IsActive(script-globalsearch-main.xml) + !Container(9000).Hasfocus(10)]</visible>
            <control type="image">
                <left>65</left>
                <top>55r</top>
                <width>50</width>
                <height>50</height>
                <aspectratio align="center">keep</aspectratio>
                <texture>$VAR[CommonCountIcons]</texture>
            </control>
            <control type="grouplist">
                <left>125</left>
                <top>55r</top>
                <orientation>horizontal</orientation>
                <aligny>center</aligny>
                <control type="label">
                    <width min="50" max="280">auto</width>
                    <height>120</height>
                    <label>$VAR[CommonCountItems]</label>
                    <font>font12_title</font>
                    <textcolor>C0FFFFFF</textcolor>
                    <scroll>false</scroll>
                    <align>left</align>
                </control>
                <control type="label">
                    <width min="50" max="320">auto</width>
                    <height>120</height>
                    <label>$INFO[Container.ListItem.TVShowTitle,$LOCALIZE[31000] ,]</label>
                    <font>font12</font>
                    <textcolor>99FFFFFF</textcolor>
                    <scroll>false</scroll>
                    <align>left</align>
                    <visible>Container.Content(Seasons) | Container.Content(Episodes)</visible>
                </control>
                <control type="label">
                    <width min="50" max="320">auto</width>
                    <height>120</height>
                    <label>$INFO[ListItem.Artist,$LOCALIZE[31000] ,]</label>
                    <font>font12</font>
                    <textcolor>99FFFFFF</textcolor>
                    <scroll>false</scroll>
                    <align>left</align>
                    <visible>Container.Content(Albums)</visible>
                </control>
                <control type="label">
                    <width min="50" max="320">auto</width>
                    <height>120</height>
                    <label>$INFO[ListItem.Album,$LOCALIZE[31000] ,]</label>
                    <font>font12</font>
                    <textcolor>99FFFFFF</textcolor>
                    <scroll>false</scroll>
                    <align>left</align>
                    <visible>Container.Content(Songs)</visible>
                </control>
            </control>
            <include>CommonItemCount</include>
        </control>
    </include>
    <include name="CommonScrollLetter">
        <control type="label">
            <left>0</left>
            <top>55r</top>
            <width>65</width>
            <height>50</height>
            <align>center</align>
            <aligny>center</aligny>
            <label>$INFO[ListItem.SortLetter]</label>
            <textcolor>C0FFFFFF</textcolor>
            <font>font45_title</font>
            <animation type="Visible" reversible="false">
                <effect type="fade" start="0" end="100" time="300" tween="sine" easing="inout" />
            </animation>
            <animation type="Hidden" reversible="false">
                <effect type="fade" start="100" end="0" time="300" tween="sine" delay="2000" easing="inout" />
            </animation>
            <visible>Container.Scrolling + [StringCompare(Container.SortMethod,$LOCALIZE[551]) | StringCompare(Container.SortMethod,$LOCALIZE[561]) | StringCompare(Container.SortMethod,$LOCALIZE[558]) | StringCompare(Container.SortMethod,$LOCALIZE[557]) | StringCompare(Container.SortMethod,$LOCALIZE[556])]</visible>
        </control>
    </include>
    <include name="CommonItemCount">
        <control type="grouplist">
            <left>125</left>
            <top>30r</top>
            <orientation>horizontal</orientation>
            <control type="label">
                <width min="50" max="200">auto</width>
                <height>120</height>
                <label>[COLOR=blue]$INFO[Container.NumItems][/COLOR] $VAR[CommonCountItems]</label>
                <font>font12</font>
                <textcolor>80FFFFFF</textcolor>
                <scroll>false</scroll>
                <align>left</align>
                <visible>!IntegerGreaterThan(Container.NumItems,1) + !Window.IsActive(script-globalsearch-main.xml)</visible>
            </control>
            <control type="label">
                <width min="50" max="200">auto</width>
                <height>120</height>
                <label>[COLOR=blue]$INFO[Container.NumItems][/COLOR] $VAR[CommonCountItems]</label>
                <font>font12</font>
                <textcolor>80FFFFFF</textcolor>
                <scroll>false</scroll>
                <align>left</align>
                <visible>IntegerGreaterThan(Container.NumItems,1) + !Window.IsActive(script-globalsearch-main.xml)</visible>
            </control>
            <control type="label">
                <width min="50" max="200">auto</width>
                <height>120</height>
                <label>$INFO[Container.CurrentPage, - $LOCALIZE[31319] ([COLOR=blue]]$INFO[Container.NumPages,/,[/COLOR])]</label>
                <font>font12</font>
                <textcolor>80FFFFFF</textcolor>
                <scroll>false</scroll>
                <align>left</align>
                <visible>IntegerGreaterThan(Container.NumPages,1) + !Window.IsActive(script-globalsearch-main.xml)</visible>
            </control>
            <control type="label">
                <width min="50" max="800">auto</width>
                <height>120</height>
                <label>$VAR[GlobalSearchResults]</label>
                <font>font12</font>
                <textcolor>80FFFFFF</textcolor>
                <scroll>false</scroll>
                <align>left</align>
                <visible>Window.IsActive(script-globalsearch-main.xml)</visible>
            </control>
        </control>
    </include>
</includes>