<?xml version="1.0" encoding="UTF-8"?>
<window>
    <defaultcontrol always="true">52</defaultcontrol>
    <allowoverlay>no</allowoverlay>
    <coordinates>
        <system>1</system>
        <left>0</left>
        <top>0</top>
    </coordinates>
    <controls>
        <control type="image">
            <description>Startup Background Image</description>
            <include>Dimensions_Fullscreen</include>
            <aspectratio>scale</aspectratio>
            <include>VisibleFadeEffect</include>
            <texture fallback="special://skin/backgrounds/homescreen/startup.jpg">$INFO[Skin.String(startupbackgroundpath)]</texture>
        </control>
        <control type="image">
            <left>265</left>
            <top>0</top>
            <width>750</width>
            <height>720</height>
            <texture>black-back.png</texture>
        </control>
        <include>MediaViewBackgrounds</include>
        <control type="label">
            <left>55</left>
            <top>5</top>
            <width>1170</width>
            <height>30</height>
            <font>font30_title</font>
            <textcolor>blue</textcolor>
            <scroll>true</scroll>
            <align>center</align>
            <aligny>center</aligny>
            <include>Window_OpenClose_Animation</include>
            <label>[UPPERCASE]$INFO[Container(52).ListItem.label][/UPPERCASE]</label>
        </control>
        <control type="label">
            <left>10</left>
            <top>45</top>
            <width>1260</width>
            <height>20</height>
            <font>font12_title</font>
            <textcolor>grey2</textcolor>
            <wrapmultiline>true</wrapmultiline>
            <scroll>false</scroll>
            <align>center</align>
            <aligny>center</aligny>
            <include>Window_OpenClose_Animation</include>
            <label>$LOCALIZE[31332]</label>
        </control>
        <control type="group">
            <include>Window_OpenClose_Animation</include>
            <control type="list" id="52">
                <left>295</left>
                <top>170</top>
                <width>690</width>
                <height>401</height>
                <onleft>20</onleft>
                <onright>20</onright>
                <onup>52</onup>
                <ondown>52</ondown>
                <viewtype label="535">list</viewtype>
                <pagecontrol>60</pagecontrol>
                <scrolltime>200</scrolltime>
                <itemlayout height="100" width="690">
                    <control type="image">
                        <left>0</left>
                        <top>0</top>
                        <width>690</width>
                        <height>95</height>
                        <texture border="5">button-nofocus.png</texture>
                    </control>
                    <control type="image">
                        <left>10</left>
                        <top>10</top>
                        <width>80</width>
                        <height>75</height>
                        <texture>$INFO[ListItem.icon]</texture>
                    </control>
                    <control type="label">
                        <left>110</left>
                        <top>10</top>
                        <width>580</width>
                        <height>40</height>
                        <font>font24_title</font>
                        <textcolor>grey2</textcolor>
                        <selectedcolor>selected</selectedcolor>
                        <align>left</align>
                        <aligny>center</aligny>
                        <label>$INFO[ListItem.label]</label>
                    </control>
                    <control type="label">
                        <left>110</left>
                        <top>50</top>
                        <width>580</width>
                        <height>25</height>
                        <font>font13</font>
                        <textcolor>grey2</textcolor>
                        <selectedcolor>selected</selectedcolor>
                        <align>left</align>
                        <aligny>center</aligny>
                        <label>$INFO[ListItem.label2]</label>
                    </control>
                </itemlayout>
                <focusedlayout height="100" width="580">
                    <control type="image">
                        <left>0</left>
                        <top>0</top>
                        <width>690</width>
                        <height>95</height>
                        <texture border="5">button-nofocus.png</texture>
                        <visible>!Control.HasFocus(52)</visible>
                        <include>VisibleFadeEffect</include>
                    </control>
                    <control type="image">
                        <left>0</left>
                        <top>0</top>
                        <width>690</width>
                        <height>95</height>
                        <texture border="5">button-focus2.png</texture>
                        <visible>Control.HasFocus(52)</visible>
                        <include>VisibleFadeEffect</include>
                    </control>
                    <control type="image">
                        <left>10</left>
                        <top>10</top>
                        <width>80</width>
                        <height>75</height>
                        <texture>$INFO[ListItem.icon]</texture>
                    </control>
                    <control type="label">
                        <left>110</left>
                        <top>10</top>
                        <width>580</width>
                        <height>40</height>
                        <font>font24_title</font>
                        <textcolor>white</textcolor>
                        <selectedcolor>selected</selectedcolor>
                        <align>left</align>
                        <aligny>center</aligny>
                        <label>$INFO[ListItem.label]</label>
                    </control>
                    <control type="label">
                        <left>110</left>
                        <top>50</top>
                        <width>580</width>
                        <height>25</height>
                        <font>font13</font>
                        <textcolor>grey2</textcolor>
                        <selectedcolor>selected</selectedcolor>
                        <align>left</align>
                        <aligny>center</aligny>
                        <label>$INFO[ListItem.label2]</label>
                    </control>
                </focusedlayout>
            </control>
            <control type="button" id="20">
                <description>Shutdown Button</description>
                <left>100r</left>
                <top>55r</top>
                <width>45</width>
                <height>45</height>
                <onclick>ActivateWindow(ShutdownMenu)</onclick>
                <texturefocus border="5">FloorButtons/FloorPowerFO.png</texturefocus>
                <texturenofocus border="5">FloorButtons/FloorPowerNF.png</texturenofocus>
                <onleft>52</onleft>
                <onright>52</onright>
                <onup>52</onup>
                <ondown>52</ondown>
            </control>
        </control>
        <include>BottonLogoImage</include>
        <include>BottomClock</include>
    </controls>
</window>