<?xml version="1.0" encoding="UTF-8"?>
<window>
    <defaultcontrol always="true">50</defaultcontrol>
    <allowoverlay>no</allowoverlay>
    <views>50,51,506</views>
    <controls>
        <include>CommonBackground</include>
        <include>MediaViewBackgrounds</include>
        <control type="group">
            <include>Window_OpenClose_Animation</include>
            <include>CommonRootView</include>
            <!-- view id = 50 -->
            <include>FullWidthList</include>
            <!-- view id = 51 -->
            <include>MusicInfoListView</include>
            <!-- view id = 506 -->
        </control>
        <control type="button" id="800">
            <include>InvisibleButton</include>
            <onleft>801</onleft>
            <onright>804</onright>
            <onup>50</onup>
            <ondown>50</ondown>
            <visible>false</visible>
        </control>
        <include>CommonPageCount</include>
        <include>FloorReturnButtons</include>
        <include>CommonNowPlaying</include>
        <include>BehindDialogFadeOut</include>
        <control type="group">
            <visible>!Skin.HasSetting(kioskmode)</visible>
            <left>-250</left>
            <include>SideBladeLeft</include>
            <control type="grouplist" id="9000">
                <left>0</left>
                <top>110</top>
                <width>250</width>
                <height>600</height>
                <onleft>9000</onleft>
                <onright>50</onright>
                <onup>9000</onup>
                <ondown>9000</ondown>
                <onback>50</onback>
                <itemgap>0</itemgap>
                <control type="label" id="200">
                    <width>250</width>
                    <height>35</height>
                    <font>font12</font>
                    <label>31006</label>
                    <textcolor>blue</textcolor>
                    <align>center</align>
                    <aligny>center</aligny>
                </control>
                <control type="button" id="2">
                    <description>View As button</description>
                    <textwidth>235</textwidth>
                    <include>ButtonCommonValues</include>
                </control>
                <control type="label" id="201">
                    <width>250</width>
                    <height>35</height>
                    <font>font12</font>
                    <label>31011</label>
                    <textcolor>blue</textcolor>
                    <align>center</align>
                    <aligny>center</aligny>
                </control>
                <control type="radiobutton" id="20">
                    <description>Shuffle button</description>
                    <include>ButtonCommonValues</include>
                    <label>191</label>
                </control>
                <control type="button" id="26">
                    <description>Repeat button</description>
                    <textwidth>235</textwidth>
                    <include>ButtonCommonValues</include>
                </control>
                <control type="button" id="21">
                    <description>Save button</description>
                    <label>190</label>
                    <textwidth>235</textwidth>
                    <include>ButtonCommonValues</include>
                </control>
                <control type="button" id="22">
                    <description>Clear button</description>
                    <label>192</label>
                    <onclick>ReplaceWindow(music)</onclick>
                    <textwidth>235</textwidth>
                    <include>ButtonCommonValues</include>
                </control>
            </control>
        </control>
        <include>BottomClock</include>
        <include>MainHeaderLabel</include>
    </controls>
</window>