<?xml version="1.0" encoding="UTF-8"?>
<window>
    <defaultcontrol always="true">50</defaultcontrol>
    <allowoverlay>no</allowoverlay>
    <views>515,50,51,500,504,503,508,501,505,529,555,560,594,728,730,732</views>
    <onload condition="!Skin.HasSetting(disabletvtunes) + !Player.HasMedia">XBMC.RunScript(script.tvtunes,backend=True)</onload>
    <controls>
        <include>CommonBackground</include>
        <include>MediaViewBackgrounds</include>
        <include>VideoExtrasIcon</include>
        <control type="group">
            <include>Window_OpenClose_Animation</include>
            <include>CommonRootView</include>
            <!-- view id = 50 -->
            <include>FullWidthList</include>
            <!-- view id = 51 -->
            <include>ThumbnailView</include>
            <!-- view id = 500 -->
            <include>PosterWrapView</include>
            <!-- view id = 501 -->
            <include>MediaListView3</include>
            <!-- view id = 503 -->
            <include>MediaInfoView</include>
            <!-- view id = 504 -->
            <include>WideIconView</include>
            <!-- view id = 505 -->
            <include>MediaFanArtView</include>
            <!-- view id = 508 -->
            <include>InfoFanArtView</include>
            <!-- view id = 515 -->
            <include>Coverflowview</include>
            <!-- view id = 555 -->
            <include>LogoVertical</include>
            <!-- view id = 730 -->
            <include>FullWallView</include>
            <!-- view id = 732 -->
            <include>LiveTVView1</include>
            <!-- view id = 560 -->
            <include>LogoWallView</include>
            <!-- view id = 594 -->
            <include>WideList</include>
            <!-- view id = 529 -->
            <include>Episode</include>
            <!-- view id = 728 -->
        </control>
        <control type="button" id="800">
            <include>InvisibleButton</include>
            <onleft>801</onleft>
            <onright>804</onright>
            <onup>50</onup>
            <ondown>50</ondown>
            <visible>false</visible>
        </control>
        <include>CommonPageCount</include>
        <include>FloorReturnButtons</include>
        <include>CommonNowPlaying</include>
        <include>BehindDialogFadeOut</include>
        <control type="group">
            <visible>!Skin.HasSetting(kioskmode)</visible>
            <left>-250</left>
            <include>SideBladeLeft</include>
            <control type="grouplist" id="9000">
                <left>0</left>
                <top>60</top>
                <width>250</width>
                <height>650</height>
                <onleft>9000</onleft>
                <onright>50</onright>
                <onup>9000</onup>
                <ondown>9000</ondown>
                <onback>50</onback>
                <itemgap>0</itemgap>
                <control type="label" id="200">
                    <width>250</width>
                    <height>35</height>
                    <font>font12</font>
                    <label>31006</label>
                    <textcolor>blue</textcolor>
                    <align>center</align>
                    <aligny>center</aligny>
                </control>
                <control type="button" id="2">
                    <description>View As button</description>
                    <textwidth>235</textwidth>
                    <include>ButtonCommonValues</include>
                </control>
                <control type="button" id="3">
                    <description>Sort by button</description>
                    <include>ButtonCommonValues</include>
                    <label>103</label>
                </control>
                <control type="togglebutton" id="4">
                    <description>Sort asc</description>
                    <include>ButtonCommonValues</include>
                    <alttexturefocus border="5">button-focus.png</alttexturefocus>
                    <alttexturenofocus>-</alttexturenofocus>
                    <label>31051</label>
                    <altlabel>31050</altlabel>
                    <usealttexture>Container.SortDirection(Ascending)</usealttexture>
                </control>
                <control type="edit" id="19">
                    <visible>Container.CanFilter + !Container.CanFilterAdvanced</visible>
                    <description>Filter</description>
                    <textwidth>230</textwidth>
                    <include>ButtonCommonValues</include>
                    <label>587</label>
                </control>
                <control type="radiobutton" id="98">
                    <visible>Container.CanFilterAdvanced</visible>
                    <description>Filter</description>
                    <include>ButtonCommonValues</include>
                    <label>587</label>
                    <selected>Container.Filtered</selected>
                    <onclick>right</onclick>
                    <onclick>Filter</onclick>
                </control>
                <control type="button" id="99">
                    <width>250</width>
                    <height>40</height>
                    <font>font13</font>
                    <label>$LOCALIZE[31123] $VAR[PopupInfoType]</label>
                    <textcolor>white</textcolor>
                    <focusedcolor>white</focusedcolor>
                    <texturefocus border="5">button-focus.png</texturefocus>
                    <texturenofocus>-</texturenofocus>
                    <pulseonselect>false</pulseonselect>
                    <onclick condition="IsEmpty(Skin.String(mediapopupcontrol))">Skin.SetString(mediapopupcontrol,Delayed)</onclick>
                    <onclick condition="Skin.String(mediapopupcontrol,Delayed)">Skin.SetString(mediapopupcontrol,Hidden)</onclick>
                    <onclick condition="Skin.String(mediapopupcontrol,Hidden)">Skin.SetString(mediapopupcontrol,Instant)</onclick>
                    <onclick condition="Skin.String(mediapopupcontrol,Instant)">Skin.Reset(mediapopupcontrol)</onclick>
                    <visible>Control.IsVisible(508) | Control.IsVisible(515) | Control.IsVisible(730)</visible>
                </control>
                <control type="label" id="201">
                    <width>250</width>
                    <height>35</height>
                    <font>font12</font>
                    <label>31011</label>
                    <textcolor>blue</textcolor>
                    <align>center</align>
                    <aligny>center</aligny>
                </control>
                <control type="radiobutton" id="14">
                    <description>Watched Toggle</description>
                    <textwidth>170</textwidth>
                    <include>ButtonCommonValues</include>
                    <label>20367</label>
                </control>
                <control type="radiobutton" id="205">
                    <include>ButtonCommonValues</include>
                    <label>$LOCALIZE[31133]</label>
                    <textwidth>170</textwidth>
                    <onclick>Skin.ToggleSetting(disablewatchedcheck)</onclick>
                    <selected>Skin.HasSetting(disablewatchedcheck)</selected>
                    <visible>!system.setting(hidewatched) + !Control.IsVisible(555) + !Control.IsVisible(594) + !Control.IsVisible(730)</visible>
                </control>
                <control type="radiobutton" id="206">
                    <include>ButtonCommonValues</include>
                    <label>$LOCALIZE[31134]</label>
                    <textwidth>170</textwidth>
                    <onclick>Skin.ToggleSetting(hidenewmediastat)</onclick>
                    <selected>!Skin.HasSetting(hidenewmediastat)</selected>
                    <enable>!Skin.HasSetting(disablewatchedcheck)</enable>
                    <visible>!system.setting(hidewatched)</visible>
                    <visible>Control.IsVisible(501) | Control.IsVisible(508) | Control.IsVisible(728) | Control.IsVisible(732)</visible>
                </control>
                <control type="radiobutton" id="207">
                    <include>ButtonCommonValues</include>
                    <label>$LOCALIZE[31135]</label>
                    <textwidth>170</textwidth>
                    <onclick>Skin.ToggleSetting(disableanimatedcase)</onclick>
                    <selected>Skin.HasSetting(disableanimatedcase)</selected>
                    <visible>Control.IsVisible(501)</visible>
                </control>
                <control type="radiobutton" id="208">
                    <description>Use Extra FanArt in 504</description>
                    <textwidth>170</textwidth>
                    <include>ButtonCommonValues</include>
                    <label>$LOCALIZE[31016]</label>
                    <onclick>Skin.ToggleSetting(disable504fanart)</onclick>
                    <selected>Skin.HasSetting(disable504fanart)</selected>
                    <visible>Control.IsVisible(504)</visible>
                    <visible>Container.Content(Movies) | Container.Content(MusicVideos)</visible>
                </control>
                <control type="radiobutton" id="209">
                    <description>Use ClearArt in 529</description>
                    <textwidth>170</textwidth>
                    <include>ButtonCommonValues</include>
                    <label>$LOCALIZE[31017]</label>
                    <onclick>Skin.ToggleSetting(enable529clearart)</onclick>
                    <selected>!Skin.HasSetting(enable529clearart)</selected>
                    <visible>Control.IsVisible(529) + !Container.Content(Episodes) + !Container.Content(Seasons)</visible>
                </control>
                <control type="radiobutton" id="210">
                    <description>Hide Episode Thumbnails</description>
                    <textwidth>170</textwidth>
                    <include>ButtonCommonValues</include>
                    <label>$LOCALIZE[31021]</label>
                    <onclick>Skin.ToggleSetting(hideepisodethumb)</onclick>
                    <selected>Skin.HasSetting(hideepisodethumb)</selected>
                    <visible>Container.Content(Episodes)</visible>
                </control>
                <control type="radiobutton" id="211">
                    <description>Hide Genre Icons</description>
                    <textwidth>170</textwidth>
                    <include>ButtonCommonValues</include>
                    <label>$LOCALIZE[31024]</label>
                    <onclick>Skin.ToggleSetting(hidegenreicons)</onclick>
                    <selected>Skin.HasSetting(hidegenreicons)</selected>
                    <visible>!Container.Content(Episodes) + !Container.Content(Seasons) + !Container.Content(TVShows) + [Control.IsVisible(501) | Control.IsVisible(504) | Control.IsVisible(515) | Control.IsVisible(555) | Control.IsVisible(594) | Control.IsVisible(730)]</visible>
                </control>
                <control type="radiobutton" id="212">
                    <description>TVShow Banners Banners</description>
                    <textwidth>170</textwidth>
                    <include>ButtonCommonValues</include>
                    <label>31025</label>
                    <onclick>Skin.ToggleSetting(view515hidebanners)</onclick>
                    <selected>Skin.HasSetting(view515hidebanners)</selected>
                    <visible>Control.IsVisible(515) + Container.Content(TVShows)</visible>
                </control>
                <control type="radiobutton" id="213">
                    <description>Darken Watched</description>
                    <textwidth>170</textwidth>
                    <include>ButtonCommonValues</include>
                    <label>31026</label>
                    <onclick>Skin.ToggleSetting(darkenwatchedmedia)</onclick>
                    <selected>Skin.HasSetting(darkenwatchedmedia)</selected>
                    <visible>Control.IsVisible(732) | Control.IsVisible(529)  | Control.IsVisible(508) | Control.IsVisible(501)</visible>
                </control>
                <control type="button" id="8">
                    <description>Search</description>
                    <include>ButtonCommonValues</include>
                    <label>137</label>
                </control>
                <control type="radiobutton" id="16">
                    <description>PartyMode</description>
                    <label>589</label>
                    <include>ButtonCommonValues</include>
                    <visible>Container.Content(MusicVideos)</visible>
                </control>
                <control type="radiobutton" id="11">
                    <description>Unlock Shares</description>
                    <textwidth>170</textwidth>
                    <include>ButtonCommonValues</include>
                    <label>20336</label>
                    <onclick>xbmc.mastermode</onclick>
                    <selected>system.ismaster</selected>
                    <visible>system.haslocks</visible>
                </control>
                <control type="label" id="203">
                    <width>250</width>
                    <height>35</height>
                    <font>font12</font>
                    <label>31039</label>
                    <textcolor>blue</textcolor>
                    <align>center</align>
                    <aligny>center</aligny>
                </control>
                <control type="togglebutton" id="20">
                    <description>Update library</description>
                    <include>ButtonCommonValues</include>
                    <label>653</label>
                    <altlabel>13353</altlabel>
                    <alttexturefocus border="5">button-focus.png</alttexturefocus>
                    <alttexturenofocus>-</alttexturenofocus>
                    <usealttexture>library.isscanningvideo</usealttexture>
                </control>
                <control type="button" id="104">
                    <description>Trakt.tv</description>
                    <include>ButtonCommonValues</include>
                    <label>31214</label>
                    <onclick>RunScript(script.trakt,action=contextmenu)</onclick>
                    <visible>System.HasAddon(plugin.video.trakt_list_manager)</visible>
                </control>
            </control>
        </control>
        <include>BottomClock</include>
        <include>MainHeaderLabel</include>
    </controls>
</window>