<?xml version="1.0" encoding="UTF-8"?>
<window type="dialog">
    <defaultcontrol always="true">100</defaultcontrol>
    <include>DialogEffect</include>
    <visible>Player.HasMedia + Window.IsActive(PlayerControls) + !Window.IsActive(FullscreenVideo) + !Window.IsActive(Visualisation)</visible>
    <coordinates>
        <system>1</system>
        <left>390</left>
        <top>250</top>
    </coordinates>
    <controls>
        <control type="image">
            <left>-15</left>
            <top>156</top>
            <width>523</width>
            <height>53</height>
            <texture flipy="true" border="20,20,20,2">InfoMessagePanel.png</texture>
        </control>
        <control type="group" id="100">
            <left>5</left>
            <top>162</top>
            <defaultcontrol always="true">600</defaultcontrol>
            <visible>!VideoPlayer.Content(LiveTV)</visible>
            <control type="button" id="600">
                <left>0</left>
                <top>0</top>
                <width>40</width>
                <height>40</height>
                <texturefocus>OSD/OSDFullScreenFO.png</texturefocus>
                <texturenofocus>OSD/OSDFullScreenNF.png</texturenofocus>
                <onleft>610</onleft>
                <onright>601</onright>
                <onup>300</onup>
                <ondown>200</ondown>
                <onclick>Dialog.Close(all,true)</onclick>
                <onclick>FullScreen</onclick>
                <visible>!VideoPlayer.Content(LiveTV)</visible>
            </control>
            <control type="button" id="601">
                <left>40</left>
                <top>0</top>
                <width>40</width>
                <height>40</height>
<label>-</label>
                <texturefocus>OSD/OSDPrevTrackFO.png</texturefocus>
                <texturenofocus>OSD/OSDPrevTrackNF.png</texturenofocus>
                <onleft>600</onleft>
                <onright>602</onright>
                <onup>300</onup>
                <ondown>200</ondown>
                <onclick>XBMC.PlayerControl(Previous)</onclick>
                <visible>!VideoPlayer.Content(LiveTV)</visible>
            </control>
            <control type="button" id="602">
                <left>80</left>
                <top>0</top>
                <width>40</width>
                <height>40</height>
<label>-</label>
                <texturefocus>OSD/OSDRewindFO.png</texturefocus>
                <texturenofocus>OSD/OSDRewindNF.png</texturenofocus>
                <onleft>601</onleft>
                <onright>603</onright>
                <onup>300</onup>
                <ondown>200</ondown>
                <onclick>XBMC.PlayerControl(Rewind)</onclick>
                <visible>!VideoPlayer.Content(LiveTV)</visible>
            </control>
            <control type="togglebutton" id="603">
                <left>120</left>
                <top>0</top>
                <width>40</width>
                <height>40</height>
<label>-</label>
                <texturefocus>OSD/OSDPauseFO.png</texturefocus>
                <texturenofocus>OSD/OSDPauseNF.png</texturenofocus>
                <usealttexture>Player.Paused | Player.Forwarding | Player.Rewinding</usealttexture>
                <alttexturefocus>OSD/OSDPlayFO.png</alttexturefocus>
                <alttexturenofocus>OSD/OSDPlayNF.png</alttexturenofocus>
                <onleft>602</onleft>
                <onright>604</onright>
                <onup>300</onup>
                <ondown>200</ondown>
                <onclick>XBMC.PlayerControl(Play)</onclick>
                <visible>!VideoPlayer.Content(LiveTV)</visible>
            </control>
            <control type="button" id="604">
                <left>160</left>
                <top>0</top>
                <width>40</width>
                <height>40</height>
<label>-</label>
                <texturefocus>OSD/OSDStopFO.png</texturefocus>
                <texturenofocus>OSD/OSDStopNF.png</texturenofocus>
                <onleft>603</onleft>
                <onright>605</onright>
                <onup>300</onup>
                <ondown>200</ondown>
                <onclick>down</onclick>
                <onclick>XBMC.PlayerControl(Stop)</onclick>
                <visible>!VideoPlayer.Content(LiveTV)</visible>
            </control>
            <control type="button" id="605">
                <left>200</left>
                <top>0</top>
                <width>40</width>
                <height>40</height>
<label>-</label>
                <texturefocus>OSD/OSDForwardFO.png</texturefocus>
                <texturenofocus>OSD/OSDForwardNF.png</texturenofocus>
                <onleft>604</onleft>
                <onright>606</onright>
                <onup>300</onup>
                <ondown>200</ondown>
                <onclick>XBMC.PlayerControl(Forward)</onclick>
                <visible>!VideoPlayer.Content(LiveTV)</visible>
            </control>
            <control type="button" id="606">
                <left>240</left>
                <top>0</top>
                <width>40</width>
                <height>40</height>
<label>-</label>
                <texturefocus>OSD/OSDNextTrackFO.png</texturefocus>
                <texturenofocus>OSD/OSDNextTrackNF.png</texturenofocus>
                <onleft>605</onleft>
                <onright>607</onright>
                <onup>300</onup>
                <ondown>200</ondown>
                <onclick>XBMC.PlayerControl(Next)</onclick>
                <visible>!VideoPlayer.Content(LiveTV)</visible>
            </control>
            <control type="button" id="607">
                <left>280</left>
                <top>0</top>
                <width>40</width>
                <height>40</height>
<label>-</label>
                <texturefocus>OSD/OSDRecordOffFO.png</texturefocus>
                <texturenofocus>OSD/OSDRecordOffNF.png</texturenofocus>
                <onleft>606</onleft>
                <onright>608</onright>
                <onup>300</onup>
                <ondown>200</ondown>
                <onclick>XBMC.PlayerControl(record)</onclick>
                <enable>Player.CanRecord</enable>
                <animation effect="fade" start="100" end="30" time="100" condition="!Player.CanRecord">Conditional</animation>
                <visible>!VideoPlayer.Content(LiveTV)</visible>
            </control>
            <control type="group">
                <animation effect="slide" start="0,0" end="40,0" time="0" condition="!Player.HasAudio">Conditional</animation>
                <control type="button" id="608">
                    <left>365</left>
                    <top>0</top>
                    <width>40</width>
                    <height>40</height>
<label>-</label>
                    <texturefocus>-</texturefocus>
                    <texturenofocus>-</texturenofocus>
                    <onclick>XBMC.PlayerControl(Repeat)</onclick>
                    <onleft>607</onleft>
                    <onright>609</onright>
                    <onup>100</onup>
                    <ondown>100</ondown>
                    <visible>!VideoPlayer.Content(LiveTV)</visible>
                </control>
                <control type="image">
                    <left>365</left>
                    <top>0</top>
                    <width>40</width>
                    <height>40</height>
                    <texture>OSD/OSDRepeatNF.png</texture>
                    <visible>!Playlist.IsRepeat + !Playlist.IsRepeatOne</visible>
                    <visible>!Control.HasFocus(608)</visible>
                    <visible>!VideoPlayer.Content(LiveTV)</visible>
                </control>
                <control type="image">
                    <left>365</left>
                    <top>0</top>
                    <width>40</width>
                    <height>40</height>
                    <texture>OSD/OSDRepeatFO.png</texture>
                    <visible>!Playlist.IsRepeat + !Playlist.IsRepeatOne</visible>
                    <visible>Control.HasFocus(608)</visible>
                    <visible>!VideoPlayer.Content(LiveTV)</visible>
                </control>
                <control type="image">
                    <left>365</left>
                    <top>0</top>
                    <width>40</width>
                    <height>40</height>
                    <texture>OSD/OSDRepeatOneNF.png</texture>
                    <visible>Playlist.IsRepeatOne</visible>
                    <visible>!Control.HasFocus(608)</visible>
                    <visible>!VideoPlayer.Content(LiveTV)</visible>
                </control>
                <control type="image">
                    <left>365</left>
                    <top>0</top>
                    <width>40</width>
                    <height>40</height>
                    <texture>OSD/OSDRepeatOneFO.png</texture>
                    <visible>Playlist.IsRepeatOne</visible>
                    <visible>Control.HasFocus(608)</visible>
                    <visible>!VideoPlayer.Content(LiveTV)</visible>
                </control>
                <control type="image">
                    <left>365</left>
                    <top>0</top>
                    <width>40</width>
                    <height>40</height>
                    <texture>OSD/OSDRepeatAllNF.png</texture>
                    <visible>Playlist.IsRepeat</visible>
                    <visible>!Control.HasFocus(608)</visible>
                    <visible>!VideoPlayer.Content(LiveTV)</visible>
                </control>
                <control type="image">
                    <left>365</left>
                    <top>0</top>
                    <width>40</width>
                    <height>40</height>
                    <texture>OSD/OSDRepeatAllFO.png</texture>
                    <visible>Playlist.IsRepeat</visible>
                    <visible>Control.HasFocus(608)</visible>
                    <visible>!VideoPlayer.Content(LiveTV)</visible>
                </control>
                <control type="togglebutton" id="609">
                    <left>405</left>
                    <top>0</top>
                    <width>40</width>
                    <height>40</height>
<label>-</label>
                    <texturefocus>OSD/OSDRandomOffFO.png</texturefocus>
                    <texturenofocus>OSD/OSDRandomOffNF.png</texturenofocus>
                    <usealttexture>Playlist.IsRandom</usealttexture>
                    <alttexturefocus>OSD/OSDRandomOnFO.png</alttexturefocus>
                    <alttexturenofocus>OSD/OSDRandomOnNF.png</alttexturenofocus>
                    <onclick>XBMC.PlayerControl(Random)</onclick>
                    <onleft>608</onleft>
                    <onright>610</onright>
                    <onup>100</onup>
                    <ondown>100</ondown>
                    <visible>!VideoPlayer.Content(LiveTV)</visible>
                </control>
                <control type="togglebutton" id="610">
                    <left>445</left>
                    <top>0</top>
                    <width>40</width>
                    <height>40</height>
<label>31128</label>
					<font>-</font>
                    <texturefocus>OSD/OSDLyricsFO.png</texturefocus>
                    <texturenofocus>OSD/OSDLyricsNF.png</texturenofocus>
                    <alttexturefocus>OSD/OSDLyricsFO.png</alttexturefocus>
                    <alttexturenofocus>OSD/OSDLyricsNF.png</alttexturenofocus>
                    <onleft>609</onleft>
                    <onright>600</onright>
                    <onup>100</onup>
                    <ondown>100</ondown>
                    <onclick>Close</onclick>
<onclick>ActivateWindow(Visualisation)</onclick>
                    <onclick>XBMC.RunScript($INFO[Skin.String(lyricscriptpath)])</onclick>
                    <altclick>Skin.SetAddon(lyricscriptpath,xbmc.python.lyrics)</altclick>
                    <altclick>Close</altclick>
                    <altclick>XBMC.RunScript($INFO[Skin.String(lyricscriptpath)])</altclick>
                    <usealttexture>IsEmpty(Skin.String(lyricscriptpath))</usealttexture>
                    <visible>Player.HasAudio</visible>
                    <visible>!VideoPlayer.Content(LiveTV)</visible>
                </control>
            </control>
        </control>
        <control type="group" id="100">
            <left>5</left>
            <top>162</top>
            <defaultcontrol always="true">700</defaultcontrol>
            <visible>VideoPlayer.Content(LiveTV)</visible>
            <control type="button" id="700">
                <left>0</left>
                <top>0</top>
                <width>40</width>
                <height>40</height>
                <texturefocus>OSD/OSDRewindFO.png</texturefocus>
                <texturenofocus>OSD/OSDRewindNF.png</texturenofocus>
                <onleft>707</onleft>
                <onright>701</onright>
                <onup>300</onup>
                <ondown>200</ondown>
                <onclick>XBMC.PlayerControl(Rewind)</onclick>
                <visible>VideoPlayer.Content(LiveTV)</visible>
                <enable>Player.SeekEnabled</enable>
                <animation effect="fade" start="100" end="50" time="100" condition="true">Conditional</animation>
            </control>
            <control type="button" id="701">
                <left>40</left>
                <top>0</top>
                <width>40</width>
                <height>40</height>
<label>-</label>
                <texturefocus>OSD/OSDRewindFO.png</texturefocus>
                <texturenofocus>OSD/OSDRewindNF.png</texturenofocus>
                <onleft>700</onleft>
                <onright>702</onright>
                <onup>300</onup>
                <ondown>200</ondown>
                <onclick>XBMC.PlayerControl(Rewind)</onclick>
                <visible>VideoPlayer.Content(LiveTV)</visible>
                <enable>Player.SeekEnabled</enable>
                <animation effect="fade" start="100" end="50" time="100" condition="true">Conditional</animation>
            </control>
            <control type="button" id="702">
                <left>80</left>
                <top>0</top>
                <width>40</width>
                <height>40</height>
<label>-</label>
                <texturefocus>OSD/OSDStopFO.png</texturefocus>
                <texturenofocus>OSD/OSDStopNF.png</texturenofocus>
                <onleft>701</onleft>
                <onright>703</onright>
                <onup>300</onup>
                <ondown>200</ondown>
                <onclick>down</onclick>
                <onclick>XBMC.PlayerControl(Stop)</onclick>
                <visible>VideoPlayer.Content(LiveTV)</visible>
            </control>
            <control type="togglebutton" id="703">
                <left>120</left>
                <top>0</top>
                <width>40</width>
                <height>40</height>
<label>-</label>
                <texturefocus>OSD/OSDPauseFO.png</texturefocus>
                <texturenofocus>OSD/OSDPauseNF.png</texturenofocus>
                <usealttexture>Player.Paused | Player.Forwarding | Player.Rewinding</usealttexture>
                <alttexturefocus>OSD/OSDPlayFO.png</alttexturefocus>
                <alttexturenofocus>OSD/OSDPlayNF.png</alttexturenofocus>
                <onleft>702</onleft>
                <onright>704</onright>
                <onup>300</onup>
                <ondown>200</ondown>
                <onclick>XBMC.PlayerControl(Play)</onclick>
                <visible>VideoPlayer.Content(LiveTV)</visible>
                <enable>false</enable>
                <enable>Player.PauseEnabled</enable>
                <animation effect="fade" start="100" end="50" time="100" condition="true">Conditional</animation>
            </control>
            <control type="button" id="704">
                <left>160</left>
                <top>0</top>
                <width>40</width>
                <height>40</height>
<label>-</label>
                <texturefocus>OSD/OSDForwardFO.png</texturefocus>
                <texturenofocus>OSD/OSDForwardNF.png</texturenofocus>
                <onleft>703</onleft>
                <onright>705</onright>
                <onup>300</onup>
                <ondown>200</ondown>
                <onclick>XBMC.PlayerControl(Forward)</onclick>
                <visible>VideoPlayer.Content(LiveTV)</visible>
                <enable>Player.SeekEnabled</enable>
                <animation effect="fade" start="100" end="50" time="100" condition="true">Conditional</animation>
            </control>
            <control type="button" id="705">
                <left>240</left>
                <top>0</top>
                <width>40</width>
                <height>40</height>
<label>-</label>
                <texturefocus>OSD/OSDChannelUPFO.png</texturefocus>
                <texturenofocus>OSD/OSDChannelUPNF.png</texturenofocus>
                <onleft>704</onleft>
                <onright>706</onright>
                <onup>300</onup>
                <ondown>200</ondown>
               <onclick>ChannelDown</onclick>
                <visible>VideoPlayer.Content(LiveTV)</visible>
            </control>
            <control type="button" id="706">
                <left>280</left>
                <top>0</top>
                <width>40</width>
                <height>40</height>
<label>-</label>
                <texturefocus>OSD/OSDChannelDownFO.png</texturefocus>
                <texturenofocus>OSD/OSDChannelDownNF.png</texturenofocus>
                <onleft>705</onleft>
                <onright>707</onright>
                <onup>300</onup>
                <ondown>200</ondown>
               <onclick>ChannelUp</onclick>
                <visible>VideoPlayer.Content(LiveTV)</visible>
            </control>
            <control type="button" id="707">
                <left>320</left>
                <top>0</top>
                <width>40</width>
                <height>40</height>
<label>-</label>
                <texturefocus>OSD/OSDRecordOffFO.png</texturefocus>
                <texturenofocus>OSD/OSDRecordOffNF.png</texturenofocus>
                <onleft>706</onleft>
                <onright>700</onright>
                <onup>300</onup>
                <ondown>200</ondown>
                <onclick>XBMC.PlayerControl(record)</onclick>
                <enable>Player.CanRecord</enable>
                <animation effect="fade" start="100" end="30" time="100" condition="!Player.CanRecord">Conditional</animation>
                <visible>VideoPlayer.Content(LiveTV)</visible>
            </control>
        </control>
        <!-- Music Info -->
        <control type="image">
            <description>gradient</description>
            <left>0</left>
            <top>0</top>
            <width>500</width>
            <height>165</height>
            <colordiffuse>CCFFFFFF</colordiffuse>
            <visible>Window.IsVisible(home)</visible>
            <texture border="20">OverlayDialogBackground.png</texture>
        </control>
        <control type="group">
            <visible>Player.HasAudio</visible>
            <include>SmallMusicInfo</include>
        </control>
        <!-- Video Info -->
        <control type="group">
            <visible>Player.HasVideo</visible>
            <include>SmallVideoInfo</include>
        </control>
        <control type="button">
            <description>Close Window button</description>
            <left>420</left>
            <top>5</top>
            <width>64</width>
            <height>32</height>
<label>-</label>
			<font>-</font>
            <onclick>back</onclick>
            <texturefocus>DialogCloseButton-focus.png</texturefocus>
            <texturenofocus>DialogCloseButton.png</texturenofocus>
            <onleft>100</onleft>
            <onright>100</onright>
            <onup>100</onup>
            <ondown>100</ondown>
            <visible>system.getbool(input.enablemouse)</visible>
        </control>
    </controls>
</window>