<?xml version="1.0" encoding="UTF-8"?>
<window>
    <defaultcontrol always="true">10</defaultcontrol>
    <allowoverlay>no</allowoverlay>
    <include condition="!Skin.HasSetting(initialsetuprun)">DefaultInitialSetup</include>
    <onload condition="!Skin.HasSetting(disabletvnextaired) + !System.HasAddon(script.tv.show.next.aired)">Skin.Setbool(disabletvnextaired)</onload>
    <onload condition="!Skin.HasSetting(disablescriptplaylist) + !System.HasAddon(script.randomandlastitems)">Skin.Setbool(disablescriptplaylist)</onload>
    <onload condition="!Skin.HasSetting(disableglobalsearch) + !System.HasAddon(script.globalsearch)">Skin.Setbool(disableglobalsearch)</onload>
    <onload condition="!Skin.HasSetting(disablevideoextras) + !System.HasAddon(script.videoextras)">Skin.Setbool(disablevideoextras)</onload>
    <onload condition="!Skin.HasSetting(disabletvtunes) + !System.HasAddon(script.tvtunes)">Skin.Setbool(disabletvtunes)</onload>
    <onload condition="!Skin.HasSetting(disableslideshowart) + !System.HasAddon(script.artistslideshow)">Skin.Setbool(disableslideshowart)</onload>
    <onload condition="Skin.HasSetting(enablefanartscript) + !System.HasAddon(script.grab.fanart)">Skin.Reset(enablefanartscript)</onload>
    <onload condition="!Skin.HasSetting(disablegamebrowser) + !System.HasAddon(script.games.rom.collection.browser)">Skin.Setbool(disablegamebrowser)</onload>
    <onload condition="!Skin.HasSetting(disabletvnextaired) + System.HasAddon(script.tv.show.next.aired)">RunScript(script.tv.show.next.aired,silent=True)</onload>
    <controls>
        <control type="image">
            <description>Startup Background Image</description>
            <include>Dimensions_Fullscreen</include>
            <aspectratio>scale</aspectratio>
            <include>VisibleFadeEffect</include>
            <texture fallback="special://skin/backgrounds/homescreen/startup.jpg">$INFO[Skin.String(startupbackgroundpath)]</texture>
            <visible>!Skin.HasSetting(hidestartupbackground)</visible>
        </control>
        <control type="button" id="10">
            <description>trigger</description>
            <onfocus>ReplaceWindow($INFO[System.StartupWindow])</onfocus>
            <texturenofocus>-</texturenofocus>
            <texturefocus>-</texturefocus>
            <visible>!Skin.HasSetting(usestartupplaylist) + Skin.HasSetting(hidexbmcintro)</visible>
        </control>
        <control type="button" id="10">
            <description>trigger with XBMC Intro Movie</description>
            <onfocus>XBMC.PlayMedia(special://skin/extras/Intro/KODI-Intro-Video.mp4)</onfocus>
            <onfocus>ReplaceWindow($INFO[System.StartupWindow])</onfocus>
            <texturenofocus>-</texturenofocus>
            <texturefocus>-</texturefocus>
            <visible>!Skin.HasSetting(hidexbmcintro)</visible>
        </control>
        <control type="button" id="10">
            <description>trigger with startup Playlist</description>
            <onfocus>XBMC.PlayMedia($INFO[Skin.String(startupplaylist)])</onfocus>
            <onfocus>ReplaceWindow($INFO[System.StartupWindow])</onfocus>
            <texturenofocus>-</texturenofocus>
            <texturefocus>-</texturefocus>
            <visible>Skin.HasSetting(usestartupplaylist)</visible>
        </control>
    </controls>
</window>