<?xml version="1.0" encoding="UTF-8"?>
<window>
    <defaultcontrol>-</defaultcontrol>
    <controls>
        <!-- Intro infos -->
        <control type="group" id="1">
            <visible>!StringCompare(Player.Filenameandpath,special://skin/extras/Intro/KODI-Intro-Video.mp4)</visible>
            <visible>!Window.IsActive(script.pseudotv.TVOverlay.xml) + !Window.IsActive(script.pseudotv.EPG.xml)</visible>
            <visible>IntegerGreaterThan(Player.time,3) + !IntegerGreaterThan(Player.time,8) + !Skin.HasSetting(hideinfostartosd)</visible>
            <visible>![Window.IsActive(VideoOSD) | Window.IsVisible(osdvideosettings) | Window.IsVisible(osdaudiosettings) | Window.IsVisible(videobookmarks) | Window.IsVisible(PVROSDChannels) | Window.IsVisible(PVROSDGuide)]</visible>
            <visible>!Player.Paused  + !Player.ShowInfo</visible>
            <animation effect="fade" time="200">VisibleChange</animation>
            <control type="image" id="1">
                <left>-100</left>
                <top>230r</top>
                <width>1480</width>
                <height>230</height>
                <texture>Home/NowPlayingBack.png</texture>
            </control>
            <include condition="VideoPlayer.Content(Movies)">OSDMovieCover</include>
            <include condition="VideoPlayer.Content(Episodes)">OSDTVShowCover</include>
            <control type="group" id="1">
                <left>330</left>
                <top>125r</top>
                <include>OSDMediaHeading</include>
                <include>OSDMediaFlagging</include>
            </control>
        </control>
        <!-- media infos -->
        <control type="group" id="1">
            <visible>!StringCompare(Player.Filenameandpath,special://skin/extras/Intro/KODI-Intro-Video.mp4)</visible>
            <visible>!Window.IsActive(script.pseudotv.EPG.xml)</visible>
            <visible>[Player.ShowInfo | Window.IsActive(VideoOSD) | Window.IsVisible(infodialog)] | Player.Seeking | Player.displayAfterSeek | Player.Paused | Player.Forwarding | Player.Rewinding</visible>
            <visible>![Window.IsVisible(osdvideosettings) | Window.IsVisible(osdaudiosettings) | Window.IsVisible(videobookmarks) | Window.IsVisible(PVROSDChannels) | Window.IsVisible(PVROSDGuide)]</visible>
            <animation effect="fade" time="200">VisibleChange</animation>
            <control type="image" id="1">
                <include>VisibleFadeEffect</include>
                <include>Dimensions_Fullscreen</include>
                <aspectratio>stretch</aspectratio>
                <include>TransparentEffect</include>
                <texture>black-back.png</texture>
                <visible>Player.Paused + !Player.Caching</visible>
            </control>
            <control type="image" id="1">
                <left>-100</left>
                <top>-60</top>
                <width>1480</width>
                <height>160</height>
                <texture flipy="true">Home/NowPlayingBack.png</texture>
                <visible>!Skin.HasSetting(hideosdprofileclock)</visible>
                <visible>!Skin.HasSetting(hideseekbarosd) + Window.IsActive(VideoOSD) | Player.ShowInfo</visible>
                <visible>!Window.IsActive(script.pseudotv.TVOverlay.xml)</visible>
            </control>
            <control type="image" id="1">
                <left>-100</left>
                <top>230r</top>
                <width>1480</width>
                <height>230</height>
                <texture>Home/NowPlayingBack.png</texture>
                <visible>Player.ShowInfo | !Skin.HasSetting(hideseekbarosd) | Window.IsActive(VideoOSD)</visible>
            </control>
            <include>HomeScreenFloor</include>
            <include>OSDMediaPlot</include>
            <control type="group" id="1">
                <include condition="!Skin.HasSetting(hideartworkosd) + VideoPlayer.Content(Movies)">OSDMovieCover</include>
                <include condition="!Skin.HasSetting(hideartworkosd) + VideoPlayer.Content(Episodes)">OSDTVShowCover</include>
                <control type="image" id="1">
                    <description>cover image</description>
                    <left>20</left>
                    <top>235r</top>
                    <width>300</width>
                    <height>230</height>
                    <texture fallback="DefaultVideo.png">$VAR[StreamingVideoIcon]</texture>
                    <aspectratio aligny="bottom">keep</aspectratio>
                    <bordertexture border="8">ThumbShadow.png</bordertexture>
                    <bordersize>8</bordersize>
                    <visible>!Skin.HasSetting(hideartworkosd) + !VideoPlayer.Content(Movies) + !VideoPlayer.Content(Episodes)</visible>
                </control>
                <visible>Player.ShowInfo | !Skin.HasSetting(hideseekbarosd)</visible>
            </control>
            <control type="group" id="1">
                <left>330</left>
                <top>185r</top>
                <animation effect="slide" end="-145,0" time="0" tween="back" easing="out" condition="Skin.HasSetting(hideartworkosd) | Skin.HasSetting(hideseekbarosd) + !Player.ShowInfo" reversible="true">Conditional</animation>
                <include>OSDMediaHeading</include>
                <include>OSDMediaFlagging</include>
                <control type="label" id="1">
                    <left>0</left>
                    <top>120</top>
                    <width>910</width>
                    <height>25</height>
                    <label>$LOCALIZE[31049] $INFO[Player.FinishTime]</label>
                    <align>center</align>
                    <aligny>center</aligny>
                    <font>font12</font>
                    <textcolor>grey</textcolor>
                    <scroll>true</scroll>
                    <visible>!Window.IsVisible(VideoOSD) + !VideoPlayer.Content(LiveTV)</visible>
                    <animation effect="fade" time="200">VisibleChange</animation>
                </control>
                <control type="label" id="1">
                    <left>0</left>
                    <top>120</top>
                    <width>910</width>
                    <height>25</height>
                    <label>$INFO[VideoPlayer.NextTitle,$LOCALIZE[209]$LOCALIZE[31000] ]</label>
                    <align>center</align>
                    <aligny>center</aligny>
                    <font>font12</font>
                    <textcolor>grey</textcolor>
                    <scroll>true</scroll>
                    <visible>!Window.IsVisible(VideoOSD) + VideoPlayer.Content(LiveTV)</visible>
                    <animation effect="fade" time="200">VisibleChange</animation>
                </control>
                <visible>Player.ShowInfo | !Skin.HasSetting(hideseekbarosd)</visible>
            </control>
            <control type="group" id="1">
                <left>330</left>
                <top>95r</top>
                <animation effect="slide" end="-145,0" time="0" tween="back" easing="out" condition="Skin.HasSetting(hideartworkosd) | Skin.HasSetting(hideseekbarosd) + !Player.ShowInfo" reversible="true">Conditional</animation>
                <visible>!VideoPlayer.Content(LiveTV) | [VideoPlayer.Content(LiveTV) + VideoPlayer.HasEpg]</visible>
                <visible>Player.ShowInfo | Window.IsVisible(VideoOSD) | !Skin.HasSetting(hideseekbarosd)</visible>
                <control type="label" id="1">
                    <visible>!VideoPlayer.Content(LiveTV)</visible>
                    <left>0</left>
                    <top>0</top>
                    <width>100</width>
                    <height>40</height>
                    <font>font13</font>
                    <align>left</align>
                    <aligny>center</aligny>
                    <label>$INFO[Player.Time(hh:mm:ss)]</label>
                </control>
                <control type="label" id="1">
                    <visible>VideoPlayer.Content(LiveTV)</visible>
                    <left>0</left>
                    <top>0</top>
                    <width>100</width>
                    <height>40</height>
                    <font>font13</font>
                    <align>left</align>
                    <aligny>center</aligny>
                    <label>$INFO[Player.StartTime(hh:mm)]</label>
                </control>
                <control type="progress" id="1">
                    <description>ProgressbarCache</description>
                    <left>100</left>
                    <top>15</top>
                    <width>720</width>
                    <height>16</height>
                    <info>Player.ProgressCache</info>
                    <midtexture border="6,0,6,0">Slider/OSDProgressMid.png</midtexture>
                </control>
                <control type="progress" id="1">
                    <description>Progressbar</description>
                    <left>100</left>
                    <top>15</top>
                    <width>720</width>
                    <height>16</height>
                    <info>Player.Progress</info>
                </control>
                <control type="label" id="1">
                    <visible>!VideoPlayer.Content(LiveTV)</visible>
                    <left>820</left>
                    <top>0</top>
                    <width>100</width>
                    <height>40</height>
                    <font>font13</font>
                    <align>right</align>
                    <aligny>center</aligny>
                    <label>$INFO[Player.Duration(hh:mm:ss)]</label>
                </control>
                <control type="label" id="1">
                    <visible>VideoPlayer.Content(LiveTV)</visible>
                    <left>820</left>
                    <top>0</top>
                    <width>100</width>
                    <height>40</height>
                    <font>font13</font>
                    <align>right</align>
                    <aligny>center</aligny>
                    <label>$INFO[Player.FinishTime(hh:mm)]</label>
                </control>
            </control>
        </control>
        <!-- codec info -->
        <control type="group" id="0">
            <left>0</left>
            <top>20</top>
            <animation effect="fade" time="200">VisibleChange</animation>
            <control type="image">
                <description>media info background image</description>
                <left>0</left>
                <top>0</top>
                <width>1280</width>
                <height>140</height>
                <texture>black-back.png</texture>
            </control>
            <control type="label" id="10">
                <description>row 1 label</description>
                <left>50</left>
                <top>10</top>
                <width>1180</width>
                <height>30</height>
                <align>left</align>
                <aligny>center</aligny>
                <font>font12</font>
            </control>
            <control type="label" id="11">
                <description>row 2 label</description>
                <left>50</left>
                <top>55</top>
                <width>1180</width>
                <height>30</height>
                <align>left</align>
                <aligny>center</aligny>
                <font>font12</font>
            </control>
            <control type="label" id="12">
                <description>row 3 label</description>
                <left>50</left>
                <top>100</top>
                <width>1180</width>
                <height>30</height>
                <align>left</align>
                <aligny>center</aligny>
                <font>font12</font>
            </control>
        </control>
        <control type="selectbutton" id="503">
            <left>440</left>
            <top>100</top>
            <width>400</width>
            <height>100</height>
            <font>font13caps</font>
            <description>TV Channel Group Select Button</description>
            <texturebg border="20">OverlayDialogBackground.png</texturebg>
            <onleft>503</onleft>
            <onright>503</onright>
            <onup>500</onup>
            <ondown>500</ondown>
            <include>VisibleFadeEffect</include>
        </control>
        <control type="group">
            <visible>Player.ShowCodec + VideoPlayer.Content(LiveTV) + system.getbool(pvrplayback.signalquality)</visible>
            <top>165</top>
            <control type="image">
                <description>media info background image</description>
                <left>0</left>
                <top>0</top>
                <width>1280</width>
                <height>220</height>
                <texture>black-back.png</texture>
            </control>
            <control type="label">
                <description>Header</description>
                <left>50</left>
                <top>5</top>
                <width>1200</width>
                <height>25</height>
                <label>$LOCALIZE[19005]</label>
                <align>left</align>
                <aligny>center</aligny>
                <font>font13_title</font>
                <textcolor>blue</textcolor>
            </control>
            <control type="label">
                <description>Backend</description>
                <left>50</left>
                <top>40</top>
                <width>165</width>
                <height>25</height>
                <label>$LOCALIZE[19012]$LOCALIZE[31000]</label>
                <align>left</align>
                <aligny>center</aligny>
                <font>font12</font>
                <textcolor>grey2</textcolor>
            </control>
            <control type="label">
                <description>Backend value</description>
                <left>220</left>
                <top>40</top>
                <width>1000</width>
                <height>25</height>
                <label>$INFO[PVR.ActStreamClient]</label>
                <align>left</align>
                <aligny>center</aligny>
                <font>font12</font>
                <textcolor>white</textcolor>
            </control>
            <control type="label">
                <description>Device</description>
                <left>50</left>
                <top>65</top>
                <width>165</width>
                <height>25</height>
                <label>$LOCALIZE[19006]$LOCALIZE[31000]</label>
                <align>left</align>
                <aligny>center</aligny>
                <font>font12</font>
                <textcolor>grey2</textcolor>
            </control>
            <control type="label">
                <description>Device value</description>
                <left>220</left>
                <top>65</top>
                <width>1000</width>
                <height>25</height>
                <label>$INFO[PVR.ActStreamDevice]</label>
                <align>left</align>
                <aligny>center</aligny>
                <font>font12</font>
                <textcolor>white</textcolor>
            </control>
            <control type="label">
                <description>Status</description>
                <left>50</left>
                <top>90</top>
                <width>165</width>
                <height>25</height>
                <label>$LOCALIZE[19007]$LOCALIZE[31000]</label>
                <align>left</align>
                <aligny>center</aligny>
                <font>font12</font>
                <textcolor>grey2</textcolor>
            </control>
            <control type="label">
                <description>Status value</description>
                <left>220</left>
                <top>90</top>
                <width>1000</width>
                <height>25</height>
                <label>$INFO[PVR.ActStreamStatus]</label>
                <align>left</align>
                <aligny>center</aligny>
                <font>font12</font>
                <textcolor>white</textcolor>
            </control>
            <control type="label">
                <description>Signal</description>
                <left>50</left>
                <top>115</top>
                <width>165</width>
                <height>25</height>
                <label>$LOCALIZE[19008]$LOCALIZE[31000]</label>
                <align>left</align>
                <aligny>center</aligny>
                <font>font12</font>
                <textcolor>grey2</textcolor>
            </control>
            <control type="progress">
                <description>Progressbar</description>
                <left>220</left>
                <top>122</top>
                <width>910</width>
                <height>14</height>
                <info>PVR.ActStreamProgrSignal</info>
            </control>
            <control type="label">
                <description>Signal value</description>
                <left>1200</left>
                <top>115</top>
                <width>180</width>
                <height>25</height>
                <label>$INFO[PVR.ActStreamSignal]</label>
                <align>left</align>
                <aligny>center</aligny>
                <font>font12</font>
                <textcolor>white</textcolor>
            </control>
            <control type="label">
                <description>SNR</description>
                <left>50</left>
                <top>140</top>
                <width>165</width>
                <height>25</height>
                <label>$LOCALIZE[19009]$LOCALIZE[31000]</label>
                <align>left</align>
                <aligny>center</aligny>
                <font>font12</font>
                <textcolor>grey2</textcolor>
            </control>
            <control type="progress">
                <description>Progressbar</description>
                <left>220</left>
                <top>147</top>
                <width>910</width>
                <height>14</height>
                <overlaytexture>-</overlaytexture>
                <info>PVR.ActStreamProgrSNR</info>
            </control>
            <control type="label">
                <description>SNR value</description>
                <left>1200</left>
                <top>140</top>
                <width>180</width>
                <height>25</height>
                <label>$INFO[PVR.ActStreamSNR]</label>
                <align>left</align>
                <aligny>center</aligny>
                <font>font12</font>
                <textcolor>white</textcolor>
            </control>
            <control type="label">
                <description>BER</description>
                <left>50</left>
                <top>165</top>
                <width>165</width>
                <height>25</height>
                <label>$LOCALIZE[19010]$LOCALIZE[31000]</label>
                <align>left</align>
                <aligny>center</aligny>
                <font>font12</font>
                <textcolor>grey2</textcolor>
            </control>
            <control type="label">
                <description>BER value</description>
                <left>220</left>
                <top>165</top>
                <width>165</width>
                <height>25</height>
                <label>$INFO[PVR.ActStreamBER]</label>
                <align>left</align>
                <aligny>center</aligny>
                <font>font12</font>
                <textcolor>white</textcolor>
            </control>
            <control type="label">
                <description>UNC</description>
                <left>390</left>
                <top>165</top>
                <width>165</width>
                <height>25</height>
                <label>$LOCALIZE[19011]$LOCALIZE[31000]</label>
                <align>left</align>
                <aligny>center</aligny>
                <font>font12</font>
                <textcolor>grey2</textcolor>
            </control>
            <control type="label">
                <description>UNC value</description>
                <left>560</left>
                <top>165</top>
                <width>165</width>
                <height>25</height>
                <label>$INFO[PVR.ActStreamUNC]</label>
                <align>left</align>
                <aligny>center</aligny>
                <font>font12</font>
                <textcolor>white</textcolor>
            </control>
            <control type="label">
                <description>Service</description>
                <left>730</left>
                <top>165</top>
                <width>165</width>
                <height>25</height>
                <label>$LOCALIZE[19099]$LOCALIZE[31000]</label>
                <align>left</align>
                <aligny>center</aligny>
                <font>font12</font>
                <textcolor>grey2</textcolor>
            </control>
            <control type="label">
                <description>Service value</description>
                <left>900</left>
                <top>165</top>
                <width>330</width>
                <height>25</height>
                <label>$INFO[PVR.ActStreamServiceName]</label>
                <align>left</align>
                <aligny>center</aligny>
                <font>font12</font>
                <textcolor>white</textcolor>
            </control>
            <control type="label">
                <description>Encryption</description>
                <left>50</left>
                <top>190</top>
                <width>165</width>
                <height>25</height>
                <label>$LOCALIZE[19015]$LOCALIZE[31000]</label>
                <align>left</align>
                <aligny>center</aligny>
                <font>font12</font>
                <textcolor>grey2</textcolor>
            </control>
            <control type="label">
                <description>Encryption value</description>
                <left>220</left>
                <top>190</top>
                <width>165</width>
                <height>25</height>
                <label>$INFO[PVR.ActStreamEncryptionName]</label>
                <align>left</align>
                <aligny>center</aligny>
                <font>font12</font>
                <textcolor>white</textcolor>
            </control>
            <control type="label">
                <description>Provider</description>
                <left>390</left>
                <top>190</top>
                <width>165</width>
                <height>25</height>
                <label>$LOCALIZE[19101]$LOCALIZE[31000]</label>
                <align>left</align>
                <aligny>center</aligny>
                <font>font12</font>
                <textcolor>grey2</textcolor>
            </control>
            <control type="label">
                <description>Provider value</description>
                <left>560</left>
                <top>190</top>
                <width>165</width>
                <height>25</height>
                <label>$INFO[PVR.ActStreamProviderName]</label>
                <align>left</align>
                <aligny>center</aligny>
                <font>font12</font>
                <textcolor>white</textcolor>
            </control>
            <control type="label">
                <description>Mux</description>
                <left>730</left>
                <top>190</top>
                <width>165</width>
                <height>25</height>
                <label>$LOCALIZE[19100]$LOCALIZE[31000]</label>
                <align>left</align>
                <aligny>center</aligny>
                <font>font12</font>
                <textcolor>grey2</textcolor>
            </control>
            <control type="label">
                <description>Mux value</description>
                <left>900</left>
                <top>190</top>
                <width>330</width>
                <height>25</height>
                <label>$INFO[PVR.ActStreamMux]</label>
                <align>left</align>
                <aligny>center</aligny>
                <font>font12</font>
                <textcolor>white</textcolor>
            </control>
        </control>
    </controls>
</window>