<?xml version="1.0" encoding="UTF-8"?>
<includes>
    <include name="AddonInfoListView1">
        <control type="group">
            <visible>Control.IsVisible(550)</visible>
            <include>VisibleFadeEffect</include>
            <control type="list" id="550">
                <left>70</left>
                <top>100</top>
                <width>580</width>
                <height>520</height>
                <onleft>2</onleft>
                <onright>60</onright>
                <onup>550</onup>
                <ondown>550</ondown>
                <viewtype label="$LOCALIZE[31644]">info</viewtype>
                <visible>Window.IsVisible(AddonBrowser) | Container.Content(Addons)</visible>
                <pagecontrol>60</pagecontrol>
                <scrolltime>200</scrolltime>
                <itemlayout height="40" width="580">
                    <control type="image">
                        <left>0</left>
                        <top>0</top>
                        <width>580</width>
                        <height>41</height>
                        <texture border="0,2,0,2">MenuItemNF.png</texture>
                    </control>
                    <control type="label">
                        <left>10</left>
                        <top>0</top>
                        <width>520</width>
                        <height>40</height>
                        <font>font13</font>
                        <textcolor>grey2</textcolor>
                        <selectedcolor>selected</selectedcolor>
                        <align>left</align>
                        <aligny>center</aligny>
                        <label>$INFO[ListItem.label]</label>
                    </control>
                    <control type="label">
                        <left>555</left>
                        <top>0</top>
                        <width>500</width>
                        <height>40</height>
                        <font>font12</font>
                        <textcolor>grey2</textcolor>
                        <selectedcolor>selected</selectedcolor>
                        <align>right</align>
                        <aligny>center</aligny>
                        <label>$INFO[ListItem.Property(Addon.Status)]</label>
                    </control>
                </itemlayout>
                <focusedlayout height="40" width="580">
                    <control type="image">
                        <left>0</left>
                        <top>0</top>
                        <width>580</width>
                        <height>41</height>
                        <texture border="0,2,0,2">MenuItemNF.png</texture>
                        <visible>!Control.HasFocus(550)</visible>
                        <include>VisibleFadeEffect</include>
                    </control>
                    <control type="image">
                        <left>0</left>
                        <top>0</top>
                        <width>580</width>
                        <height>41</height>
                        <texture border="0,2,0,2">MenuItemFO.png</texture>
                        <visible>Control.HasFocus(550)</visible>
                        <include>VisibleFadeEffect</include>
                    </control>
                    <control type="image">
                        <left>370</left>
                        <top>5</top>
                        <width>200</width>
                        <height>31</height>
                        <texture border="0,0,14,0">MediaItemDetailBG.png</texture>
                        <visible>Control.HasFocus(550) + !IsEmpty(ListItem.Property(Addon.Status))</visible>
                    </control>
                    <control type="label">
                        <left>10</left>
                        <top>0</top>
                        <width>520</width>
                        <height>40</height>
                        <font>font13</font>
                        <textcolor>white</textcolor>
                        <selectedcolor>selected</selectedcolor>
                        <align>left</align>
                        <aligny>center</aligny>
                        <label>$INFO[ListItem.label]</label>
                    </control>
                    <control type="label">
                        <left>555</left>
                        <top>0</top>
                        <width>500</width>
                        <height>40</height>
                        <font>font12</font>
                        <textcolor>grey2</textcolor>
                        <selectedcolor>selected</selectedcolor>
                        <align>right</align>
                        <aligny>center</aligny>
                        <label>$INFO[ListItem.Property(Addon.Status)]</label>
                    </control>
                </focusedlayout>
            </control>
            <control type="scrollbar" id="60">
                <left>650</left>
                <top>104</top>
                <width>25</width>
                <height>512</height>
                <texturesliderbackground border="10,14,10,14">ScrollBarV.png</texturesliderbackground>
                <texturesliderbar border="10,14,10,14">ScrollBarV_bar.png</texturesliderbar>
                <texturesliderbarfocus border="10,14,10,14">ScrollBarV_bar_focus.png</texturesliderbarfocus>
                <textureslidernib>ScrollBarNib.png</textureslidernib>
                <textureslidernibfocus>ScrollBarNib.png</textureslidernibfocus>
                <onleft>550</onleft>
                <onright>800</onright>
                <showonepage>true</showonepage>
                <orientation>vertical</orientation>
                <visible>Control.IsVisible(550)</visible>
            </control>
            <control type="group">
                <left>720</left>
                <top>110</top>
                <visible>Control.IsVisible(550)</visible>
                <control type="image">
                    <left>10</left>
                    <top>0</top>
                    <width>490</width>
                    <height>240</height>
                    <aspectratio>keep</aspectratio>
                    <fadetime>200</fadetime>
                    <texture background="true">$INFO[ListItem.icon]</texture>
                    <bordertexture border="8">ThumbShadow.png</bordertexture>
                    <bordersize>8</bordersize>
                </control>
                <control type="group">
                    <top>225</top>
                    <control type="label">
                        <description>Version txt</description>
                        <left>10</left>
                        <top>30</top>
                        <width>140</width>
                        <height>25</height>
                        <label>$LOCALIZE[24051]</label>
                        <align>right</align>
                        <aligny>center</aligny>
                        <font>font13</font>
                        <textcolor>blue</textcolor>
                    </control>
                    <control type="label">
                        <description>Version Value</description>
                        <left>160</left>
                        <top>30</top>
                        <width>350</width>
                        <height>25</height>
                        <label fallback="416">$INFO[ListItem.Property(Addon.Version)]</label>
                        <align>left</align>
                        <aligny>center</aligny>
                        <font>font13</font>
                        <scroll>true</scroll>
                    </control>
                    <control type="label">
                        <description>Rating txt</description>
                        <left>10</left>
                        <top>60</top>
                        <width>140</width>
                        <height>25</height>
                        <label>$LOCALIZE[563]$LOCALIZE[31000]</label>
                        <align>right</align>
                        <aligny>center</aligny>
                        <font>font13</font>
                        <textcolor>blue</textcolor>
                    </control>
                    <control type="image">
                        <description>Rating value</description>
                        <left>155</left>
                        <top>60</top>
                        <width>160</width>
                        <height>32</height>
                        <aspectratio align="left">keep</aspectratio>
                        <texture fallback="LeftRating/rating0.png">$INFO[ListItem.Property(Addon.StarRating),LeftRating/]</texture>
                    </control>
                    <control type="image">
                        <left>0</left>
                        <top>90</top>
                        <width>490</width>
                        <height>4</height>
                        <texture>separator.png</texture>
                    </control>
                    <control type="textbox">
                        <description>Description</description>
                        <left>5</left>
                        <top>105</top>
                        <width>500</width>
                        <height>180</height>
                        <font>font12</font>
                        <align>justify</align>
                        <textcolor>white</textcolor>
                        <label>$INFO[ListItem.Property(Addon.Description)]</label>
                        <autoscroll delay="3000" time="1800" repeat="10000">!Skin.HasSetting(disableautoscroll)</autoscroll>
                    </control>
                </control>
            </control>
        </control>
    </include>
    <include name="AddonInfoThumbView1">
        <control type="group">
            <visible>Control.IsVisible(551)</visible>
            <include>VisibleFadeEffect</include>
            <control type="panel" id="551">
                <left>70</left>
                <top>100</top>
                <width>772</width>
                <height>520</height>
                <onleft>2</onleft>
                <onright>60</onright>
                <onup>551</onup>
                <ondown>551</ondown>
                <viewtype label="$LOCALIZE[31644] 2">biginfo</viewtype>
                <visible>Window.IsVisible(AddonBrowser) | Container.Content(Addons)</visible>
                <pagecontrol>60</pagecontrol>
                <scrolltime>200</scrolltime>
                <itemlayout height="173" width="193">
                    <control type="image">
                        <left>1</left>
                        <top>0</top>
                        <width>191</width>
                        <height>147</height>
                        <bordertexture border="5">button-nofocus.png</bordertexture>
                        <bordersize>5</bordersize>
                        <fadetime>100</fadetime>
                        <texture background="true">$INFO[Listitem.icon]</texture>
                    </control>
                    <control type="image">
                        <left>1</left>
                        <top>0</top>
                        <width>191</width>
                        <height>147</height>
                        <bordertexture border="5">button-nofocus.png</bordertexture>
                        <bordersize>5</bordersize>
                        <fadetime>100</fadetime>
                        <colordiffuse>ff333333</colordiffuse>
                        <texture background="true">$INFO[Listitem.icon]</texture>
                        <visible>!IsEmpty(ListItem.Property(Addon.broken))</visible>
                    </control>
                    <control type="label">
                        <left>2</left>
                        <top>147</top>
                        <width>190</width>
                        <height>25</height>
                        <font>font12</font>
                        <textcolor>grey2</textcolor>
                        <selectedcolor>selected</selectedcolor>
                        <align>center</align>
                        <aligny>center</aligny>
                        <info>ListItem.label</info>
                    </control>
                </itemlayout>
                <focusedlayout height="173" width="193">
                    <control type="image">
                        <left>1</left>
                        <top>0</top>
                        <width>191</width>
                        <height>147</height>
                        <bordertexture border="5">folder-focus.png</bordertexture>
                        <bordersize>5</bordersize>
                        <fadetime>100</fadetime>
                        <texture background="true">$INFO[Listitem.icon]</texture>
                    </control>
                    <control type="image">
                        <left>1</left>
                        <top>0</top>
                        <width>191</width>
                        <height>147</height>
                        <bordertexture border="5">button-nofocus.png</bordertexture>
                        <bordersize>5</bordersize>
                        <fadetime>100</fadetime>
                        <colordiffuse>ff333333</colordiffuse>
                        <texture background="true">$INFO[Listitem.icon]</texture>
                        <visible>!IsEmpty(ListItem.Property(Addon.broken))</visible>
                    </control>
                    <control type="label">
                        <left>2</left>
                        <top>147</top>
                        <width>190</width>
                        <height>25</height>
                        <font>font12</font>
                        <textcolor>white</textcolor>
                        <selectedcolor>selected</selectedcolor>
                        <align>center</align>
                        <aligny>center</aligny>
                        <info>ListItem.label</info>
                    </control>
                </focusedlayout>
            </control>
            <control type="scrollbar" id="60">
                <left>850</left>
                <top>104</top>
                <width>25</width>
                <height>512</height>
                <texturesliderbackground border="10,14,10,14">ScrollBarV.png</texturesliderbackground>
                <texturesliderbar border="10,14,10,14">ScrollBarV_bar.png</texturesliderbar>
                <texturesliderbarfocus border="10,14,10,14">ScrollBarV_bar_focus.png</texturesliderbarfocus>
                <textureslidernib>ScrollBarNib.png</textureslidernib>
                <textureslidernibfocus>ScrollBarNib.png</textureslidernibfocus>
                <onleft>551</onleft>
                <onright>800</onright>
                <showonepage>true</showonepage>
                <orientation>vertical</orientation>
                <visible>Control.IsVisible(551)</visible>
            </control>
            <control type="group">
                <left>910</left>
                <top>95</top>
                <visible>Control.IsVisible(551)</visible>
                <control type="group">
                    <top>40</top>
                    <control type="label">
                        <description>Version txt</description>
                        <left>10</left>
                        <top>0</top>
                        <width>120</width>
                        <height>25</height>
                        <label>$LOCALIZE[24051]</label>
                        <align>right</align>
                        <aligny>center</aligny>
                        <font>font13</font>
                        <textcolor>blue</textcolor>
                    </control>
                    <control type="label">
                        <description>Version Value</description>
                        <left>140</left>
                        <top>0</top>
                        <width>155</width>
                        <height>25</height>
                        <label fallback="416">$INFO[ListItem.Property(Addon.Version)]</label>
                        <align>left</align>
                        <aligny>center</aligny>
                        <font>font13</font>
                        <scroll>true</scroll>
                    </control>
                    <control type="label">
                        <description>Rating txt</description>
                        <left>10</left>
                        <top>30</top>
                        <width>120</width>
                        <height>25</height>
                        <label>$LOCALIZE[563]$LOCALIZE[31000]</label>
                        <align>right</align>
                        <aligny>center</aligny>
                        <font>font13</font>
                        <textcolor>blue</textcolor>
                    </control>
                    <control type="image">
                        <description>Rating value</description>
                        <left>135</left>
                        <top>30</top>
                        <width>150</width>
                        <height>30</height>
                        <aspectratio align="left">keep</aspectratio>
                        <texture fallback="LeftRating/rating0.png">$INFO[ListItem.Property(Addon.StarRating),LeftRating/]</texture>
                    </control>
                    <control type="image">
                        <left>0</left>
                        <top>70</top>
                        <width>340</width>
                        <height>4</height>
                        <texture>separator.png</texture>
                    </control>
                    <control type="textbox">
                        <description>Description</description>
                        <left>10</left>
                        <top>90</top>
                        <width>320</width>
                        <height>375</height>
                        <font>font12</font>
                        <align>justify</align>
                        <textcolor>white</textcolor>
                        <label>$INFO[ListItem.Property(Addon.Description)]   $INFO[ListItem.Property(Addon.Description)]</label>
                        <autoscroll delay="3000" time="1800" repeat="10000">!Skin.HasSetting(disableautoscroll)</autoscroll>
                    </control>
                </control>
            </control>
        </control>
    </include>
</includes>