<?xml version="1.0" encoding="UTF-8"?>
<includes>
    <include name="CommonRootView">
        <control type="group">
            <visible>Control.IsVisible(50)</visible>
            <include>VisibleFadeEffect</include>
            <control type="list" id="50">
                <left>70</left>
                <top>88</top>
                <width>690</width>
                <height>560</height>
                <onleft>2</onleft>
                <onright>60</onright>
                <onup>50</onup>
                <ondown>50</ondown>
                <viewtype label="535">list</viewtype>
                <pagecontrol>60</pagecontrol>
                <scrolltime>200</scrolltime>
                <itemlayout height="40" width="580">
                    <control type="image">
                        <left>0</left>
                        <top>0</top>
                        <width>695</width>
                        <height>41</height>
                        <texture border="0,2,0,2">MenuItemNF.png</texture>
                    </control>
                    <control type="image">
                        <left>0</left>
                        <top>6</top>
                        <width>28</width>
                        <height>28</height>
                        <texture diffuse="poster-diffuse.png">$VAR[PartlyWatched,MediaStatus/,.png]</texture>
                        <visible>Window.IsVisible(Videos) + !Skin.HasSetting(disablewatchedcheck) + !IsEmpty(ListItem.Overlay)</visible>
                    </control>
                    <control type="label">
                        <left>30</left>
                        <left>46</left>
                        <top>0</top>
                        <width>610</width>
                        <height>40</height>
                        <font>font13</font>
                        <textcolor>grey2</textcolor>
                        <selectedcolor>selected</selectedcolor>
                        <align>left</align>
                        <aligny>center</aligny>
                        <label>$INFO[ListItem.label]</label>
                    </control>
                    <control type="label">
                        <left>680</left>
                        <top>0</top>
                        <width>400</width>
                        <height>40</height>
                        <font>font12</font>
                        <textcolor>grey2</textcolor>
                        <selectedcolor>selected</selectedcolor>
                        <align>right</align>
                        <aligny>center</aligny>
                        <label>$INFO[ListItem.label2]</label>
                        <visible>!Window.IsVisible(Videos)</visible>
                    </control>
                    <control type="label">
                        <left>635</left>
                        <top>0</top>
                        <width>400</width>
                        <height>40</height>
                        <font>font12</font>
                        <textcolor>grey2</textcolor>
                        <selectedcolor>selected</selectedcolor>
                        <align>right</align>
                        <aligny>center</aligny>
                        <label>$INFO[ListItem.label2]</label>
                        <visible>Window.IsVisible(Videos)</visible>
                        <animation effect="slide" start="0,0" end="40,0" delay="0" time="0" condition="![Container.Content(Movies) | Container.Content(Episodes) | Container.Content(MusicVideos)]">conditional</animation>
                    </control>
                    <control type="image">
                        <left>640</left>
                        <top>8</top>
                        <width>40</width>
                        <height>26</height>
                        <texture>$VAR[VideoResolutionFlag]</texture>
                        <visible>Window.IsVisible(Videos) + [Container.Content(Movies) | Container.Content(Episodes) | Container.Content(MusicVideos)]</visible>
                    </control>
                    <control type="image">
                        <left>656</left>
                        <top>8</top>
                        <width>24</width>
                        <height>26</height>
                        <texture>$VAR[SmallGenreIcons,flagging/genre/,.png]</texture>
                        <visible>StringCompare(Container.FolderName,Genres)</visible>
                    </control>
                </itemlayout>
                <focusedlayout height="40" width="580">
                    <control type="image">
                        <left>0</left>
                        <top>0</top>
                        <width>695</width>
                        <height>41</height>
                        <texture border="0,2,0,2">MenuItemNF.png</texture>
                        <visible>!Control.HasFocus(50)</visible>
                        <include>VisibleFadeEffect</include>
                    </control>
                    <control type="image">
                        <left>0</left>
                        <top>0</top>
                        <width>695</width>
                        <height>41</height>
                        <texture border="0,2,0,2">MenuItemFO.png</texture>
                        <visible>Control.HasFocus(50)</visible>
                        <include>VisibleFadeEffect</include>
                    </control>
                    <control type="image">
                        <left>490</left>
                        <top>4</top>
                        <width>200</width>
                        <height>33</height>
                        <texture border="0,0,14,0">MediaItemDetailBG.png</texture>
                        <visible>Control.HasFocus(50) + [!IsEmpty(ListItem.label2) | StringCompare(Container.FolderName,Genres)]</visible>
                    </control>
                    <control type="image">
                        <left>0</left>
                        <top>6</top>
                        <width>28</width>
                        <height>28</height>
                        <texture diffuse="poster-diffuse.png">$VAR[PartlyWatched,MediaStatus/,.png]</texture>
                        <visible>Window.IsVisible(Videos) + !Skin.HasSetting(disablewatchedcheck) + !IsEmpty(ListItem.Overlay)</visible>
                    </control>
                    <control type="label">
                        <left>30</left>
                        <top>0</top>
                        <width>610</width>
                        <height>40</height>
                        <font>font13</font>
                        <textcolor>white</textcolor>
                        <selectedcolor>selected</selectedcolor>
                        <align>left</align>
                        <aligny>center</aligny>
                        <label>$INFO[ListItem.label]</label>
                    </control>
                    <control type="label">
                        <left>680</left>
                        <top>0</top>
                        <width>400</width>
                        <height>40</height>
                        <font>font12</font>
                        <textcolor>grey2</textcolor>
                        <selectedcolor>selected</selectedcolor>
                        <align>right</align>
                        <aligny>center</aligny>
                        <label>$INFO[ListItem.label2]</label>
                        <visible>!Window.IsVisible(Videos)</visible>
                    </control>
                    <control type="label">
                        <left>635</left>
                        <top>0</top>
                        <width>400</width>
                        <height>40</height>
                        <font>font12</font>
                        <textcolor>grey2</textcolor>
                        <selectedcolor>selected</selectedcolor>
                        <align>right</align>
                        <aligny>center</aligny>
                        <label>$INFO[ListItem.label2]</label>
                        <visible>Window.IsVisible(Videos)</visible>
                        <animation effect="slide" start="0,0" end="40,0" delay="0" time="0" condition="![Container.Content(Movies) | Container.Content(Episodes) | Container.Content(MusicVideos)]">conditional</animation>
                    </control>
                    <control type="image">
                        <left>640</left>
                        <top>8</top>
                        <width>40</width>
                        <height>26</height>
                        <texture>$VAR[VideoResolutionFlag]</texture>
                        <visible>Window.IsVisible(Videos) + [Container.Content(Movies) | Container.Content(Episodes) | Container.Content(MusicVideos)]</visible>
                    </control>
                    <control type="image">
                        <left>656</left>
                        <top>8</top>
                        <width>24</width>
                        <height>26</height>
                        <texture>$VAR[SmallGenreIcons,flagging/genre/,.png]</texture>
                        <visible>StringCompare(Container.FolderName,Genres)</visible>
                    </control>
                </focusedlayout>
            </control>
            <control type="scrollbar" id="60">
                <left>760</left>
                <top>92</top>
                <width>25</width>
                <height>552</height>
                <texturesliderbackground border="0,14,0,14">ScrollBarV.png</texturesliderbackground>
                <texturesliderbar border="0,14,0,14">ScrollBarV_bar.png</texturesliderbar>
                <texturesliderbarfocus border="0,14,0,14">ScrollBarV_bar_focus.png</texturesliderbarfocus>
                <textureslidernib>ScrollBarNib.png</textureslidernib>
                <textureslidernibfocus>ScrollBarNib.png</textureslidernibfocus>
                <onleft>50</onleft>
                <onright>800</onright>
                <showonepage>true</showonepage>
                <orientation>vertical</orientation>
                <visible>Control.IsVisible(50)</visible>
            </control>
            <control type="group">
                <left>850</left>
                <top>86</top>
                <visible>Control.IsVisible(50)</visible>
                <control type="image">
                    <left>0</left>
                    <top>0</top>
                    <width>420</width>
                    <height>565</height>
                    <aspectratio aligny="bottom">keep</aspectratio>
                    <fadetime>IconCrossfadeTime</fadetime>
                    <texture background="true">$VAR[PosterThumb]</texture>
                    <bordertexture border="8">ThumbShadow.png</bordertexture>
                    <bordersize>8</bordersize>
                    <visible>!Container.Content(episodes) | IsEmpty(ListItem.Title) | [Container.Content(episodes) + !Skin.HasSetting(hideepisodethumb)]</visible>
                </control>
                <control type="image">
                    <left>0</left>
                    <top>0</top>
                    <width>420</width>
                    <height>565</height>
                    <aspectratio aligny="bottom">keep</aspectratio>
                    <fadetime>IconCrossfadeTime</fadetime>
                    <texture background="true">$INFO[ListItem.Art(fanart)]</texture>
                    <bordertexture border="8">ThumbShadow.png</bordertexture>
                    <bordersize>8</bordersize>
                    <visible>!IsEmpty(ListItem.Title) + Container.Content(episodes) + Skin.HasSetting(hideepisodethumb)</visible>
                </control>
            </control>
        </control>
    </include>
</includes>