<?xml version="1.0" encoding="UTF-8"?>
<includes>
    <include name="InfoFanArtView">
        <control type="group">
            <visible>Control.IsVisible(515)</visible>
            <include>VisibleFadeEffect</include>
            <control type="list" id="515">
                <left>40</left>
                <top>98</top>
                <width>390</width>
                <height>520</height>
                <onleft>2</onleft>
                <onright>60</onright>
                <onup>515</onup>
                <ondown>515</ondown>
                <viewtype label="$LOCALIZE[31639]">list</viewtype>
                <pagecontrol>60</pagecontrol>
                <scrolltime>200</scrolltime>
                <visible>Container.Content(TVShows) | Container.Content(Movies) | Container.Content(MusicVideos) | Container.Content(Episodes) | Container.Content(Seasons)</visible>
                <itemlayout condition="!Container.Content(TVShows) | Skin.HasSetting(view515hidebanners)" height="40" width="390">
                    <control type="image">
                        <left>0</left>
                        <top>0</top>
                        <width>390</width>
                        <height>41</height>
                        <texture border="0,2,0,2">MenuItemNF.png</texture>
                    </control>
                    <control type="label">
                        <left>35</left>
                        <top>0</top>
                        <width>350</width>
                        <height>40</height>
                        <font>font13</font>
                        <textcolor>grey2</textcolor>
                        <selectedcolor>selected</selectedcolor>
                        <align>left</align>
                        <aligny>center</aligny>
                        <label>$INFO[ListItem.label]</label>
                    </control>
                    <control type="image">
                        <left>3</left>
                        <top>6</top>
                        <width>28</width>
                        <height>28</height>
                        <texture diffuse="poster-diffuse.png">$VAR[PartlyWatched,MediaStatus/,.png]</texture>
                        <visible>!Skin.HasSetting(disablewatchedcheck) + !IsEmpty(ListItem.Overlay)</visible>
                    </control>
                </itemlayout>
                <focusedlayout condition="!Container.Content(TVShows) | Skin.HasSetting(view515hidebanners)" height="40" width="390">
                    <control type="image">
                        <left>0</left>
                        <top>0</top>
                        <width>390</width>
                        <height>41</height>
                        <texture border="0,2,0,2">MenuItemNF.png</texture>
                        <visible>!Control.HasFocus(515)</visible>
                        <include>VisibleFadeEffect</include>
                    </control>
                    <control type="image">
                        <left>0</left>
                        <top>0</top>
                        <width>390</width>
                        <height>41</height>
                        <texture border="0,2,0,2">MenuItemFO.png</texture>
                        <visible>Control.HasFocus(515)</visible>
                        <include>VisibleFadeEffect</include>
                    </control>
                    <control type="label">
                        <left>35</left>
                        <top>0</top>
                        <width>350</width>
                        <height>40</height>
                        <font>font13</font>
                        <textcolor>white</textcolor>
                        <selectedcolor>selected</selectedcolor>
                        <align>left</align>
                        <aligny>center</aligny>
                        <label>$INFO[ListItem.label]</label>
                    </control>
                    <control type="image">
                        <left>3</left>
                        <top>6</top>
                        <width>28</width>
                        <height>28</height>
                        <texture diffuse="poster-diffuse.png">$VAR[PartlyWatched,MediaStatus/,.png]</texture>
                        <visible>!Skin.HasSetting(disablewatchedcheck) + !IsEmpty(ListItem.Overlay)</visible>
                    </control>
                </focusedlayout>
                <itemlayout condition="Container.Content(TVShows) + !Skin.HasSetting(view515hidebanners)" height="74" width="390">
                    <control type="image">
                        <left>0</left>
                        <top>0</top>
                        <width>390</width>
                        <height>72</height>
                        <aspectratio align="left" aligny="bottom">stretch</aspectratio>
                        <bordertexture border="5">button-nofocus.png</bordertexture>
                        <bordersize>5</bordersize>
                        <texture background="true">$INFO[ListItem.Art(banner)]</texture>
                        <visible>!IsEmpty(ListItem.Art(banner))</visible>
                    </control>
                    <control type="image">
                        <left>0</left>
                        <top>0</top>
                        <width>390</width>
                        <height>73</height>
                        <texture border="0,2,0,2">MenuItemNF.png</texture>
                        <visible>IsEmpty(ListItem.Art(banner))</visible>
                    </control>
                    <control type="label">
                        <left>10</left>
                        <top>0</top>
                        <width>390</width>
                        <height>72</height>
                        <font>font13</font>
                        <textcolor>grey2</textcolor>
                        <selectedcolor>selected</selectedcolor>
                        <align>left</align>
                        <aligny>center</aligny>
                        <label>$INFO[ListItem.label]</label>
                        <visible>IsEmpty(ListItem.Art(banner))</visible>
                    </control>
                    <control type="image">
                        <left>5</left>
                        <top>5</top>
                        <width>32</width>
                        <height>32</height>
                        <texture diffuse="poster-diffuse.png">$VAR[PartlyWatched,MediaStatus/,.png]</texture>
                        <visible>!Skin.HasSetting(disablewatchedcheck) + !IsEmpty(ListItem.Overlay)</visible>
                    </control>
                </itemlayout>
                <focusedlayout condition="Container.Content(TVShows) + !Skin.HasSetting(view515hidebanners)" height="74" width="390">
                    <control type="image">
                        <left>0</left>
                        <top>0</top>
                        <width>390</width>
                        <height>72</height>
                        <aspectratio align="left" aligny="bottom">stretch</aspectratio>
                        <bordertexture border="5">folder-focus.png</bordertexture>
                        <bordersize>5</bordersize>
                        <texture background="true">$INFO[ListItem.Art(banner)]</texture>
                        <visible>!IsEmpty(ListItem.Art(banner))</visible>
                    </control>
                    <control type="image">
                        <left>0</left>
                        <top>0</top>
                        <width>390</width>
                        <height>72</height>
                        <texture border="0,2,0,2">MenuItemNF.png</texture>
                        <visible>!Control.HasFocus(515) + IsEmpty(ListItem.Art(banner))</visible>
                        <include>VisibleFadeEffect</include>
                    </control>
                    <control type="image">
                        <left>0</left>
                        <top>0</top>
                        <width>390</width>
                        <height>73</height>
                        <texture border="0,2,0,2">MenuItemFO.png</texture>
                        <visible>Control.HasFocus(515) + IsEmpty(ListItem.Art(banner))</visible>
                        <include>VisibleFadeEffect</include>
                    </control>
                    <control type="label">
                        <left>10</left>
                        <top>0</top>
                        <width>390</width>
                        <height>72</height>
                        <font>font13</font>
                        <textcolor>white</textcolor>
                        <selectedcolor>selected</selectedcolor>
                        <align>left</align>
                        <aligny>center</aligny>
                        <label>$INFO[ListItem.label]</label>
                        <visible>IsEmpty(ListItem.Art(banner))</visible>
                    </control>
                    <control type="image">
                        <left>5</left>
                        <top>5</top>
                        <width>32</width>
                        <height>32</height>
                        <texture diffuse="poster-diffuse.png">$VAR[PartlyWatched,MediaStatus/,.png]</texture>
                        <visible>!Skin.HasSetting(disablewatchedcheck) + !IsEmpty(ListItem.Overlay)</visible>
                    </control>
                </focusedlayout>
            </control>
            <control type="scrollbar" id="60">
                <left>435</left>
                <top>109</top>
                <width>25</width>
                <height>520</height>
                <texturesliderbackground border="10,14,10,14">ScrollBarV.png</texturesliderbackground>
                <texturesliderbar border="10,14,10,14">ScrollBarV_bar.png</texturesliderbar>
                <texturesliderbarfocus border="10,14,10,14">ScrollBarV_bar_focus.png</texturesliderbarfocus>
                <textureslidernib>ScrollBarNib.png</textureslidernib>
                <textureslidernibfocus>ScrollBarNib.png</textureslidernibfocus>
                <onleft>515</onleft>
                <onright>800</onright>
                <showonepage>true</showonepage>
                <orientation>vertical</orientation>
                <visible>Control.IsVisible(515)</visible>
            </control>
            <control type="group">
                <left>470</left>
                <top>86</top>
                <visible>Control.IsVisible(515) + [Container.Content(Movies) | Container.Content(MusicVideos)]</visible>
                <control type="image">
                    <left>0</left>
                    <top>0</top>
                    <width>810</width>
                    <height>496</height>
                    <aspectratio scalediffuse="false">scale</aspectratio>
                    <fadetime>IconCrossfadeTime</fadetime>
                    <texture diffuse="Fanart_Diffuse.png" background="true" fallback="SmallFanartFallback.jpg">$INFO[ListItem.Art(fanart)]</texture>
                </control>
                <control type="image">
                    <left>10</left>
                    <top>450</top>
                    <width>540</width>
                    <height>80</height>
                    <aspectratio align="left" aligny="bottom">keep</aspectratio>
                    <fadetime>IconCrossfadeTime</fadetime>
                    <texture background="true">$INFO[ListItem.Art(clearlogo)]</texture>
                    <visible>!IsEmpty(ListItem.Title) + !IsEmpty(ListItem.Art(clearlogo))</visible>
                </control>
                <control type="label">
                    <left>10</left>
                    <top>475</top>
                    <width>540</width>
                    <height>30</height>
                    <font>font24_title</font>
                    <textcolor>white</textcolor>
                    <align>left</align>
                    <aligny>center</aligny>
                    <label>$INFO[ListItem.label]</label>
                    <visible>!IsEmpty(ListItem.Title) + IsEmpty(ListItem.Art(clearlogo))</visible>
                </control>
                <control type="group">
                    <left>0</left>
                    <top>225</top>
                    <include>MediaInfoPopup</include>
                    <visible>!Skin.String(mediapopupcontrol,Hidden) + !IsEmpty(ListItem.Title) + !Container.OnNext + !Container.OnPrevious</visible>
                    <visible>Control.IsVisible(515) + ![ListItem.IsFolder + Container.Content(Movies)]</visible>
                    <control type="image">
                        <left>0</left>
                        <top>0</top>
                        <width>560</width>
                        <height>240</height>
                        <colordiffuse>AAFFFFFF</colordiffuse>
                        <texture border="20">ContentPanel.png</texture>
                    </control>
                    <control type="textbox">
                        <description>Description Value for Video</description>
                        <left>20</left>
                        <top>15</top>
                        <width>520</width>
                        <height>185</height>
                        <font>font12</font>
                        <align>justify</align>
                        <textcolor>white</textcolor>
                        <label>$VAR[VideoDescription]</label>
                        <autoscroll delay="3000" time="1800" repeat="10000">!Skin.HasSetting(disableautoscroll)</autoscroll>
                    </control>
                    <control type="label">
                        <left>20</left>
                        <top>200</top>
                        <width>520</width>
                        <height>30</height>
                        <font>font10</font>
                        <textcolor>white</textcolor>
                        <scroll>true</scroll>
                        <align>center</align>
                        <aligny>center</aligny>
                        <label>$INFO[ListItem.Duration,[B][COLOR=blue]$LOCALIZE[2050][/COLOR][/B] , $LOCALIZE[12391]] $INFO[ListItem.RatingAndVotes, [B][COLOR=blue]$LOCALIZE[563][/COLOR][/B] ]$INFO[ListItem.LastPlayed, [B][COLOR=blue]$LOCALIZE[568][/COLOR][/B] ]</label>
                    </control>
                </control>
                <control type="grouplist">
                    <description>Media Codec Flagging Images</description>
                    <left>0</left>
                    <top>535</top>
                    <width>561</width>
                    <align>left</align>
                    <itemgap>1</itemgap>
                    <orientation>horizontal</orientation>
                    <include condition="!Skin.HasSetting(enablefullmpaa)">VideoMPAAFlaggingConditions</include>
                    <include>VideoStudioFlagging</include>
                    <include>VideoExtraInfoFlagging</include>
                    <include>VideoCodecFlaggingConditions</include>
                    <include>AudioCodecFlaggingConditions</include>
                    <include>AudioChannelsFlaggingConditions</include>
                    <include>AspectCodecFlaggingConditions</include>
                    <visible>!IsEmpty(ListItem.Title)</visible>
                    <visible>Skin.HasSetting(hidegenreicons)</visible>
                </control>
                <control type="grouplist">
                    <description>Media Codec Flagging Images</description>
                    <left>0</left>
                    <top>535</top>
                    <width>561</width>
                    <align>left</align>
                    <itemgap>5</itemgap>
                    <orientation>horizontal</orientation>
                    <include>SmallVideoGenreFlagging</include>
                    <control type="image">
                        <description>Rating image</description>
                        <width>96</width>
                        <height>46</height>
                        <aspectratio align="right">keep</aspectratio>
                        <texture>$VAR[RatingMPAA,flagging/ratings/,.png]</texture>
                        <visible>!IsEmpty(ListItem.Mpaa)</visible>
                    </control>
                    <control type="image">
                        <description>Studio image</description>
                        <width>96</width>
                        <height>46</height>
                        <aspectratio align="center">keep</aspectratio>
                        <texture background="true">$INFO[ListItem.Studio,flagging/studio/,.png]</texture>
                        <visible>!IsEmpty(ListItem.Studio)</visible>
                    </control>
                    <visible>!IsEmpty(ListItem.Title)</visible>
                    <visible>!Skin.HasSetting(hidegenreicons)</visible>
                </control>
                <control type="image">
                    <left>560</left>
                    <top>131</top>
                    <width>250</width>
                    <height>440</height>
                    <aspectratio align="left" aligny="bottom">keep</aspectratio>
                    <fadetime>IconCrossfadeTime</fadetime>
                    <texture background="true">$VAR[PosterThumb]</texture>
                    <bordertexture border="8">ThumbShadow.png</bordertexture>
                    <bordersize>8</bordersize>
                    <visible>IsEmpty(ListItem.FileExtension)</visible>
                </control>
                <control type="image">
                    <left>593</left>
                    <top>270</top>
                    <width>205</width>
                    <height>291</height>
                    <aspectratio scalediffuse="false">stretch</aspectratio>
                    <fadetime>IconCrossfadeTime</fadetime>
                    <texture diffuse="ClearCase/EmptyCaseMask.png" background="true">$VAR[PosterThumb]</texture>
                    <visible>!IsEmpty(ListItem.FileExtension)</visible>
                </control>
                <control type="image">
                    <left>560</left>
                    <top>260</top>
                    <width>250</width>
                    <height>316</height>
                    <aspectratio>stretch</aspectratio>
                    <texture fallback="ClearCase/dv.png">$VAR[VideoListCase,ClearCase/,.png]</texture>
                    <visible>!IsEmpty(ListItem.FileExtension)</visible>
                </control>
            </control>
            <control type="group">
                <left>470</left>
                <top>85</top>
                <visible>Control.IsVisible(515) + Container.Content(TVShows)</visible>
                <control type="image">
                    <left>0</left>
                    <top>0</top>
                    <width>810</width>
                    <height>477</height>
                    <aspectratio scalediffuse="false">scale</aspectratio>
                    <fadetime>IconCrossfadeTime</fadetime>
                    <texture diffuse="Fanart_Diffuse.png" background="true" fallback="SmallFanartFallback.jpg">$INFO[ListItem.Art(fanart)]</texture>
                </control>
                <control type="image">
                    <left>0</left>
                    <top>450</top>
                    <width>540</width>
                    <height>80</height>
                    <aspectratio align="left" aligny="bottom">keep</aspectratio>
                    <fadetime>IconCrossfadeTime</fadetime>
                    <texture background="true">$INFO[ListItem.Art(clearlogo)]</texture>
                    <visible>!IsEmpty(ListItem.Title) + !IsEmpty(ListItem.Art(clearlogo))</visible>
                </control>
                <control type="label">
                    <left>10</left>
                    <top>475</top>
                    <width>540</width>
                    <height>30</height>
                    <font>font24_title</font>
                    <textcolor>white</textcolor>
                    <align>left</align>
                    <aligny>center</aligny>
                    <label>$INFO[ListItem.label]</label>
                    <visible>!IsEmpty(ListItem.Title) + IsEmpty(ListItem.Art(clearlogo))</visible>
                </control>
                <control type="group">
                    <left>0</left>
                    <top>180</top>
                    <include>MediaInfoPopup</include>
                    <visible>!Skin.String(mediapopupcontrol,Hidden) + !IsEmpty(ListItem.Title) + !Container.OnNext + !Container.OnPrevious</visible>
                    <control type="image">
                        <left>0</left>
                        <top>0</top>
                        <width>560</width>
                        <height>275</height>
                        <colordiffuse>AAFFFFFF</colordiffuse>
                        <texture border="20">ContentPanel.png</texture>
                    </control>
                    <control type="textbox">
                        <description>Description Value for Video</description>
                        <left>20</left>
                        <top>25</top>
                        <width>520</width>
                        <height>200</height>
                        <font>font12</font>
                        <align>justify</align>
                        <textcolor>white</textcolor>
                        <label>$VAR[VideoDescription]</label>
                        <autoscroll delay="3000" time="1800" repeat="10000">!Skin.HasSetting(disableautoscroll)</autoscroll>
                    </control>
                    <control type="label">
                        <left>20</left>
                        <top>235</top>
                        <width>520</width>
                        <height>30</height>
                        <font>font10</font>
                        <textcolor>white</textcolor>
                        <scroll>true</scroll>
                        <align>center</align>
                        <aligny>center</aligny>
                        <label>$INFO[ListItem.Duration,[B][COLOR=blue]$LOCALIZE[2050][/COLOR][/B] , $LOCALIZE[12391]] $INFO[ListItem.RatingAndVotes, [B][COLOR=blue]$LOCALIZE[563][/COLOR][/B] ]$INFO[ListItem.LastPlayed, [B][COLOR=blue]$LOCALIZE[568][/COLOR][/B] ]</label>
                    </control>
                </control>
                <control type="grouplist">
                    <description>Media Codec Flagging Images</description>
                    <left>0</left>
                    <top>535</top>
                    <width>561</width>
                    <align>left</align>
                    <itemgap>5</itemgap>
                    <orientation>horizontal</orientation>
                    <include>SmallVideoGenreFlagging</include>
                    <control type="image">
                        <description>Rating image</description>
                        <width>96</width>
                        <height>46</height>
                        <aspectratio align="right">keep</aspectratio>
                        <texture>$VAR[RatingMPAA,flagging/ratings/,.png]</texture>
                        <visible>!IsEmpty(ListItem.Mpaa)</visible>
                    </control>
                    <control type="image">
                        <description>Studio image</description>
                        <width>96</width>
                        <height>46</height>
                        <aspectratio align="center">keep</aspectratio>
                        <texture background="true">$INFO[ListItem.Studio,flagging/studio/,.png]</texture>
                        <visible>!IsEmpty(ListItem.Studio)</visible>
                    </control>
                    <visible>!IsEmpty(ListItem.Title)</visible>
                </control>
                <control type="image">
                    <left>560</left>
                    <top>131</top>
                    <width>250</width>
                    <height>440</height>
                    <aspectratio align="left" aligny="bottom">keep</aspectratio>
                    <fadetime>IconCrossfadeTime</fadetime>
                    <texture background="true">$INFO[ListItem.icon]</texture>
                    <bordertexture border="8">ThumbShadow.png</bordertexture>
                    <bordersize>8</bordersize>
                    <visible>!IsEmpty(ListItem.Title) + IsEmpty(ListItem.Art(poster))</visible>
                </control>
                <control type="image">
                    <left>593</left>
                    <top>270</top>
                    <width>205</width>
                    <height>291</height>
                    <aspectratio scalediffuse="false">stretch</aspectratio>
                    <fadetime>IconCrossfadeTime</fadetime>
                    <texture diffuse="ClearCase/EmptyCaseMask.png" background="true">$VAR[PosterThumb]</texture>
                    <visible>!IsEmpty(ListItem.Title) + !IsEmpty(ListItem.Art(poster))</visible>
                </control>
                <control type="image">
                    <left>560</left>
                    <top>260</top>
                    <width>250</width>
                    <height>316</height>
                    <aspectratio>stretch</aspectratio>
                    <texture>ClearCase/TVseries.png</texture>
                    <visible>!IsEmpty(ListItem.Title) + !IsEmpty(ListItem.Art(poster))</visible>
                </control>
            </control>
            <control type="group">
                <left>470</left>
                <top>85</top>
                <visible>Control.IsVisible(515) + Container.Content(Seasons)</visible>
                <control type="image">
                    <left>0</left>
                    <top>0</top>
                    <width>810</width>
                    <height>477</height>
                    <aspectratio scalediffuse="false">scale</aspectratio>
                    <fadetime>IconCrossfadeTime</fadetime>
                    <texture diffuse="Fanart_Diffuse.png" background="true">$INFO[ListItem.Art(fanart)]</texture>
                    <visible>!IsEmpty(ListItem.Art(fanart))</visible>
                </control>
                <control type="image">
                    <left>0</left>
                    <top>0</top>
                    <width>810</width>
                    <height>477</height>
                    <aspectratio scalediffuse="false">scale</aspectratio>
                    <fadetime>IconCrossfadeTime</fadetime>
                    <texture diffuse="Fanart_Diffuse.png" background="true" fallback="SmallFanartFallback.jpg">$INFO[Fanart.Image]</texture>
                    <visible>IsEmpty(ListItem.Art(fanart))</visible>
                </control>
                <control type="label">
                    <left>10</left>
                    <top>475</top>
                    <width>540</width>
                    <height>30</height>
                    <font>font24_title</font>
                    <textcolor>white</textcolor>
                    <align>left</align>
                    <aligny>center</aligny>
                    <label>$INFO[ListItem.label]</label>
                </control>
                <control type="group">
                    <left>0</left>
                    <top>180</top>
                    <include>MediaInfoPopup</include>
                    <visible>!Skin.String(mediapopupcontrol,Hidden) + !Container.OnNext + !Container.OnPrevious</visible>
                    <control type="image">
                        <left>0</left>
                        <top>0</top>
                        <width>560</width>
                        <height>275</height>
                        <colordiffuse>AAFFFFFF</colordiffuse>
                        <texture border="20">ContentPanel.png</texture>
                    </control>
                    <control type="textbox">
                        <description>Description Value for Video</description>
                        <left>20</left>
                        <top>25</top>
                        <width>520</width>
                        <height>200</height>
                        <font>font12</font>
                        <align>justify</align>
                        <textcolor>white</textcolor>
                        <label>$VAR[VideoDescription]</label>
                        <autoscroll delay="3000" time="1800" repeat="10000">!Skin.HasSetting(disableautoscroll)</autoscroll>
                    </control>
                </control>
                <control type="image">
                    <left>560</left>
                    <top>131</top>
                    <width>250</width>
                    <height>440</height>
                    <aspectratio align="left" aligny="bottom">keep</aspectratio>
                    <fadetime>IconCrossfadeTime</fadetime>
                    <texture background="true">$INFO[ListItem.icon]</texture>
                    <bordertexture border="8">ThumbShadow.png</bordertexture>
                    <bordersize>8</bordersize>
                    <visible>IsEmpty(ListItem.Title)</visible>
                </control>
                <control type="image">
                    <left>593</left>
                    <top>270</top>
                    <width>205</width>
                    <height>291</height>
                    <aspectratio scalediffuse="false">stretch</aspectratio>
                    <fadetime>IconCrossfadeTime</fadetime>
                    <texture diffuse="ClearCase/EmptyCaseMask.png" background="true">$INFO[ListItem.icon]</texture>
                    <visible>!IsEmpty(ListItem.Title)</visible>
                </control>
                <control type="image">
                    <left>560</left>
                    <top>260</top>
                    <width>250</width>
                    <height>316</height>
                    <aspectratio>stretch</aspectratio>
                    <texture>ClearCase/TVseries.png</texture>
                    <visible>!IsEmpty(ListItem.Title)</visible>
                </control>
                <control type="grouplist">
                    <description>Media Codec Flagging Images</description>
                    <left>0</left>
                    <top>531</top>
                    <width>561</width>
                    <align>left</align>
                    <itemgap>5</itemgap>
                    <orientation>horizontal</orientation>
                    <include>SmallVideoGenreFlagging</include>
                    <control type="image">
                        <description>Rating image</description>
                        <width>96</width>
                        <height>46</height>
                        <aspectratio align="right">keep</aspectratio>
                        <texture>$VAR[RatingMPAA,flagging/ratings/,.png]</texture>
                        <visible>!IsEmpty(ListItem.Mpaa)</visible>
                    </control>
                    <control type="image">
                        <description>Studio image</description>
                        <width>96</width>
                        <height>46</height>
                        <aspectratio align="center">keep</aspectratio>
                        <texture background="true">$INFO[ListItem.Studio,flagging/studio/,.png]</texture>
                        <visible>!IsEmpty(ListItem.Studio)</visible>
                    </control>
                    <visible>!IsEmpty(ListItem.Title)</visible>
                </control>
            </control>
            <control type="group">
                <left>470</left>
                <top>85</top>
                <visible>Control.IsVisible(515) + Container.Content(Episodes)</visible>
                <control type="image">
                    <left>0</left>
                    <top>0</top>
                    <width>810</width>
                    <height>477</height>
                    <aspectratio scalediffuse="false">scale</aspectratio>
                    <fadetime>IconCrossfadeTime</fadetime>
                    <texture diffuse="Fanart_Diffuse.png" background="true">$INFO[ListItem.Art(fanart)]</texture>
                    <visible>!IsEmpty(ListItem.Art(fanart))</visible>
                </control>
                <control type="image">
                    <left>0</left>
                    <top>0</top>
                    <width>810</width>
                    <height>477</height>
                    <aspectratio scalediffuse="false">scale</aspectratio>
                    <fadetime>IconCrossfadeTime</fadetime>
                    <texture diffuse="Fanart_Diffuse.png" background="true" fallback="SmallFanartFallback.jpg">$INFO[Fanart.Image]</texture>
                    <visible>IsEmpty(ListItem.Art(fanart))</visible>
                </control>
                <control type="label">
                    <left>10</left>
                    <top>472</top>
                    <width>460</width>
                    <height>30</height>
                    <font>font24_title</font>
                    <textcolor>white</textcolor>
                    <align>left</align>
                    <label>$INFO[ListItem.label]</label>
                </control>
                <control type="group">
                    <left>0</left>
                    <top>180</top>
                    <include>MediaInfoPopup</include>
                    <visible>!Skin.String(mediapopupcontrol,Hidden) + !StringCompare(ListItem.label,..) + !Container.OnNext + !Container.OnPrevious</visible>
                    <visible>Control.IsVisible(515) + ![ListItem.IsFolder + Container.Content(Movies)]</visible>
                    <control type="image">
                        <left>0</left>
                        <top>0</top>
                        <width>480</width>
                        <height>275</height>
                        <colordiffuse>AAFFFFFF</colordiffuse>
                        <texture border="20">ContentPanel.png</texture>
                    </control>
                    <control type="textbox">
                        <description>Description Value for Video</description>
                        <left>20</left>
                        <top>25</top>
                        <width>440</width>
                        <height>200</height>
                        <font>font12</font>
                        <align>justify</align>
                        <textcolor>white</textcolor>
                        <label>$VAR[VideoDescription]</label>
                        <autoscroll delay="3000" time="1800" repeat="10000">!Skin.HasSetting(disableautoscroll)</autoscroll>
                    </control>
                    <control type="label">
                        <left>20</left>
                        <top>240</top>
                        <width>440</width>
                        <height>30</height>
                        <font>font12</font>
                        <textcolor>white</textcolor>
                        <scroll>true</scroll>
                        <align>left</align>
                        <aligny>center</aligny>
                        <label>$INFO[ListItem.LastPlayed, [B][COLOR=blue]$LOCALIZE[568]$LOCALIZE[31000][/COLOR][/B] ]</label>
                    </control>
                </control>
                <control type="grouplist">
                    <description>Media Codec Flagging Images</description>
                    <left>-10</left>
                    <top>530</top>
                    <width>488</width>
                    <align>left</align>
                    <itemgap>2</itemgap>
                    <orientation>horizontal</orientation>
                    <include condition="!Skin.HasSetting(enablefullmpaa)">VideoMPAAFlaggingConditions</include>
                    <include>VideoExtraInfoFlagging</include>
                    <include>VideoCodecFlaggingConditions</include>
                    <include>AudioCodecFlaggingConditions</include>
                    <include>AudioChannelsFlaggingConditions</include>
                    <include>AspectCodecFlaggingConditions</include>
                    <visible>!IsEmpty(ListItem.Title)</visible>
                </control>
                <control type="image">
                    <left>480</left>
                    <top>131</top>
                    <width>330</width>
                    <height>440</height>
                    <aspectratio align="left" aligny="bottom">keep</aspectratio>
                    <fadetime>IconCrossfadeTime</fadetime>
                    <texture background="true">$INFO[ListItem.icon]</texture>
                    <bordertexture border="8">ThumbShadow.png</bordertexture>
                    <bordersize>8</bordersize>
                    <visible>IsEmpty(ListItem.Title) | !Skin.HasSetting(hideepisodethumb)</visible>
                </control>
                <control type="image">
                    <left>480</left>
                    <top>131</top>
                    <width>330</width>
                    <height>440</height>
                    <aspectratio align="left" aligny="bottom">keep</aspectratio>
                    <fadetime>IconCrossfadeTime</fadetime>
                    <texture background="true">$INFO[ListItem.Art(fanart)]</texture>
                    <bordertexture border="8">ThumbShadow.png</bordertexture>
                    <bordersize>8</bordersize>
                    <visible>!IsEmpty(ListItem.Title) + Skin.HasSetting(hideepisodethumb)</visible>
                </control>
            </control>
        </control>
    </include>
</includes>