<?xml version="1.0" encoding="utf-8"?>
<includes>
    <include name="LogoVertical">
        <control type="group">
            <visible>Control.IsVisible(730)</visible>
            <include>VisibleFadeEffect</include>
            <control type="image">
                <left>630</left>
                <top>0</top>
                <width>650</width>
                <height>780</height>
                <texture flipx="true">SideFade.png</texture>
            </control>
            <control type="wraplist" id="730">
                <left>695r</left>
                <top>100</top>
                <height>530</height>
                <width>650</width>
                <onleft>9000</onleft>
                <onright>60</onright>
                <onup>730</onup>
                <ondown>730</ondown>
                <pagecontrol>60</pagecontrol>
                <viewtype label="$LOCALIZE[31649]">list</viewtype>
                <orientation>vertical</orientation>
                <scrolltime>300</scrolltime>
                <focusposition>1</focusposition>
                <preloaditems>2</preloaditems>
                <visible>Container.Content(TVShows) | Container.Content(Movies) | Container.Content(Episodes) | Container.Content(Seasons)</visible>
                <itemlayout condition="![Container.Content(Episodes) | Container.Content(Seasons)]" width="650" height="110">
                    <control type="image">
                        <visible>!StringCompare(ListItem.label,..) + !IsEmpty(ListItem.Art(clearlogo))</visible>
                        <left>200</left>
                        <top>10</top>
                        <width>450</width>
                        <height>140</height>
                        <texture background="true">$INFO[ListItem.Art(clearlogo)]</texture>
                        <fadetime>300</fadetime>
                        <aspectratio align="right" aligny="center" scalediffuse="false">keep</aspectratio>
                        <animation effect="zoom" start="65" end="65" center="auto" time="0" condition="true">Conditional</animation>
                        <animation effect="fade" start="60" end="60" time="0" condition="true">conditional</animation>
                    </control>
                    <control type="image">
                        <visible>StringCompare(ListItem.label,..)</visible>
                        <left>200</left>
                        <top>10</top>
                        <width>450</width>
                        <height>140</height>
                        <texture background="true">DefaultLogoReturn.png</texture>
                        <fadetime>300</fadetime>
                        <aspectratio align="right" aligny="center" scalediffuse="false">keep</aspectratio>
                        <animation effect="zoom" start="65" end="65" center="auto" time="0" condition="true">Conditional</animation>
                        <animation effect="fade" start="60" end="60" time="0" condition="true">conditional</animation>
                    </control>
                    <control type="label">
                        <visible>!StringCompare(ListItem.label,..) + IsEmpty(ListItem.Art(clearlogo))</visible>
                        <left>650</left>
                        <top>10</top>
                        <width>450</width>
                        <height>140</height>
                        <align>right</align>
                        <aligny>center</aligny>
                        <font>font28_title</font>
                        <textcolor>grey2</textcolor>
                        <label>[B]$INFO[ListItem.Label][/B]</label>
                    </control>
                </itemlayout>
                <focusedlayout condition="![Container.Content(Episodes) | Container.Content(Seasons)]" width="550" height="200">
                    <control type="image">
                        <visible>!StringCompare(ListItem.label,..) + !IsEmpty(ListItem.Art(clearlogo))</visible>
                        <left>200</left>
                        <top>30</top>
                        <width>450</width>
                        <height>140</height>
                        <texture background="true">$INFO[ListItem.Art(clearlogo)]</texture>
                        <fadetime>300</fadetime>
                        <aspectratio align="right" aligny="center" scalediffuse="false">keep</aspectratio>
                        <animation effect="zoom" start="65" end="100" center="auto" time="200">Focus</animation>
                    </control>
                    <control type="image">
                        <visible>StringCompare(ListItem.label,..)</visible>
                        <left>200</left>
                        <top>30</top>
                        <width>450</width>
                        <height>140</height>
                        <texture background="true">DefaultLogoReturn.png</texture>
                        <fadetime>300</fadetime>
                        <aspectratio align="right" aligny="center" scalediffuse="false">keep</aspectratio>
                        <animation effect="zoom" start="65" end="100" center="auto" time="200">Focus</animation>
                    </control>
                    <control type="label">
                        <visible>!StringCompare(ListItem.label,..) + IsEmpty(ListItem.Art(clearlogo))</visible>
                        <left>650</left>
                        <top>30</top>
                        <width>600</width>
                        <height>140</height>
                        <align>right</align>
                        <aligny>center</aligny>
                        <font>font35_title</font>
                        <textcolor>white</textcolor>
                        <label>[B]$INFO[ListItem.Label][/B]</label>
                    </control>
                </focusedlayout>
            </control>
            <control type="scrollbar" id="60">
                <left>35r</left>
                <top>95</top>
                <width>25</width>
                <height>550</height>
                <texturesliderbackground border="0,14,0,14">ScrollBarV.png</texturesliderbackground>
                <texturesliderbar border="0,14,0,14">ScrollBarV_bar.png</texturesliderbar>
                <texturesliderbarfocus border="0,14,0,14">ScrollBarV_bar_focus.png</texturesliderbarfocus>
                <textureslidernib>ScrollBarNib.png</textureslidernib>
                <textureslidernibfocus>ScrollBarNib.png</textureslidernibfocus>
                <onleft>730</onleft>
                <onright>800</onright>
                <showonepage>true</showonepage>
                <orientation>vertical</orientation>
                <visible>Control.IsVisible(730)</visible>
            </control>
            <control type="grouplist">
                <description>Media Codec Flagging Images</description>
                <left>50</left>
                <top>622</top>
                <width>580</width>
                <align>left</align>
                <itemgap>5</itemgap>
                <orientation>horizontal</orientation>
                <include>VideoExtraInfoFlagging</include>
                <include>VideoCodecFlaggingConditions</include>
                <include>AudioCodecFlaggingConditions</include>
                <include>AudioChannelsFlaggingConditions</include>
                <include>AspectCodecFlaggingConditions</include>
                <include condition="!Skin.HasSetting(enablefullmpaa)">VideoMPAAFlaggingConditions</include>
                <visible>![Container.Content(TVShows) | Container.Content(Seasons)]</visible>
                <visible>Skin.HasSetting(hidegenreicons)</visible>
            </control>
            <control type="grouplist">
                <description>Media Genre Flagging</description>
                <left>50</left>
                <top>620</top>
                <width>580</width>
                <align>left</align>
                <itemgap>5</itemgap>
                <orientation>horizontal</orientation>
                <include>SmallVideoGenreFlagging</include>
                <control type="image">
                    <description>Rating image</description>
                    <width>96</width>
                    <height>46</height>
                    <aspectratio align="right">keep</aspectratio>
                    <texture>$VAR[RatingMPAA,flagging/ratings/,.png]</texture>
                    <visible>!IsEmpty(ListItem.Mpaa)</visible>
                </control>
                <control type="image">
                    <description>Studio image</description>
                    <width>96</width>
                    <height>46</height>
                    <aspectratio align="center">keep</aspectratio>
                    <texture background="true">$INFO[ListItem.Studio,flagging/studio/,.png]</texture>
                    <visible>!IsEmpty(ListItem.Studio)</visible>
                </control>
                <visible>Container.Content(TVShows) | Container.Content(Seasons) | !Skin.HasSetting(hidegenreicons)</visible>
            </control>
            <control type="group">
                <left>0</left>
                <top>190</top>
                <include>MediaInfoPopup</include>
                <visible>!Skin.String(mediapopupcontrol,Hidden) + !IsEmpty(ListItem.Title) + !Container.OnNext + !Container.OnPrevious</visible>
                <visible>Control.IsVisible(730) + ![ListItem.IsFolder + Container.Content(Movies)]</visible>
                <control type="image">
                    <left>50</left>
                    <top>195</top>
                    <width>580</width>
                    <height>230</height>
                    <colordiffuse>AAFFFFFF</colordiffuse>
                    <texture border="20">ContentPanel.png</texture>
                </control>
                <control type="textbox">
                    <description>Description Value for Video</description>
                    <left>70</left>
                    <top>215</top>
                    <width>540</width>
                    <height>165</height>
                    <font>font12</font>
                    <align>justify</align>
                    <textcolor>white</textcolor>
                    <label>$VAR[VideoDescription]</label>
                    <autoscroll delay="3000" time="1800" repeat="10000">!Skin.HasSetting(disableautoscroll)</autoscroll>
                </control>
                <control type="label">
                    <left>70</left>
                    <top>385</top>
                    <width>540</width>
                    <height>30</height>
                    <font>font10</font>
                    <textcolor>white</textcolor>
                    <scroll>true</scroll>
                    <align>center</align>
                    <aligny>center</aligny>
                    <label>$INFO[ListItem.Duration,[B][COLOR=blue]$LOCALIZE[2050][/COLOR][/B] , $LOCALIZE[12391]] $INFO[ListItem.RatingAndVotes, [B][COLOR=blue]$LOCALIZE[563][/COLOR][/B] ]$INFO[ListItem.LastPlayed, [B][COLOR=blue]$LOCALIZE[568][/COLOR][/B] ]</label>
                </control>
            </control>
        </control>
    </include>
</includes>