<?xml version="1.0" encoding="utf-8"?>
<window type="dialog">
	<defaultcontrol always="true">100</defaultcontrol>
	<include>DialogEffect</include>
	<visible>Player.HasMedia + Window.IsActive(PlayerControls) + !Window.IsActive(FullscreenVideo) + !Window.IsActive(Visualisation)</visible>
	<coordinates>
		<system>1</system>
		<posx>390</posx>
		<posy>250</posy>
	</coordinates>
	<controls>
		<control type="image">
			<posx>5</posx>
			<posy>156</posy>
			<width>483</width>
			<height>53</height>
			<texture flipy="true" border="20,20,20,2">InfoMessagePanel.png</texture>
		</control>
		<control type="group" id="100">
			<posx>25</posx>
			<posy>162</posy>
			<defaultcontrol always="true">600</defaultcontrol>
			<visible>!VideoPlayer.Content(LiveTV)</visible>
			<control type="button" id="600">
				<posx>0</posx>
				<posy>0</posy>
				<width>40</width>
				<height>40</height>
				<label>-</label>
				<font>-</font>
				<texturefocus>OSDFullScreenFO.png</texturefocus>
				<texturenofocus>OSDFullScreenNF.png</texturenofocus>
				<onleft>611</onleft>
				<onright>601</onright>
				<onup>615</onup>
				<ondown>615</ondown>
				<onclick>Dialog.Close(playercontrols ,true)</onclick>
				<onclick>FullScreen</onclick>
				<visible>!VideoPlayer.Content(LiveTV)</visible>
			</control>
			<control type="button" id="601">
				<posx>40</posx>
				<posy>0</posy>
				<width>40</width>
				<height>40</height>
				<label>-</label>
				<font>-</font>
				<texturefocus>OSDPlaylistFO.png</texturefocus>
				<texturenofocus>OSDPlaylistNF.png</texturenofocus>
				<onleft>600</onleft>
				<onright>602</onright>
				<onup>615</onup>
				<ondown>615</ondown>
				<onclick>Dialog.Close(playercontrols ,true)</onclick>
				<onclick condition="Player.HasAudio">ActivateWindow(PlayListMusic)</onclick>
				<onclick condition="Player.HasVideo">ActivateWindow(PlayListVideo)</onclick>
				<visible>!VideoPlayer.Content(LiveTV)</visible>
			</control>
			<control type="button" id="602">
				<posx>80</posx>
				<posy>0</posy>
				<width>40</width>
				<height>40</height>
				<label>-</label>
				<texturefocus>OSDPrevTrackFO.png</texturefocus>
				<texturenofocus>OSDPrevTrackNF.png</texturenofocus>
				<onleft>601</onleft>
				<onright>603</onright>
				<onup>615</onup>
				<ondown>615</ondown>
				<onclick>XBMC.PlayerControl(Previous)</onclick>
				<visible>!VideoPlayer.Content(LiveTV)</visible>
			</control>
			<control type="button" id="603">
				<posx>120</posx>
				<posy>0</posy>
				<width>40</width>
				<height>40</height>
				<label>-</label>
				<texturefocus>OSDRewindFO.png</texturefocus>
				<texturenofocus>OSDRewindNF.png</texturenofocus>
				<onleft>602</onleft>
				<onright>604</onright>
				<onup>615</onup>
				<ondown>615</ondown>
				<onclick>XBMC.PlayerControl(Rewind)</onclick>
				<visible>!VideoPlayer.Content(LiveTV)</visible>
			</control>
			<control type="togglebutton" id="604">
				<posx>160</posx>
				<posy>0</posy>
				<width>40</width>
				<height>40</height>
				<label>-</label>
				<texturefocus>OSDPauseFO.png</texturefocus>
				<texturenofocus>OSDPauseNF.png</texturenofocus>
				<usealttexture>Player.Paused | Player.Forwarding | Player.Rewinding</usealttexture>
				<alttexturefocus>OSDPlayFO.png</alttexturefocus>
				<alttexturenofocus>OSDPlayNF.png</alttexturenofocus>
				<onleft>603</onleft>
				<onright>605</onright>
				<onup>615</onup>
				<ondown>615</ondown>
				<onclick>XBMC.PlayerControl(Play)</onclick>
				<visible>!VideoPlayer.Content(LiveTV)</visible>
			</control>
			<control type="button" id="605">
				<posx>200</posx>
				<posy>0</posy>
				<width>40</width>
				<height>40</height>
				<label>-</label>
				<texturefocus>OSDStopFO.png</texturefocus>
				<texturenofocus>OSDStopNF.png</texturenofocus>
				<onleft>604</onleft>
				<onright>606</onright>
				<onup>615</onup>
				<ondown>615</ondown>
				<onclick>down</onclick>
				<onclick>XBMC.PlayerControl(Stop)</onclick>
				<visible>!VideoPlayer.Content(LiveTV)</visible>
			</control>
			<control type="button" id="606">
				<posx>240</posx>
				<posy>0</posy>
				<width>40</width>
				<height>40</height>
				<label>-</label>
				<texturefocus>OSDForwardFO.png</texturefocus>
				<texturenofocus>OSDForwardNF.png</texturenofocus>
				<onleft>605</onleft>
				<onright>607</onright>
				<onup>615</onup>
				<ondown>615</ondown>
				<onclick>XBMC.PlayerControl(Forward)</onclick>
				<visible>!VideoPlayer.Content(LiveTV)</visible>
			</control>
			<control type="button" id="607">
				<posx>280</posx>
				<posy>0</posy>
				<width>40</width>
				<height>40</height>
				<label>-</label>
				<texturefocus>OSDNextTrackFO.png</texturefocus>
				<texturenofocus>OSDNextTrackNF.png</texturenofocus>
				<onleft>606</onleft>
				<onright>608</onright>
				<onup>615</onup>
				<ondown>615</ondown>
				<onclick>XBMC.PlayerControl(Next)</onclick>
				<visible>!VideoPlayer.Content(LiveTV)</visible>
			</control>
			<control type="button" id="608">
				<posx>320</posx>
				<posy>0</posy>
				<width>40</width>
				<height>40</height>
				<label>-</label>
				<texturefocus>OSDRecordOffFO.png</texturefocus>
				<texturenofocus>OSDRecordOffNF.png</texturenofocus>
				<onleft>607</onleft>
				<onright>609</onright>
				<onup>615</onup>
				<ondown>615</ondown>
				<onclick>XBMC.PlayerControl(record)</onclick>
				<enable>Player.CanRecord</enable>
				<animation effect="fade" start="100" end="30" time="100" condition="!Player.CanRecord">Conditional</animation>
				<visible>!VideoPlayer.Content(LiveTV)</visible>
			</control>
			<control type="group">
				<animation effect="slide" start="0,0" end="40,0" time="0" condition="!Player.HasAudio">Conditional</animation>
				<control type="button" id="609">
					<posx>325</posx>
					<posy>0</posy>
					<width>40</width>
					<height>40</height>
					<label>-</label>
					<texturefocus>-</texturefocus>
					<texturenofocus>-</texturenofocus>
					<onclick>XBMC.PlayerControl(Repeat)</onclick>
					<onleft>608</onleft>
					<onright>610</onright>
					<onup>615</onup>
					<ondown>615</ondown>
					<visible>!VideoPlayer.Content(LiveTV)</visible>
				</control>
				<control type="image">
					<posx>325</posx>
					<posy>0</posy>
					<width>40</width>
					<height>40</height>
					<texture>OSD/OSDRepeatNF.png</texture>
					<visible>!Playlist.IsRepeat + !Playlist.IsRepeatOne</visible>
					<visible>!Control.HasFocus(609)</visible>
					<visible>!VideoPlayer.Content(LiveTV)</visible>
				</control>
				<control type="image">
					<posx>325</posx>
					<posy>0</posy>
					<width>40</width>
					<height>40</height>
					<texture>OSD/OSDRepeatFO.png</texture>
					<visible>!Playlist.IsRepeat + !Playlist.IsRepeatOne</visible>
					<visible>Control.HasFocus(609)</visible>
					<visible>!VideoPlayer.Content(LiveTV)</visible>
				</control>
				<control type="image">
					<posx>325</posx>
					<posy>0</posy>
					<width>40</width>
					<height>40</height>
					<texture>OSD/OSDRepeatOneNF.png</texture>
					<visible>Playlist.IsRepeatOne</visible>
					<visible>!Control.HasFocus(609)</visible>
					<visible>!VideoPlayer.Content(LiveTV)</visible>
				</control>
				<control type="image">
					<posx>325</posx>
					<posy>0</posy>
					<width>40</width>
					<height>40</height>
					<texture>OSD/OSDRepeatOneFO.png</texture>
					<visible>Playlist.IsRepeatOne</visible>
					<visible>Control.HasFocus(609)</visible>
					<visible>!VideoPlayer.Content(LiveTV)</visible>
				</control>
				<control type="image">
					<posx>325</posx>
					<posy>0</posy>
					<width>40</width>
					<height>40</height>
					<texture>OSD/OSDRepeatAllNF.png</texture>
					<visible>Playlist.IsRepeat</visible>
					<visible>!Control.HasFocus(609)</visible>
					<visible>!VideoPlayer.Content(LiveTV)</visible>
				</control>
				<control type="image">
					<posx>325</posx>
					<posy>0</posy>
					<width>40</width>
					<height>40</height>
					<texture>OSD/OSDRepeatAllFO.png</texture>
					<visible>Playlist.IsRepeat</visible>
					<visible>Control.HasFocus(609)</visible>
					<visible>!VideoPlayer.Content(LiveTV)</visible>
				</control>
				<control type="togglebutton" id="610">
					<posx>365</posx>
					<posy>0</posy>
					<width>40</width>
					<height>40</height>
					<label>-</label>
					<texturefocus>OSDRandomOffFO.png</texturefocus>
					<texturenofocus>OSDRandomOffNF.png</texturenofocus>
					<usealttexture>Playlist.IsRandom</usealttexture>
					<alttexturefocus>OSDRandomOnFO.png</alttexturefocus>
					<alttexturenofocus>OSDRandomOnNF.png</alttexturenofocus>
					<onclick>XBMC.PlayerControl(Random)</onclick>
					<onleft>609</onleft>
					<onright>611</onright>
					<onup>615</onup>
					<ondown>615</ondown>
					<visible>!VideoPlayer.Content(LiveTV)</visible>
				</control>
				<control type="togglebutton" id="611">
					<posx>405</posx>
					<posy>0</posy>
					<width>40</width>
					<height>40</height>
					<label>31128</label>
					<font>-</font>
					<texturefocus>OSDLyricsFO.png</texturefocus>
					<texturenofocus>OSDLyricsNF.png</texturenofocus>
					<alttexturefocus>OSDLyricsFO.png</alttexturefocus>
					<alttexturenofocus>OSDLyricsNF.png</alttexturenofocus>
					<onleft>610</onleft>
					<onright>600</onright>
					<onup>615</onup>
					<ondown>615</ondown>
					<onclick>Close</onclick>
					<onclick>XBMC.RunScript($INFO[Skin.String(LyricScript.Path)])</onclick>
					<altclick>Skin.SetAddon(LyricScript.Path,xbmc.python.lyrics)</altclick>
					<altclick>Close</altclick>
					<altclick>XBMC.RunScript($INFO[Skin.String(LyricScript.Path)])</altclick>
					<usealttexture>IsEmpty(Skin.String(LyricScript.Path))</usealttexture>
					<visible>Player.HasAudio</visible>
					<visible>!VideoPlayer.Content(LiveTV)</visible>
				</control>
			</control>
		</control>
		<control type="group" id="100">
			<posx>25</posx>
			<posy>162</posy>
			<defaultcontrol always="true">700</defaultcontrol>
			<visible>VideoPlayer.Content(LiveTV)</visible>
			<control type="button" id="701">
				<posx>0</posx>
				<posy>0</posy>
				<width>40</width>
				<height>40</height>
				<label>-</label>
				<texturefocus>OSDRewindFO.png</texturefocus>
				<texturenofocus>OSDRewindNF.png</texturenofocus>
				<onleft>706</onleft>
				<onright>702</onright>
				<onup>615</onup>
				<ondown>615</ondown>
				<onclick>XBMC.PlayerControl(Rewind)</onclick>
				<visible>VideoPlayer.Content(LiveTV)</visible>
				<enable>false</enable>
				<animation effect="fade" start="100" end="50" time="100" condition="true">Conditional</animation>
			</control>
			<control type="button" id="702">
				<posx>40</posx>
				<posy>0</posy>
				<width>40</width>
				<height>40</height>
				<label>-</label>
				<texturefocus>OSDStopFO.png</texturefocus>
				<texturenofocus>OSDStopNF.png</texturenofocus>
				<onleft>701</onleft>
				<onright>703</onright>
				<onup>615</onup>
				<ondown>615</ondown>
				<onclick>down</onclick>
				<onclick>XBMC.PlayerControl(Stop)</onclick>
				<visible>VideoPlayer.Content(LiveTV)</visible>
			</control>
			<control type="togglebutton" id="703">
				<posx>80</posx>
				<posy>0</posy>
				<width>40</width>
				<height>40</height>
				<label>-</label>
				<texturefocus>OSDPauseFO.png</texturefocus>
				<texturenofocus>OSDPauseNF.png</texturenofocus>
				<usealttexture>Player.Paused | Player.Forwarding | Player.Rewinding</usealttexture>
				<alttexturefocus>OSDPlayFO.png</alttexturefocus>
				<alttexturenofocus>OSDPlayNF.png</alttexturenofocus>
				<onleft>702</onleft>
				<onright>704</onright>
				<onup>615</onup>
				<ondown>615</ondown>
				<onclick>XBMC.PlayerControl(Play)</onclick>
				<visible>VideoPlayer.Content(LiveTV)</visible>
				<enable>false</enable>
				<animation effect="fade" start="100" end="50" time="100" condition="true">Conditional</animation>
			</control>
			<control type="button" id="704">
				<posx>120</posx>
				<posy>0</posy>
				<width>40</width>
				<height>40</height>
				<label>-</label>
				<texturefocus>OSDForwardFO.png</texturefocus>
				<texturenofocus>OSDForwardNF.png</texturenofocus>
				<onleft>703</onleft>
				<onright>700</onright>
				<onup>615</onup>
				<ondown>615</ondown>
				<onclick>XBMC.PlayerControl(Forward)</onclick>
				<visible>VideoPlayer.Content(LiveTV)</visible>
				<enable>false</enable>
				<animation effect="fade" start="100" end="50" time="100" condition="true">Conditional</animation>
			</control>
			<control type="button" id="700">
				<posx>200</posx>
				<posy>0</posy>
				<width>40</width>
				<height>40</height>
				<label>-</label>
				<texturefocus>OSDChannelUPFO.png</texturefocus>
				<texturenofocus>OSDChannelUPNF.png</texturenofocus>
				<onleft>704</onleft>
				<onright>705</onright>
				<onup>615</onup>
				<ondown>615</ondown>
				<onclick>XBMC.PlayerControl(Previous)</onclick>
				<visible>VideoPlayer.Content(LiveTV)</visible>
			</control>
			<control type="button" id="705">
				<posx>240</posx>
				<posy>0</posy>
				<width>40</width>
				<height>40</height>
				<label>-</label>
				<texturefocus>OSDChannelDownFO.png</texturefocus>
				<texturenofocus>OSDChannelDownNF.png</texturenofocus>
				<onleft>700</onleft>
				<onright>706</onright>
				<onup>615</onup>
				<ondown>615</ondown>
				<onclick>XBMC.PlayerControl(Next)</onclick>
				<visible>VideoPlayer.Content(LiveTV)</visible>
			</control>
			<control type="button" id="706">
				<posx>280</posx>
				<posy>0</posy>
				<width>40</width>
				<height>40</height>
				<label>-</label>
				<texturefocus>OSDRecordOffFO.png</texturefocus>
				<texturenofocus>OSDRecordOffNF.png</texturenofocus>
				<onleft>705</onleft>
				<onright>701</onright>
				<onup>615</onup>
				<ondown>615</ondown>
				<onclick>XBMC.PlayerControl(record)</onclick>
				<enable>Player.CanRecord</enable>
				<animation effect="fade" start="100" end="30" time="100" condition="!Player.CanRecord">Conditional</animation>
				<visible>VideoPlayer.Content(LiveTV)</visible>
			</control>
		</control>
		<!-- Music Info -->
		<control type="image">
			<description>gradient</description>
			<posx>0</posx>
			<posy>0</posy>
			<width>500</width>
			<height>165</height>
			<colordiffuse>CCFFFFFF</colordiffuse>
			<visible>Window.IsVisible(home)</visible>
			<texture border="20">OverlayDialogBackground.png</texture>
		</control>
		<control type="group">
			<visible>Player.HasAudio</visible>
			<include>SmallMusicInfo</include>
		</control>
		<!-- Video Info -->
		<control type="group">
			<visible>Player.HasVideo</visible>
			<include>SmallVideoInfo</include>
		</control>
		<control type="button" id="615">
			<description>Close Window button</description>
			<posx>420</posx>
			<posy>5</posy>
			<width>64</width>
			<height>32</height>
			<label>-</label>
			<font>-</font>
			<onclick>back</onclick>
			<texturefocus>DialogCloseButton-focus.png</texturefocus>
			<texturenofocus>DialogCloseButton.png</texturenofocus>
			<onleft>100</onleft>
			<onright>100</onright>
			<onup>100</onup>
			<ondown>100</ondown>
			<visible>system.getbool(input.enablemouse)</visible>
		</control>
	</controls>
</window>