<?xml version="1.0" encoding="utf-8"?>
<window>
	<defaultcontrol always="true">50</defaultcontrol>
	<allowoverlay>no</allowoverlay>
	<views>50,51,550,551</views>
	<controls>
		<include>CommonBackground</include>
		<include>ContentPanelBackgrounds</include>
		<control type="group">
			<include>Window_OpenClose_Animation</include>
			<include>CommonRootView</include>
			<!-- view id = 50 -->
			<include>FullWidthList</include>
			<!-- view id = 51 -->
			<include>AddonInfoListView1</include>
			<!-- view id = 550 -->
			<include>AddonInfoThumbView1</include>
			<!-- view id = 551 -->
		</control>
		<include condition="!Skin.HasSetting(HideNumItemsCount)">CommonPageCount</include>
		<include>CommonNowPlaying</include>
		<include>MainWindowMouseButtons</include>
		<include>BehindDialogFadeOut</include>
		<control type="group">
			<visible>!Skin.HasSetting(KioskMode)</visible>
			<posx>-250</posx>
			<include>SideBladeLeft</include>
			<control type="grouplist" id="9000">
				<posx>0</posx>
				<posy>110</posy>
				<width>250</width>
				<height>600</height>
				<onleft condition="Skin.HasSetting(DisableHomeReturnButtons)">9000</onleft>
				<onleft condition="!Skin.HasSetting(DisableHomeReturnButtons)">83</onleft>
				<onright>50</onright>
				<onup>9000</onup>
				<ondown>9000</ondown>
				<onback>50</onback>
				<itemgap>0</itemgap>
				<control type="label" id="200">
					<width>250</width>
					<height>35</height>
					<font>font12</font>
					<label>31006</label>
					<textcolor>blue</textcolor>
					<align>center</align>
					<aligny>center</aligny>
				</control>
				<control type="button" id="2">
					<description>View As button</description>
					<textwidth>235</textwidth>
					<include>ButtonCommonValues</include>
					<label>-</label>
				</control>
				<control type="button" id="3">
					<description>Sort by button</description>
					<include>ButtonCommonValues</include>
					<label>103</label>
				</control>
				<control type="togglebutton" id="4">
					<description>Sort asc</description>
					<include>ButtonCommonValues</include>
					<alttexturefocus border="5">button-focus.png</alttexturefocus>
					<alttexturenofocus>-</alttexturenofocus>
					<label>31051</label>
					<altlabel>31050</altlabel>
					<usealttexture>Container.SortDirection(Ascending)</usealttexture>
				</control>
				<control type="label" id="201">
					<width>250</width>
					<height>35</height>
					<font>font12</font>
					<label>31026</label>
					<textcolor>blue</textcolor>
					<align>center</align>
					<aligny>center</aligny>
				</control>
				<control type="radiobutton" id="5">
					<description>Enable auto-updates</description>
					<posx>0</posx>
					<posy>130</posy>
					<include>ButtonCommonValues</include>
					<label>24063</label>
				</control>
				<control type="radiobutton" id="6">
					<description>No notifications</description>
					<posx>0</posx>
					<posy>170</posy>
					<include>ButtonCommonValues</include>
					<label>25000</label>
				</control>
				<control type="radiobutton" id="7">
					<description>Hide foreign</description>
					<posx>0</posx>
					<posy>210</posy>
					<include>ButtonCommonValues</include>
					<label>25001</label>
				</control>
				<include>CommonNowPlaying_Controls</include>
			</control>
		</control>
		<include>UserLocalInfo</include>
	</controls>
</window>