<?xml version="1.0" encoding="utf-8"?>
<window>
	<allowoverlay>no</allowoverlay>
	<defaultcontrol>9000</defaultcontrol>
	<coordinates>
		<system>1</system>
		<posx>0</posx>
		<posy>0</posy>
	</coordinates>
	<controls>
		<control type="group" id="100">
			<control type="group">
				<visible>!Skin.HasSetting(HideBackGroundFanart) + !Skin.HasSetting(HideWidgetFanArt)</visible>
				<include>VisibleFadeEffect</include>
				<control type="image">
					<include>Dimensions_Fullscreen</include>
					<texture background="true">$INFO[Skin.String(SearchBtnBackground)]</texture>
					<aspectratio>scale</aspectratio>
					<fadetime>FanartCrossfadeTime</fadetime>
					<include>VisibleFadeEffect</include>
					<visible>!IsEmpty(Skin.String(SearchBtnBackground))</visible>
				</control>
				<control type="image">
					<include>Dimensions_Fullscreen</include>
					<texture background="true">$INFO[Container(111).ListItem.Property(Fanart)]</texture>
					<aspectratio>scale</aspectratio>
					<fadetime>FanartCrossfadeTime</fadetime>
					<include>VisibleFadeEffect</include>
					<visible>Control.HasFocus(111)</visible>
				</control>
				<control type="image">
					<include>Dimensions_Fullscreen</include>
					<texture background="true">$INFO[Container(121).ListItem.Property(Fanart)]</texture>
					<aspectratio>scale</aspectratio>
					<fadetime>FanartCrossfadeTime</fadetime>
					<include>VisibleFadeEffect</include>
					<visible>Control.HasFocus(121)</visible>
				</control>
				<control type="image">
					<include>Dimensions_Fullscreen</include>
					<texture background="true">$INFO[Container(131).ListItem.Property(Fanart)]</texture>
					<aspectratio>scale</aspectratio>
					<fadetime>FanartCrossfadeTime</fadetime>
					<include>VisibleFadeEffect</include>
					<visible>Control.HasFocus(131)</visible>
				</control>
				<control type="image">
					<include>Dimensions_Fullscreen</include>
					<texture background="true">$INFO[Container(141).ListItem.Property(Fanart)]</texture>
					<aspectratio>scale</aspectratio>
					<fadetime>FanartCrossfadeTime</fadetime>
					<include>VisibleFadeEffect</include>
					<visible>Control.HasFocus(141)</visible>
				</control>
				<control type="image">
					<include>Dimensions_Fullscreen</include>
					<texture background="true">$INFO[Container(151).ListItem.Property(Fanart)]</texture>
					<aspectratio>scale</aspectratio>
					<fadetime>FanartCrossfadeTime</fadetime>
					<include>VisibleFadeEffect</include>
					<visible>Control.HasFocus(151)</visible>
				</control>
				<control type="image">
					<include>Dimensions_Fullscreen</include>
					<texture background="true">$INFO[Container(161).ListItem.Property(Fanart)]</texture>
					<aspectratio>scale</aspectratio>
					<fadetime>FanartCrossfadeTime</fadetime>
					<include>VisibleFadeEffect</include>
					<visible>Control.HasFocus(161)</visible>
				</control>
				<control type="image">
					<include>Dimensions_Fullscreen</include>
					<texture background="true">$INFO[Container(171).ListItem.Property(Fanart)]</texture>
					<aspectratio>scale</aspectratio>
					<fadetime>FanartCrossfadeTime</fadetime>
					<include>VisibleFadeEffect</include>
					<visible>Control.HasFocus(171)</visible>
				</control>
				<control type="image">
					<include>Dimensions_Fullscreen</include>
					<texture background="true">$INFO[Container(181).ListItem.Property(Fanart)]</texture>
					<aspectratio>scale</aspectratio>
					<fadetime>FanartCrossfadeTime</fadetime>
					<include>VisibleFadeEffect</include>
					<visible>Control.HasFocus(181)</visible>
				</control>
			</control>
			<control type="image">
				<include>Dimensions_Fullscreen</include>
				<texture>black-back.png</texture>
				<include condition="!IsEmpty(Skin.String(MediaPanelTrans))">TransparentEffect</include>
				<animation effect="fade" time="400">WindowOpen</animation>
				<animation effect="fade" time="200">WindowClose</animation>
			</control>
			<control type="image">
				<posx>0</posx>
				<posy>100r</posy>
				<width>1280</width>
				<height>100</height>
				<aspectratio>stretch</aspectratio>
				<include>VisibleFadeEffect</include>
				<texture>floor.png</texture>
			</control>
			<control type="group">
				<posx>240r</posx>
				<posy>55r</posy>
				<animation effect="fade" time="250" condition="Window.Previous(Home)">WindowOpen</animation>
				<animation effect="fade" time="250" condition="Window.Next(Home)">WindowClose</animation>
				<visible>!Skin.HasSetting(DisableHomeReturnButtons)</visible>
				<control type="button" id="80">
					<description>Volume Up button</description>
					<posx>0</posx>
					<posy>0</posy>
					<width>45</width>
					<height>45</height>
					<label>1036</label>
					<font>-</font>
					<aligny>-</aligny>
					<onclick>$VAR[VolumeStepUp]</onclick>
					<onclick>VolumeUp</onclick>
					<texturefocus border="5">floor_buttonFO.png</texturefocus>
					<texturenofocus border="5">floor_button.png</texturenofocus>
					<onleft condition="Player.HasMedia + !SubString(Window(videolibrary).Property(TvTunesIsAlive),TRUE)">84</onleft>
					<onleft condition="!Player.HasMedia + !SubString(Window(videolibrary).Property(TvTunesIsAlive),TRUE)">9000</onleft>
					<onright>81</onright>
					<onup>9000</onup>
					<ondown>9000</ondown>
					<visible>!Skin.HasSetting(DisableFloorVolumeButtons)</visible>
					<visible>Player.HasMedia + !SubString(Window(videolibrary).Property(TvTunesIsAlive),TRUE)</visible>
				</control>
				<control type="image">
					<description>volume Icon</description>
					<posx>5</posx>
					<posy>5</posy>
					<width>35</width>
					<height>35</height>
					<aspectratio>keep</aspectratio>
					<texture>icon_volplus.png</texture>
					<visible>!Skin.HasSetting(DisableFloorVolumeButtons)</visible>
					<visible>Player.HasMedia + !SubString(Window(videolibrary).Property(TvTunesIsAlive),TRUE)</visible>
				</control>
				<control type="button" id="81">
					<description>Volume Down button</description>
					<posx>55</posx>
					<posy>0</posy>
					<width>45</width>
					<height>45</height>
					<label>1036</label>
					<font>-</font>
					<aligny>-</aligny>
					<onclick>$VAR[VolumeStepDown]</onclick>
					<onclick>VolumeDown</onclick>
					<texturefocus border="5">floor_buttonFO.png</texturefocus>
					<texturenofocus border="5">floor_button.png</texturenofocus>
					<onleft>80</onleft>
					<onright>82</onright>
					<onup>9000</onup>
					<ondown>9000</ondown>
					<visible>!Skin.HasSetting(DisableFloorVolumeButtons)</visible>
					<visible>Player.HasMedia + !SubString(Window(videolibrary).Property(TvTunesIsAlive),TRUE)</visible>
				</control>
				<control type="image">
					<description>Volume Icon</description>
					<posx>60</posx>
					<posy>5</posy>
					<width>35</width>
					<height>35</height>
					<aspectratio>keep</aspectratio>
					<texture>icon_volminus.png</texture>
					<visible>!Skin.HasSetting(DisableFloorVolumeButtons)</visible>
					<visible>Player.HasMedia + !SubString(Window(videolibrary).Property(TvTunesIsAlive),TRUE)</visible>
				</control>
				<control type="button" id="82">
					<description>Back push button</description>
					<posx>110</posx>
					<posy>0</posy>
					<width>45</width>
					<height>45</height>
					<label>1036</label>
					<font>-</font>
					<aligny>-</aligny>
					<onclick>back</onclick>
					<texturefocus border="5">floor_buttonFO.png</texturefocus>
					<texturenofocus border="5">floor_button.png</texturenofocus>
					<onleft>81</onleft>
					<onright>83</onright>
					<onup>9000</onup>
					<ondown>9000</ondown>
				</control>
				<control type="image">
					<description>Back Icon</description>
					<posx>115</posx>
					<posy>5</posy>
					<width>35</width>
					<height>35</height>
					<aspectratio>keep</aspectratio>
					<texture>icon_back.png</texture>
				</control>
				<control type="button" id="83">
					<description>Home push button</description>
					<posx>165</posx>
					<posy>0</posy>
					<width>45</width>
					<height>45</height>
					<label>31003</label>
					<font>-</font>
					<aligny>-</aligny>
					<onclick>ActivateWindow(home)</onclick>
					<texturefocus border="5">floor_buttonFO.png</texturefocus>
					<texturenofocus border="5">floor_button.png</texturenofocus>
					<onleft>82</onleft>
					<onright>9000</onright>
					<onup>9000</onup>
					<ondown>9000</ondown>
				</control>
				<control type="image">
					<description>Home Icon</description>
					<posx>170</posx>
					<posy>5</posy>
					<width>35</width>
					<height>35</height>
					<aspectratio>keep</aspectratio>
					<texture>icon_home.png</texture>
				</control>
			</control>
			<control type="group">
				<posx>90</posx>
				<posy>45</posy>
				<animation type="WindowOpen" reversible="false">
					<effect type="zoom" start="80" end="100" center="640,360" easing="out" tween="back" time="300" />
					<effect type="fade" start="0" end="100" time="300" />
				</animation>
				<animation type="WindowClose" reversible="false">
					<effect type="zoom" start="100" end="80" center="640,360" easing="in" tween="back" time="300" />
					<effect type="fade" start="100" end="0" time="300" />
				</animation>
				<control type="image">
					<posx>5</posx>
					<posy>5</posy>
					<width>1090</width>
					<height>615</height>
					<texture border="15">ContentPanel.png</texture>
					<include condition="!IsEmpty(Skin.String(MediaPanelTrans))">TransparentEffect</include>
				</control>
				<control type="image">
					<posx>5</posx>
					<posy>607</posy>
					<width>1090</width>
					<height>64</height>
					<texture border="15">ContentPanelMirror.png</texture>
				</control>
				<control type="button">
					<description>Close Window button</description>
					<posx>980</posx>
					<posy>11</posy>
					<width>64</width>
					<height>32</height>
					<label>-</label>
					<font>-</font>
					<onclick>PreviousMenu</onclick>
					<texturefocus>DialogCloseButton-focus.png</texturefocus>
					<texturenofocus>DialogCloseButton.png</texturenofocus>
					<onleft>1</onleft>
					<onright>1</onright>
					<onup>1</onup>
					<ondown>1</ondown>
					<visible>system.getbool(input.enablemouse)</visible>
				</control>
				<control type="image">
					<description>LOGO</description>
					<posx>30</posx>
					<posy>10</posy>
					<width>220</width>
					<height>80</height>
					<aspectratio>keep</aspectratio>
					<texture>Confluence_Logo.png</texture>
				</control>
				<control type="list" id="9000">
					<posx>10</posx>
					<posy>80</posy>
					<width>260</width>
					<height>540</height>
					<onleft>9010</onleft>
					<onright>101</onright>
					<onup>9000</onup>
					<ondown>9000</ondown>
					<pagecontrol>-</pagecontrol>
					<scrolltime>300</scrolltime>
					<itemlayout height="60" width="260">
						<control type="image">
							<posx>0</posx>
							<posy>0</posy>
							<width>260</width>
							<height>61</height>
							<texture border="5">MenuItemNF.png</texture>
						</control>
						<control type="label">
							<posx>250</posx>
							<posy>4</posy>
							<width>380</width>
							<height>25</height>
							<font>font24_title</font>
							<textcolor>grey3</textcolor>
							<align>right</align>
							<aligny>center</aligny>
							<label>$VAR[MainItemLabel]</label>
						</control>
						<control type="label">
							<posx>250</posx>
							<posy>32</posy>
							<width>870</width>
							<height>20</height>
							<font>font13</font>
							<textcolor>grey2</textcolor>
							<align>right</align>
							<aligny>center</aligny>
							<label>$INFO[ListItem.Label2]</label>
						</control>
					</itemlayout>
					<focusedlayout height="60" width="260">
						<control type="image">
							<posx>0</posx>
							<posy>0</posy>
							<width>260</width>
							<height>61</height>
							<texture border="5">MenuItemFO.png</texture>
							<animation effect="fade" start="100" end="50" time="100" condition="!Control.HasFocus(9000)">Conditional</animation>
						</control>
						<control type="label">
							<posx>250</posx>
							<posy>4</posy>
							<width>380</width>
							<height>25</height>
							<font>font24_title</font>
							<textcolor>white</textcolor>
							<align>right</align>
							<aligny>center</aligny>
							<label>$VAR[MainItemLabel]</label>
						</control>
						<control type="label">
							<posx>250</posx>
							<posy>32</posy>
							<width>870</width>
							<height>20</height>
							<font>font13</font>
							<textcolor>grey2</textcolor>
							<align>right</align>
							<aligny>center</aligny>
							<label>$INFO[ListItem.Label2]</label>
						</control>
					</focusedlayout>
					<content>
						<item id="1">
							<label>$LOCALIZE[342]</label>
							<label2>$LOCALIZE[31206] $INFO[Control.GetLabel(110)] $LOCALIZE[31025]</label2>
							<onclick>noop</onclick>
							<visible>Control.IsVisible(119)</visible>
						</item>
						<item id="2">
							<label>$LOCALIZE[20343]</label>
							<label2>$LOCALIZE[31206] $INFO[Control.GetLabel(120)] $LOCALIZE[31025]</label2>
							<onclick>noop</onclick>
							<visible>Control.IsVisible(129)</visible>
						</item>
						<item id="3">
							<label>$LOCALIZE[33054]</label>
							<label2>$LOCALIZE[31206] $INFO[Control.GetLabel(130)] $LOCALIZE[31025]</label2>
							<onclick>noop</onclick>
							<visible>Control.IsVisible(139)</visible>
						</item>
						<item id="4">
							<label>$LOCALIZE[20360]</label>
							<label2>$LOCALIZE[31206] $INFO[Control.GetLabel(140)] $LOCALIZE[31025]</label2>
							<onclick>noop</onclick>
							<visible>Control.IsVisible(149)</visible>
						</item>
						<item id="5">
							<label>$LOCALIZE[20389]</label>
							<label2>$LOCALIZE[31206] $INFO[Control.GetLabel(150)] $LOCALIZE[31025]</label2>
							<onclick>noop</onclick>
							<visible>Control.IsVisible(159)</visible>
						</item>
						<item id="6">
							<label>$LOCALIZE[133]</label>
							<label2>$LOCALIZE[31206] $INFO[Control.GetLabel(160)] $LOCALIZE[31025]</label2>
							<onclick>noop</onclick>
							<visible>Control.IsVisible(169)</visible>
						</item>
						<item id="7">
							<label>$LOCALIZE[132]</label>
							<label2>$LOCALIZE[31206] $INFO[Control.GetLabel(170)] $LOCALIZE[31025]</label2>
							<onclick>noop</onclick>
							<visible>Control.IsVisible(179)</visible>
						</item>
						<item id="8">
							<label>$LOCALIZE[134]</label>
							<label2>$LOCALIZE[31206] $INFO[Control.GetLabel(180)] $LOCALIZE[31025]</label2>
							<onclick>noop</onclick>
							<visible>Control.IsVisible(189)</visible>
						</item>
						<item id="10">
							<label>[COLOR=blue]$INFO[Control.GetLabel(198)][/COLOR]</label>
							<label2>$LOCALIZE[31207]</label2>
							<onclick>Control.Setfocus(9000,0)</onclick>
							<onclick>SendClick(198)</onclick>
							<visible>Control.IsVisible(198)</visible>
						</item>
					</content>
				</control>
				<control type="image">
					<posx>268</posx>
					<posy>10</posy>
					<width>790</width>
					<height>603</height>
					<texture border="5">black-back2.png</texture>
				</control>
				<control type="image">
					<posx>268</posx>
					<posy>10</posy>
					<width>804</width>
					<height>100</height>
					<aspectratio>stretch</aspectratio>
					<texture>GlassTitleBar.png</texture>
				</control>
				<control type="label">
					<description>header label Finished Searching</description>
					<posx>300</posx>
					<posy>20</posy>
					<width>740</width>
					<height>30</height>
					<font>font16</font>
					<label>$INFO[Container(9000).ListItem.Label]</label>
					<align>left</align>
					<aligny>center</aligny>
					<textcolor>white</textcolor>
					<shadowcolor>black</shadowcolor>
					<visible>Control.IsVisible(198)</visible>
				</control>
				<control type="label">
					<description>header Label Still Searching</description>
					<posx>300</posx>
					<posy>20</posy>
					<width>740</width>
					<height>30</height>
					<font>font16</font>
					<label>$INFO[Control.GetLabel(190)] $INFO[Control.GetLabel(191)]</label>
					<align>left</align>
					<aligny>center</aligny>
					<textcolor>blue</textcolor>
					<shadowcolor>black</shadowcolor>
					<visible>!Control.IsVisible(198)</visible>
				</control>
				<control type="label" id="190">
					<!-- Hide this Control off the screen because we use the label above instead -->
					<posx>2000</posx>
					<posy>2000</posy>
					<width>100</width>
					<height>0</height>
					<label>-</label>
					<font>-</font>
					<textcolor>-</textcolor>
				</control>
				<control type="label" id="191">
					<!-- Hide this Control off the screen because we use the label above instead -->
					<posx>2000</posx>
					<posy>2000</posy>
					<width>100</width>
					<height>0</height>
					<label>-</label>
					<font>-</font>
				</control>
				<control type="label" id="199">
					<posx>40</posx>
					<posy>358</posy>
					<width>1200</width>
					<height>20</height>
					<label>[B]$LOCALIZE[284][/B]</label>
					<font>font16caps</font>
					<textcolor>FFFFFFFF</textcolor>
					<align>center</align>
					<aligny>center</aligny>
				</control>
			</control>
			<control type="group">
				<animation type="WindowOpen" reversible="false">
					<effect type="zoom" start="80" end="100" center="640,360" easing="out" tween="back" time="300" />
					<effect type="fade" start="0" end="100" time="300" />
				</animation>
				<animation type="WindowClose" reversible="false">
					<effect type="zoom" start="100" end="80" center="640,360" easing="in" tween="back" time="300" />
					<effect type="fade" start="100" end="0" time="300" />
				</animation>
				<posx>380</posx>
				<posy>105</posy>
				<control type="button" id="198">
					<!-- Hide this button  off the screen because we use the list above to pass to it instead -->
					<posx>2000</posx>
					<posy>2000</posy>
					<width>10</width>
					<height>10</height>
					<label>-</label>
					<font>font10</font>
					<textcolor>FFFFFFFF</textcolor>
					<align>center</align>
					<aligny>center</aligny>
					<texturefocus border="5">button-focus.png</texturefocus>
					<texturenofocus border="5">button-nofocus.png</texturenofocus>
					<onup>101</onup>
					<ondown>101</ondown>
					<onleft>101</onleft>
					<onright>101</onright>
				</control>
				<control type="group" id="101">
					<control type="group" id="119">
						<posx>0</posx>
						<posy>0</posy>
						<width>750</width>
						<height>530</height>
						<control type="label" id="110">
							<!-- Hide this Control off the screen because we use the list above to pass to it instead -->
							<posx>2000</posx>
							<posy>2000</posy>
							<width>100</width>
							<height>0</height>
							<label>-</label>
							<font>-</font>
							<textcolor>-</textcolor>
						</control>
						<control type="panel" id="111">
							<visible>Container(9000).HasFocus(1)</visible>
							<include>VisibleFadeEffect</include>
							<posx>0</posx>
							<posy>0</posy>
							<width>750</width>
							<height>520</height>
							<onleft>9000</onleft>
							<onright>118</onright>
							<onup>111</onup>
							<ondown>111</ondown>
							<viewtype label="535">panel</viewtype>
							<preloaditems>2</preloaditems>
							<pagecontrol>118</pagecontrol>
							<itemlayout width="375" height="130">
								<control type="image">
									<posx>0</posx>
									<posy>0</posy>
									<width>370</width>
									<height>125</height>
									<texture border="5">button-nofocus.png</texture>
								</control>
								<control type="image">
									<posx>5</posx>
									<posy>5</posy>
									<width>80</width>
									<height>115</height>
									<texture background="true">$INFO[ListItem.Icon]</texture>
								</control>
								<control type="image">
									<posx>50</posx>
									<posy>70</posy>
									<width>30</width>
									<height>30</height>
									<texture>OverlayWatched.png</texture>
									<visible>IntegerGreaterThan(ListItem.Property(PlayCount),0)</visible>
								</control>
								<control type="label">
									<posx>100</posx>
									<posy>10</posy>
									<width>265</width>
									<height>12</height>
									<label>[B]$INFO[ListItem.Label][/B]</label>
									<font>font12</font>
									<textcolor>white</textcolor>
									<aligny>center</aligny>
								</control>
								<control type="label">
									<posx>100</posx>
									<posy>30</posy>
									<width>265</width>
									<height>15</height>
									<label>$INFO[ListItem.Property(Year),, - ]$INFO[ListItem.Property(Duration),, $LOCALIZE[12391]]</label>
									<font>font12</font>
									<textcolor>grey2</textcolor>
									<aligny>center</aligny>
									<visible>!SubString(ListItem.Property(Duration),min)</visible>
								</control>
								<control type="label">
									<posx>100</posx>
									<posy>30</posy>
									<width>265</width>
									<height>15</height>
									<label>$INFO[ListItem.Property(Year),, - ]$INFO[ListItem.Property(Duration)]</label>
									<font>font12</font>
									<textcolor>grey2</textcolor>
									<aligny>center</aligny>
									<visible>SubString(ListItem.Property(Duration),min)</visible>
								</control>
								<control type="textbox">
									<posx>100</posx>
									<posy>45</posy>
									<width>265</width>
									<height>75</height>
									<label>$INFO[ListItem.Property(Tagline)]</label>
									<font>font10</font>
									<textcolor>white</textcolor>
								</control>
								<control type="textbox">
									<posx>100</posx>
									<posy>45</posy>
									<width>265</width>
									<height>75</height>
									<label>$INFO[ListItem.Property(PlotOutline)]</label>
									<font>font10</font>
									<textcolor>white</textcolor>
									<visible>IsEmpty(ListItem.Property(TagLine))</visible>
								</control>
								<control type="textbox">
									<posx>100</posx>
									<posy>45</posy>
									<width>265</width>
									<height>75</height>
									<label>$INFO[ListItem.Property(Plot)]</label>
									<font>font10</font>
									<textcolor>white</textcolor>
									<visible>IsEmpty(ListItem.Property(TagLine)) + IsEmpty(ListItem.Property(PlotOutline))</visible>
								</control>
							</itemlayout>
							<focusedlayout width="375" height="130">
								<control type="image">
									<posx>0</posx>
									<posy>0</posy>
									<width>370</width>
									<height>125</height>
									<texture border="5">button-focus2.png</texture>
								</control>
								<control type="image">
									<posx>5</posx>
									<posy>5</posy>
									<width>80</width>
									<height>115</height>
									<texture background="true">$INFO[ListItem.Icon]</texture>
								</control>
								<control type="image">
									<posx>50</posx>
									<posy>70</posy>
									<width>30</width>
									<height>30</height>
									<texture>OverlayWatched.png</texture>
									<visible>IntegerGreaterThan(ListItem.Property(PlayCount),0)</visible>
								</control>
								<control type="label">
									<posx>100</posx>
									<posy>10</posy>
									<width>265</width>
									<height>12</height>
									<label>[B]$INFO[ListItem.Label][/B]</label>
									<font>font12</font>
									<textcolor>white</textcolor>
									<aligny>center</aligny>
								</control>
								<control type="label">
									<posx>100</posx>
									<posy>30</posy>
									<width>265</width>
									<height>15</height>
									<label>$INFO[ListItem.Property(Year),, - ]$INFO[ListItem.Property(Duration),, $LOCALIZE[12391]]</label>
									<font>font12</font>
									<textcolor>grey2</textcolor>
									<aligny>center</aligny>
									<visible>!SubString(ListItem.Property(Duration),min)</visible>
								</control>
								<control type="label">
									<posx>100</posx>
									<posy>30</posy>
									<width>265</width>
									<height>15</height>
									<label>$INFO[ListItem.Property(Year),, - ]$INFO[ListItem.Property(Duration)]</label>
									<font>font12</font>
									<textcolor>grey2</textcolor>
									<aligny>center</aligny>
									<visible>SubString(ListItem.Property(Duration),min)</visible>
								</control>
								<control type="textbox">
									<posx>100</posx>
									<posy>45</posy>
									<width>265</width>
									<height>75</height>
									<label>$INFO[ListItem.Property(Tagline)]</label>
									<font>font10</font>
									<textcolor>white</textcolor>
								</control>
								<control type="textbox">
									<posx>100</posx>
									<posy>45</posy>
									<width>265</width>
									<height>75</height>
									<label>$INFO[ListItem.Property(PlotOutline)]</label>
									<font>font10</font>
									<textcolor>white</textcolor>
									<visible>IsEmpty(ListItem.Property(TagLine))</visible>
								</control>
								<control type="textbox">
									<posx>100</posx>
									<posy>45</posy>
									<width>265</width>
									<height>75</height>
									<label>$INFO[ListItem.Property(Plot)]</label>
									<font>font10</font>
									<textcolor>white</textcolor>
									<visible>IsEmpty(ListItem.Property(TagLine)) + IsEmpty(ListItem.Property(PlotOutline))</visible>
								</control>
							</focusedlayout>
						</control>
						<control type="scrollbar" id="118">
							<posx>770</posx>
							<posy>0</posy>
							<width>25</width>
							<height>520</height>
							<texturesliderbackground border="0,14,0,14">ScrollBarV.png</texturesliderbackground>
							<texturesliderbar border="0,14,0,14">ScrollBarV_bar.png</texturesliderbar>
							<texturesliderbarfocus border="0,14,0,14">ScrollBarV_bar_focus.png</texturesliderbarfocus>
							<textureslidernib>ScrollBarNib.png</textureslidernib>
							<textureslidernibfocus>ScrollBarNib.png</textureslidernibfocus>
							<onleft>111</onleft>
							<onright condition="Skin.HasSetting(DisableHomeReturnButtons)">9000</onright>
							<onright condition="!Skin.HasSetting(DisableHomeReturnButtons)">82</onright>
							<showonepage>true</showonepage>
							<orientation>vertical</orientation>
							<visible>Container(9000).Hasfocus(1)</visible>
						</control>
					</control>
					<control type="group" id="129">
						<posx>0</posx>
						<posy>0</posy>
						<width>750</width>
						<height>530</height>
						<control type="label" id="120">
							<!-- Hide this Control off the screen because we use the list above to pass to it instead -->
							<posx>2000</posx>
							<posy>2000</posy>
							<width>100</width>
							<height>0</height>
							<label>-</label>
							<font>-</font>
							<textcolor>-</textcolor>
						</control>
						<control type="panel" id="121">
							<visible>Container(9000).HasFocus(2)</visible>
							<include>VisibleFadeEffect</include>
							<posx>0</posx>
							<posy>0</posy>
							<width>750</width>
							<height>525</height>
							<onleft>9000</onleft>
							<onright>128</onright>
							<onup>121</onup>
							<ondown>121</ondown>
							<viewtype label="535">panel</viewtype>
							<preloaditems>2</preloaditems>
							<pagecontrol>128</pagecontrol>
							<itemlayout width="375" height="175">
								<control type="image">
									<posx>0</posx>
									<posy>0</posy>
									<width>370</width>
									<height>170</height>
									<texture border="5">button-nofocus.png</texture>
								</control>
								<control type="image">
									<posx>5</posx>
									<posy>5</posy>
									<width>360</width>
									<height>65</height>
									<texture background="true">$INFO[ListItem.Icon]</texture>
								</control>
								<control type="image">
									<posx>330</posx>
									<posy>70</posy>
									<width>30</width>
									<height>30</height>
									<texture>OverlayWatched.png</texture>
									<visible>IntegerGreaterThan(ListItem.Property(PlayCount),0)</visible>
								</control>
								<control type="label">
									<posx>187</posx>
									<posy>75</posy>
									<width>360</width>
									<height>15</height>
									<label>[B]$INFO[ListItem.Label][/B]</label>
									<font>font12</font>
									<textcolor>white</textcolor>
									<align>center</align>
									<aligny>center</aligny>
								</control>
								<control type="label">
									<posx>187</posx>
									<posy>95</posy>
									<width>360</width>
									<height>15</height>
									<label>$INFO[ListItem.Property(Premiered)]</label>
									<font>font12</font>
									<textcolor>grey2</textcolor>
									<align>center</align>
									<aligny>center</aligny>
								</control>
								<control type="textbox">
									<posx>5</posx>
									<posy>110</posy>
									<width>360</width>
									<height>55</height>
									<label>$INFO[ListItem.Property(Plot)]</label>
									<font>font10</font>
									<textcolor>white</textcolor>
									<align>justify</align>
								</control>
							</itemlayout>
							<focusedlayout width="375" height="175">
								<control type="image">
									<posx>0</posx>
									<posy>0</posy>
									<width>370</width>
									<height>170</height>
									<texture border="5">button-focus2.png</texture>
								</control>
								<control type="image">
									<posx>5</posx>
									<posy>5</posy>
									<width>360</width>
									<height>65</height>
									<texture background="true">$INFO[ListItem.Icon]</texture>
								</control>
								<control type="image">
									<posx>330</posx>
									<posy>70</posy>
									<width>30</width>
									<height>30</height>
									<texture>OverlayWatched.png</texture>
									<visible>IntegerGreaterThan(ListItem.Property(PlayCount),0)</visible>
								</control>
								<control type="label">
									<posx>187</posx>
									<posy>75</posy>
									<width>360</width>
									<height>15</height>
									<label>[B]$INFO[ListItem.Label][/B]</label>
									<font>font12</font>
									<textcolor>white</textcolor>
									<align>center</align>
									<aligny>center</aligny>
								</control>
								<control type="label">
									<posx>187</posx>
									<posy>95</posy>
									<width>360</width>
									<height>15</height>
									<label>$INFO[ListItem.Property(Premiered)]</label>
									<font>font12</font>
									<textcolor>grey2</textcolor>
									<align>center</align>
									<aligny>center</aligny>
								</control>
								<control type="textbox">
									<posx>5</posx>
									<posy>110</posy>
									<width>360</width>
									<height>55</height>
									<label>$INFO[ListItem.Property(Plot)]</label>
									<font>font10</font>
									<textcolor>white</textcolor>
									<align>justify</align>
								</control>
							</focusedlayout>
						</control>
						<control type="scrollbar" id="128">
							<posx>770</posx>
							<posy>0</posy>
							<width>25</width>
							<height>525</height>
							<texturesliderbackground border="0,14,0,14">ScrollBarV.png</texturesliderbackground>
							<texturesliderbar border="0,14,0,14">ScrollBarV_bar.png</texturesliderbar>
							<texturesliderbarfocus border="0,14,0,14">ScrollBarV_bar_focus.png</texturesliderbarfocus>
							<textureslidernib>ScrollBarNib.png</textureslidernib>
							<textureslidernibfocus>ScrollBarNib.png</textureslidernibfocus>
							<onleft>121</onleft>
							<onright condition="Skin.HasSetting(DisableHomeReturnButtons)">9000</onright>
							<onright condition="!Skin.HasSetting(DisableHomeReturnButtons)">82</onright>
							<showonepage>true</showonepage>
							<orientation>vertical</orientation>
							<visible>Container(9000).Hasfocus(2)</visible>
						</control>
					</control>
					<control type="group" id="139">
						<posx>0</posx>
						<posy>0</posy>
						<width>750</width>
						<height>530</height>
						<control type="label" id="130">
							<!-- Hide this Control off the screen because we use the list above to pass to it instead -->
							<posx>2000</posx>
							<posy>2000</posy>
							<width>100</width>
							<height>0</height>
							<label>-</label>
							<font>-</font>
							<textcolor>-</textcolor>
						</control>
						<control type="panel" id="131">
							<visible>Container(9000).HasFocus(3)</visible>
							<include>VisibleFadeEffect</include>
							<posx>0</posx>
							<posy>0</posy>
							<width>750</width>
							<height>520</height>
							<onleft>9000</onleft>
							<onright>138</onright>
							<onup>131</onup>
							<ondown>131</ondown>
							<viewtype label="535">panel</viewtype>
							<preloaditems>2</preloaditems>
							<pagecontrol>138</pagecontrol>
							<itemlayout width="375" height="130">
								<control type="image">
									<posx>0</posx>
									<posy>0</posy>
									<width>370</width>
									<height>125</height>
									<texture border="5">button-nofocus.png</texture>
								</control>
								<control type="image">
									<posx>5</posx>
									<posy>5</posy>
									<width>80</width>
									<height>115</height>
									<texture background="true">$INFO[ListItem.Icon]</texture>
								</control>
								<control type="label">
									<posx>100</posx>
									<posy>10</posy>
									<width>260</width>
									<height>15</height>
									<label>$VAR[MainItemLabel]</label>
									<font>font12_title</font>
									<textcolor>white</textcolor>
									<aligny>center</aligny>
								</control>
								<control type="textbox">
									<posx>100</posx>
									<posy>30</posy>
									<width>260</width>
									<height>120</height>
									<label>$INFO[ListItem.Property(TvShowTitle)]</label>
									<font>font12</font>
									<textcolor>grey2</textcolor>
								</control>
							</itemlayout>
							<focusedlayout width="375" height="130">
								<control type="image">
									<posx>0</posx>
									<posy>0</posy>
									<width>370</width>
									<height>125</height>
									<texture border="5">button-focus2.png</texture>
								</control>
								<control type="image">
									<posx>5</posx>
									<posy>5</posy>
									<width>80</width>
									<height>115</height>
									<texture background="true">$INFO[ListItem.Icon]</texture>
								</control>
								<control type="label">
									<posx>100</posx>
									<posy>10</posy>
									<width>260</width>
									<height>15</height>
									<label>$VAR[MainItemLabel]</label>
									<font>font12_title</font>
									<textcolor>white</textcolor>
									<aligny>center</aligny>
								</control>
								<control type="textbox">
									<posx>100</posx>
									<posy>30</posy>
									<width>260</width>
									<height>120</height>
									<label>$INFO[ListItem.Property(TvShowTitle)]</label>
									<font>font12</font>
									<textcolor>grey2</textcolor>
								</control>
							</focusedlayout>
						</control>
						<control type="scrollbar" id="138">
							<posx>770</posx>
							<posy>0</posy>
							<width>25</width>
							<height>520</height>
							<texturesliderbackground border="0,14,0,14">ScrollBarV.png</texturesliderbackground>
							<texturesliderbar border="0,14,0,14">ScrollBarV_bar.png</texturesliderbar>
							<texturesliderbarfocus border="0,14,0,14">ScrollBarV_bar_focus.png</texturesliderbarfocus>
							<textureslidernib>ScrollBarNib.png</textureslidernib>
							<textureslidernibfocus>ScrollBarNib.png</textureslidernibfocus>
							<onleft>131</onleft>
							<onright condition="Skin.HasSetting(DisableHomeReturnButtons)">9000</onright>
							<onright condition="!Skin.HasSetting(DisableHomeReturnButtons)">82</onright>
							<showonepage>true</showonepage>
							<orientation>vertical</orientation>
							<visible>Container(9000).Hasfocus(3)</visible>
						</control>
					</control>
					<control type="group" id="149">
						<posx>0</posx>
						<posy>0</posy>
						<width>750</width>
						<height>530</height>
						<control type="label" id="140">
							<!-- Hide this Control off the screen because we use the list above to pass to it instead -->
							<posx>2000</posx>
							<posy>2000</posy>
							<width>100</width>
							<height>0</height>
							<label>-</label>
							<font>-</font>
							<textcolor>-</textcolor>
						</control>
						<control type="panel" id="141">
							<visible>Container(9000).HasFocus(4)</visible>
							<posx>0</posx>
							<posy>0</posy>
							<width>750</width>
							<height>530</height>
							<onleft>9000</onleft>
							<onright>148</onright>
							<onup>141</onup>
							<ondown>141</ondown>
							<viewtype label="535">panel</viewtype>
							<preloaditems>2</preloaditems>
							<pagecontrol>148</pagecontrol>
							<itemlayout width="750" height="106">
								<control type="image">
									<posx>0</posx>
									<posy>0</posy>
									<width>750</width>
									<height>101</height>
									<texture border="5">button-nofocus.png</texture>
								</control>
								<control type="image">
									<posx>5</posx>
									<posy>5</posy>
									<width>150</width>
									<height>90</height>
									<aspectratio>scale</aspectratio>
									<texture background="true">$INFO[ListItem.Icon]</texture>
								</control>
								<control type="image">
									<posx>120</posx>
									<posy>70</posy>
									<width>30</width>
									<height>30</height>
									<texture>OverlayWatched.png</texture>
									<visible>IntegerGreaterThan(ListItem.Property(PlayCount),0)</visible>
								</control>
								<control type="label">
									<posx>160</posx>
									<posy>10</posy>
									<width>585</width>
									<height>15</height>
									<label>[B]$INFO[ListItem.Label][/B]</label>
									<font>font12</font>
									<textcolor>white</textcolor>
									<aligny>center</aligny>
								</control>
								<control type="label">
									<posx>160</posx>
									<posy>30</posy>
									<width>585</width>
									<height>15</height>
									<label>$INFO[ListItem.Property(TvShowTitle)]</label>
									<font>font12</font>
									<textcolor>grey2</textcolor>
									<aligny>center</aligny>
								</control>
								<control type="textbox">
									<posx>160</posx>
									<posy>50</posy>
									<width>585</width>
									<height>45</height>
									<label>$INFO[ListItem.Property(Plot)]</label>
									<font>font10</font>
									<textcolor>white</textcolor>
								</control>
							</itemlayout>
							<focusedlayout width="750" height="106">
								<control type="image">
									<posx>0</posx>
									<posy>0</posy>
									<width>750</width>
									<height>101</height>
									<texture border="5">button-focus2.png</texture>
								</control>
								<control type="image">
									<posx>5</posx>
									<posy>5</posy>
									<width>150</width>
									<height>90</height>
									<aspectratio>scale</aspectratio>
									<texture background="true">$INFO[ListItem.Icon]</texture>
								</control>
								<control type="image">
									<posx>120</posx>
									<posy>70</posy>
									<width>30</width>
									<height>30</height>
									<texture>OverlayWatched.png</texture>
									<visible>IntegerGreaterThan(ListItem.Property(PlayCount),0)</visible>
								</control>
								<control type="label">
									<posx>160</posx>
									<posy>10</posy>
									<width>585</width>
									<height>15</height>
									<label>[B]$INFO[ListItem.Label][/B]</label>
									<font>font12</font>
									<textcolor>white</textcolor>
									<aligny>center</aligny>
								</control>
								<control type="label">
									<posx>160</posx>
									<posy>30</posy>
									<width>585</width>
									<height>15</height>
									<label>$INFO[ListItem.Property(TvShowTitle)]</label>
									<font>font12</font>
									<textcolor>grey2</textcolor>
									<aligny>center</aligny>
								</control>
								<control type="textbox">
									<posx>160</posx>
									<posy>50</posy>
									<width>585</width>
									<height>45</height>
									<label>$INFO[ListItem.Property(Plot)]</label>
									<font>font10</font>
									<textcolor>white</textcolor>
								</control>
							</focusedlayout>
						</control>
						<control type="scrollbar" id="148">
							<posx>770</posx>
							<posy>0</posy>
							<width>25</width>
							<height>530</height>
							<texturesliderbackground border="0,14,0,14">ScrollBarV.png</texturesliderbackground>
							<texturesliderbar border="0,14,0,14">ScrollBarV_bar.png</texturesliderbar>
							<texturesliderbarfocus border="0,14,0,14">ScrollBarV_bar_focus.png</texturesliderbarfocus>
							<textureslidernib>ScrollBarNib.png</textureslidernib>
							<textureslidernibfocus>ScrollBarNib.png</textureslidernibfocus>
							<onleft>141</onleft>
							<onright condition="Skin.HasSetting(DisableHomeReturnButtons)">9000</onright>
							<onright condition="!Skin.HasSetting(DisableHomeReturnButtons)">82</onright>
							<showonepage>true</showonepage>
							<orientation>vertical</orientation>
							<visible>Container(9000).Hasfocus(4)</visible>
						</control>
					</control>
					<control type="group" id="159">
						<posx>0</posx>
						<posy>0</posy>
						<width>750</width>
						<height>530</height>
						<control type="label" id="150">
							<!-- Hide this Control off the screen because we use the list above to pass to it instead -->
							<posx>2000</posx>
							<posy>2000</posy>
							<width>100</width>
							<height>0</height>
							<label>-</label>
							<font>-</font>
							<textcolor>-</textcolor>
						</control>
						<control type="panel" id="151">
							<visible>Container(9000).HasFocus(5)</visible>
							<include>VisibleFadeEffect</include>
							<posx>0</posx>
							<posy>0</posy>
							<width>750</width>
							<height>530</height>
							<onleft>9000</onleft>
							<onright>158</onright>
							<onup>151</onup>
							<ondown>151</ondown>
							<viewtype label="535">panel</viewtype>
							<preloaditems>2</preloaditems>
							<pagecontrol>158</pagecontrol>
							<itemlayout width="375" height="106">
								<control type="image">
									<posx>0</posx>
									<posy>0</posy>
									<width>370</width>
									<height>101</height>
									<texture border="5">button-nofocus.png</texture>
								</control>
								<control type="image">
									<posx>5</posx>
									<posy>5</posy>
									<width>120</width>
									<height>90</height>
									<texture background="true">$INFO[ListItem.Icon]</texture>
								</control>
								<control type="image">
									<posx>100</posx>
									<posy>65</posy>
									<width>30</width>
									<height>30</height>
									<texture>OverlayWatched.png</texture>
									<visible>IntegerGreaterThan(ListItem.Property(PlayCount),0)</visible>
								</control>
								<control type="label">
									<posx>135</posx>
									<posy>10</posy>
									<width>230</width>
									<height>15</height>
									<label>[B]$INFO[ListItem.Label][/B]</label>
									<font>font12</font>
									<textcolor>white</textcolor>
									<aligny>center</aligny>
								</control>
								<control type="label">
									<posx>135</posx>
									<posy>30</posy>
									<width>230</width>
									<height>15</height>
									<label>$INFO[ListItem.Property(Artist)]</label>
									<font>font12</font>
									<textcolor>white</textcolor>
									<aligny>center</aligny>
								</control>
								<control type="label">
									<posx>135</posx>
									<posy>55</posy>
									<width>230</width>
									<height>15</height>
									<label>$INFO[ListItem.Property(Year)]</label>
									<font>font12</font>
									<textcolor>grey2</textcolor>
									<aligny>center</aligny>
								</control>
								<control type="label">
									<posx>135</posx>
									<posy>75</posy>
									<width>230</width>
									<height>15</height>
									<label>$INFO[ListItem.Property(Duration)]</label>
									<font>font12</font>
									<textcolor>grey2</textcolor>
									<aligny>center</aligny>
								</control>
							</itemlayout>
							<focusedlayout width="375" height="106">
								<control type="image">
									<posx>0</posx>
									<posy>0</posy>
									<width>370</width>
									<height>101</height>
									<texture border="5">button-focus2.png</texture>
								</control>
								<control type="image">
									<posx>5</posx>
									<posy>5</posy>
									<width>120</width>
									<height>90</height>
									<texture background="true">$INFO[ListItem.Icon]</texture>
								</control>
								<control type="image">
									<posx>100</posx>
									<posy>65</posy>
									<width>30</width>
									<height>30</height>
									<texture>OverlayWatched.png</texture>
									<visible>IntegerGreaterThan(ListItem.Property(PlayCount),0)</visible>
								</control>
								<control type="label">
									<posx>135</posx>
									<posy>10</posy>
									<width>230</width>
									<height>15</height>
									<label>[B]$INFO[ListItem.Label][/B]</label>
									<font>font12</font>
									<textcolor>white</textcolor>
									<aligny>center</aligny>
								</control>
								<control type="label">
									<posx>135</posx>
									<posy>30</posy>
									<width>230</width>
									<height>15</height>
									<label>$INFO[ListItem.Property(Artist)]</label>
									<font>font12</font>
									<textcolor>white</textcolor>
									<aligny>center</aligny>
								</control>
								<control type="label">
									<posx>135</posx>
									<posy>55</posy>
									<width>230</width>
									<height>15</height>
									<label>$INFO[ListItem.Property(Year)]</label>
									<font>font12</font>
									<textcolor>grey2</textcolor>
									<aligny>center</aligny>
								</control>
								<control type="label">
									<posx>135</posx>
									<posy>75</posy>
									<width>230</width>
									<height>15</height>
									<label>$INFO[ListItem.Property(Duration)]</label>
									<font>font12</font>
									<textcolor>grey2</textcolor>
									<aligny>center</aligny>
								</control>
							</focusedlayout>
						</control>
						<control type="scrollbar" id="158">
							<posx>770</posx>
							<posy>0</posy>
							<width>25</width>
							<height>530</height>
							<texturesliderbackground border="0,14,0,14">ScrollBarV.png</texturesliderbackground>
							<texturesliderbar border="0,14,0,14">ScrollBarV_bar.png</texturesliderbar>
							<texturesliderbarfocus border="0,14,0,14">ScrollBarV_bar_focus.png</texturesliderbarfocus>
							<textureslidernib>ScrollBarNib.png</textureslidernib>
							<textureslidernibfocus>ScrollBarNib.png</textureslidernibfocus>
							<onleft>151</onleft>
							<onright condition="Skin.HasSetting(DisableHomeReturnButtons)">9000</onright>
							<onright condition="!Skin.HasSetting(DisableHomeReturnButtons)">82</onright>
							<showonepage>true</showonepage>
							<orientation>vertical</orientation>
							<visible>Container(9000).Hasfocus(5)</visible>
						</control>
					</control>
					<control type="group" id="169">
						<posx>0</posx>
						<posy>0</posy>
						<width>750</width>
						<height>530</height>
						<control type="label" id="160">
							<!-- Hide this Control off the screen because we use the list above to pass to it instead -->
							<posx>2000</posx>
							<posy>2000</posy>
							<width>100</width>
							<height>0</height>
							<label>-</label>
							<font>-</font>
							<textcolor>-</textcolor>
						</control>
						<control type="panel" id="161">
							<visible>Container(9000).HasFocus(6)</visible>
							<include>VisibleFadeEffect</include>
							<posx>0</posx>
							<posy>0</posy>
							<width>750</width>
							<height>530</height>
							<onleft>9000</onleft>
							<onright>168</onright>
							<onup>161</onup>
							<ondown>161</ondown>
							<viewtype label="535">list</viewtype>
							<preloaditems>2</preloaditems>
							<pagecontrol>168</pagecontrol>
							<itemlayout width="750" height="106">
								<control type="image">
									<posx>0</posx>
									<posy>0</posy>
									<width>750</width>
									<height>101</height>
									<texture border="5">button-nofocus.png</texture>
								</control>
								<control type="image">
									<posx>5</posx>
									<posy>5</posy>
									<width>150</width>
									<height>90</height>
									<aspectratio>keep</aspectratio>
									<texture background="true">$INFO[ListItem.Icon]</texture>
								</control>
								<control type="label">
									<posx>160</posx>
									<posy>10</posy>
									<width>580</width>
									<height>15</height>
									<label>[B]$INFO[ListItem.Label][/B]</label>
									<font>font12</font>
									<textcolor>white</textcolor>
									<aligny>center</aligny>
								</control>
								<control type="label">
									<posx>160</posx>
									<posy>30</posy>
									<width>585</width>
									<height>15</height>
									<label>$INFO[ListItem.Property(Artist_Genre)]</label>
									<font>font12</font>
									<textcolor>grey2</textcolor>
									<aligny>center</aligny>
								</control>
								<control type="textbox">
									<posx>160</posx>
									<posy>50</posy>
									<width>585</width>
									<height>45</height>
									<label>$INFO[ListItem.Property(Artist_Description)]</label>
									<font>font10</font>
									<textcolor>white</textcolor>
								</control>
							</itemlayout>
							<focusedlayout width="400" height="110">
								<control type="image">
									<posx>0</posx>
									<posy>0</posy>
									<width>750</width>
									<height>101</height>
									<texture border="5">button-focus2.png</texture>
								</control>
								<control type="image">
									<posx>5</posx>
									<posy>5</posy>
									<width>150</width>
									<height>90</height>
									<aspectratio>keep</aspectratio>
									<texture background="true">$INFO[ListItem.Icon]</texture>
								</control>
								<control type="label">
									<posx>160</posx>
									<posy>10</posy>
									<width>580</width>
									<height>15</height>
									<label>[B]$INFO[ListItem.Label][/B]</label>
									<font>font12</font>
									<textcolor>white</textcolor>
									<aligny>center</aligny>
								</control>
								<control type="label">
									<posx>160</posx>
									<posy>30</posy>
									<width>585</width>
									<height>15</height>
									<label>$INFO[ListItem.Property(Artist_Genre)]</label>
									<font>font12</font>
									<textcolor>grey2</textcolor>
									<aligny>center</aligny>
								</control>
								<control type="textbox">
									<posx>160</posx>
									<posy>50</posy>
									<width>585</width>
									<height>45</height>
									<label>$INFO[ListItem.Property(Artist_Description)]</label>
									<font>font10</font>
									<textcolor>white</textcolor>
								</control>
							</focusedlayout>
						</control>
						<control type="scrollbar" id="168">
							<posx>770</posx>
							<posy>0</posy>
							<width>25</width>
							<height>530</height>
							<texturesliderbackground border="0,14,0,14">ScrollBarV.png</texturesliderbackground>
							<texturesliderbar border="0,14,0,14">ScrollBarV_bar.png</texturesliderbar>
							<texturesliderbarfocus border="0,14,0,14">ScrollBarV_bar_focus.png</texturesliderbarfocus>
							<textureslidernib>ScrollBarNib.png</textureslidernib>
							<textureslidernibfocus>ScrollBarNib.png</textureslidernibfocus>
							<onleft>161</onleft>
							<onright condition="Skin.HasSetting(DisableHomeReturnButtons)">9000</onright>
							<onright condition="!Skin.HasSetting(DisableHomeReturnButtons)">82</onright>
							<showonepage>true</showonepage>
							<orientation>vertical</orientation>
							<visible>Container(9000).Hasfocus(6)</visible>
						</control>
					</control>
					<control type="group" id="179">
						<posx>0</posx>
						<posy>0</posy>
						<width>750</width>
						<height>530</height>
						<control type="label" id="170">
							<!-- Hide this Control off the screen because we use the list above to pass to it instead -->
							<posx>2000</posx>
							<posy>2000</posy>
							<width>100</width>
							<height>0</height>
							<label>-</label>
							<font>-</font>
							<textcolor>-</textcolor>
						</control>
						<control type="panel" id="171">
							<visible>Container(9000).HasFocus(7)</visible>
							<include>VisibleFadeEffect</include>
							<posx>0</posx>
							<posy>0</posy>
							<width>750</width>
							<height>530</height>
							<onleft>9000</onleft>
							<onright>178</onright>
							<onup>171</onup>
							<ondown>171</ondown>
							<viewtype label="535">list</viewtype>
							<preloaditems>2</preloaditems>
							<pagecontrol>178</pagecontrol>
							<itemlayout width="750" height="106">
								<control type="image">
									<posx>0</posx>
									<posy>0</posy>
									<width>750</width>
									<height>101</height>
									<texture border="5">button-nofocus.png</texture>
								</control>
								<control type="image">
									<posx>5</posx>
									<posy>5</posy>
									<width>100</width>
									<height>90</height>
									<aspectratio>keep</aspectratio>
									<texture background="true">$INFO[ListItem.Icon]</texture>
								</control>
								<control type="label">
									<posx>110</posx>
									<posy>10</posy>
									<width>630</width>
									<height>15</height>
									<label>[B]$INFO[ListItem.Label][/B]</label>
									<font>font12</font>
									<textcolor>white</textcolor>
									<aligny>center</aligny>
								</control>
								<control type="label">
									<posx>110</posx>
									<posy>30</posy>
									<width>630</width>
									<height>15</height>
									<label>$INFO[ListItem.Property(Artist)]</label>
									<font>font12</font>
									<textcolor>grey2</textcolor>
									<aligny>center</aligny>
								</control>
								<control type="textbox">
									<posx>110</posx>
									<posy>50</posy>
									<width>630</width>
									<height>45</height>
									<label>$INFO[ListItem.Property(Album_Description)]</label>
									<font>font10</font>
									<textcolor>white</textcolor>
								</control>
							</itemlayout>
							<focusedlayout width="400" height="110">
								<control type="image">
									<posx>0</posx>
									<posy>0</posy>
									<width>750</width>
									<height>101</height>
									<texture border="5">button-focus2.png</texture>
								</control>
								<control type="image">
									<posx>5</posx>
									<posy>5</posy>
									<width>100</width>
									<height>90</height>
									<aspectratio>keep</aspectratio>
									<texture background="true">$INFO[ListItem.Icon]</texture>
								</control>
								<control type="label">
									<posx>110</posx>
									<posy>10</posy>
									<width>630</width>
									<height>15</height>
									<label>[B]$INFO[ListItem.Label][/B]</label>
									<font>font12</font>
									<textcolor>white</textcolor>
									<aligny>center</aligny>
								</control>
								<control type="label">
									<posx>110</posx>
									<posy>30</posy>
									<width>630</width>
									<height>15</height>
									<label>$INFO[ListItem.Property(Artist)]</label>
									<font>font12</font>
									<textcolor>grey2</textcolor>
									<aligny>center</aligny>
								</control>
								<control type="textbox">
									<posx>110</posx>
									<posy>50</posy>
									<width>630</width>
									<height>45</height>
									<label>$INFO[ListItem.Property(Album_Description)]</label>
									<font>font10</font>
									<textcolor>white</textcolor>
								</control>
							</focusedlayout>
						</control>
						<control type="scrollbar" id="178">
							<posx>770</posx>
							<posy>0</posy>
							<width>25</width>
							<height>530</height>
							<texturesliderbackground border="0,14,0,14">ScrollBarV.png</texturesliderbackground>
							<texturesliderbar border="0,14,0,14">ScrollBarV_bar.png</texturesliderbar>
							<texturesliderbarfocus border="0,14,0,14">ScrollBarV_bar_focus.png</texturesliderbarfocus>
							<textureslidernib>ScrollBarNib.png</textureslidernib>
							<textureslidernibfocus>ScrollBarNib.png</textureslidernibfocus>
							<onleft>171</onleft>
							<onright condition="Skin.HasSetting(DisableHomeReturnButtons)">9000</onright>
							<onright condition="!Skin.HasSetting(DisableHomeReturnButtons)">82</onright>
							<showonepage>true</showonepage>
							<orientation>vertical</orientation>
							<visible>Container(9000).Hasfocus(7)</visible>
						</control>
					</control>
					<control type="group" id="189">
						<posx>0</posx>
						<posy>0</posy>
						<width>750</width>
						<height>530</height>
						<control type="label" id="180">
							<!-- Hide this Control off the screen because we use the list above to pass to it instead -->
							<posx>2000</posx>
							<posy>2000</posy>
							<width>100</width>
							<height>0</height>
							<label>-</label>
							<font>-</font>
							<textcolor>-</textcolor>
						</control>
						<control type="panel" id="181">
							<visible>Container(9000).HasFocus(8)</visible>
							<include>VisibleFadeEffect</include>
							<posx>0</posx>
							<posy>0</posy>
							<width>750</width>
							<height>530</height>
							<onleft>9000</onleft>
							<onright>188</onright>
							<onup>181</onup>
							<ondown>181</ondown>
							<viewtype label="535">list</viewtype>
							<preloaditems>2</preloaditems>
							<pagecontrol>188</pagecontrol>
							<itemlayout width="375" height="106">
								<control type="image">
									<posx>0</posx>
									<posy>0</posy>
									<width>370</width>
									<height>101</height>
									<texture border="5">button-nofocus.png</texture>
								</control>
								<control type="image">
									<posx>5</posx>
									<posy>5</posy>
									<width>90</width>
									<height>90</height>
									<texture background="true">$INFO[ListItem.Icon]</texture>
								</control>
								<control type="label">
									<posx>110</posx>
									<posy>10</posy>
									<width>255</width>
									<height>15</height>
									<label>[B]$INFO[ListItem.Label][/B]</label>
									<font>font12</font>
									<textcolor>white</textcolor>
									<aligny>center</aligny>
								</control>
								<control type="label">
									<posx>110</posx>
									<posy>30</posy>
									<width>255</width>
									<height>15</height>
									<label>$INFO[ListItem.Property(Artist)]</label>
									<font>font12</font>
									<textcolor>white</textcolor>
									<aligny>center</aligny>
								</control>
								<control type="label">
									<posx>110</posx>
									<posy>50</posy>
									<width>255</width>
									<height>15</height>
									<label>$INFO[ListItem.Property(Genre)]</label>
									<font>font12</font>
									<textcolor>grey2</textcolor>
									<aligny>center</aligny>
								</control>
								<control type="label">
									<posx>110</posx>
									<posy>75</posy>
									<width>255</width>
									<height>15</height>
									<label>$INFO[ListItem.Property(Duration)]</label>
									<font>font12</font>
									<textcolor>white</textcolor>
									<aligny>center</aligny>
								</control>
							</itemlayout>
							<focusedlayout width="375" height="106">
								<control type="image">
									<posx>0</posx>
									<posy>0</posy>
									<width>370</width>
									<height>101</height>
									<texture border="5">button-focus2.png</texture>
								</control>
								<control type="image">
									<posx>5</posx>
									<posy>5</posy>
									<width>90</width>
									<height>90</height>
									<texture background="true">$INFO[ListItem.Icon]</texture>
								</control>
								<control type="label">
									<posx>110</posx>
									<posy>10</posy>
									<width>255</width>
									<height>15</height>
									<label>[B]$INFO[ListItem.Label][/B]</label>
									<font>font12</font>
									<textcolor>white</textcolor>
									<aligny>center</aligny>
								</control>
								<control type="label">
									<posx>110</posx>
									<posy>30</posy>
									<width>255</width>
									<height>15</height>
									<label>$INFO[ListItem.Property(Artist)]</label>
									<font>font12</font>
									<textcolor>white</textcolor>
									<aligny>center</aligny>
								</control>
								<control type="label">
									<posx>110</posx>
									<posy>50</posy>
									<width>255</width>
									<height>15</height>
									<label>$INFO[ListItem.Property(Genre)]</label>
									<font>font12</font>
									<textcolor>grey2</textcolor>
									<aligny>center</aligny>
								</control>
								<control type="label">
									<posx>110</posx>
									<posy>75</posy>
									<width>255</width>
									<height>15</height>
									<label>$INFO[ListItem.Property(Duration)]</label>
									<font>font12</font>
									<textcolor>white</textcolor>
									<aligny>center</aligny>
								</control>
							</focusedlayout>
						</control>
						<control type="scrollbar" id="188">
							<posx>770</posx>
							<posy>0</posy>
							<width>25</width>
							<height>530</height>
							<texturesliderbackground border="0,14,0,14">ScrollBarV.png</texturesliderbackground>
							<texturesliderbar border="0,14,0,14">ScrollBarV_bar.png</texturesliderbar>
							<texturesliderbarfocus border="0,14,0,14">ScrollBarV_bar_focus.png</texturesliderbarfocus>
							<textureslidernib>ScrollBarNib.png</textureslidernib>
							<textureslidernibfocus>ScrollBarNib.png</textureslidernibfocus>
							<onleft>181</onleft>
							<onright condition="Skin.HasSetting(DisableHomeReturnButtons)">9000</onright>
							<onright condition="!Skin.HasSetting(DisableHomeReturnButtons)">82</onright>
							<showonepage>true</showonepage>
							<orientation>vertical</orientation>
							<visible>Container(9000).Hasfocus(8)</visible>
						</control>
					</control>
				</control>
			</control>
		</control>
		<include condition="!Skin.HasSetting(HideNumItemsCount)">CommonPageCount</include>
		<include>CommonNowPlaying</include>
		<!--include>MainWindowMouseButtons</include-->
		<!-- Not work while script searching - better to not include -->
		<include>BehindDialogFadeOut</include>
		<include>UserLocalInfo</include>
	</controls>
</window>