<?xml version="1.0" encoding="utf-8"?>
<includes>
	<include name="CommonRootView">
		<control type="group">
			<visible>Control.IsVisible(50)</visible>
			<include>VisibleFadeEffect</include>
			<control type="list" id="50">
				<posx>70</posx>
				<posy>78</posy>
				<width>690</width>
				<height>561</height>
				<onleft>2</onleft>
				<onright>60</onright>
				<onup>50</onup>
				<ondown>50</ondown>
				<viewtype label="535">list</viewtype>
				<pagecontrol>60</pagecontrol>
				<scrolltime>200</scrolltime>
				<itemlayout height="40" width="580">
					<control type="image">
						<posx>0</posx>
						<posy>0</posy>
						<width>690</width>
						<height>41</height>
						<texture border="0,2,0,2">MenuItemNF.png</texture>
					</control>
					<control type="label">
						<posx>10</posx>
						<posy>0</posy>
						<width>660</width>
						<height>40</height>
						<font>font13</font>
						<textcolor>grey2</textcolor>
						<selectedcolor>selected</selectedcolor>
						<align>left</align>
						<aligny>center</aligny>
						<label>$VAR[MainItemLabel]</label>
					</control>
					<control type="label">
						<posx>680</posx>
						<posy>0</posy>
						<width>400</width>
						<height>40</height>
						<font>font12</font>
						<textcolor>grey2</textcolor>
						<selectedcolor>selected</selectedcolor>
						<align>right</align>
						<aligny>center</aligny>
						<label>$INFO[ListItem.Label2]</label>
						<visible>!Window.IsVisible(Videos)</visible>
					</control>
					<control type="label">
						<posx>620</posx>
						<posy>0</posy>
						<width>400</width>
						<height>40</height>
						<font>font12</font>
						<textcolor>grey2</textcolor>
						<selectedcolor>selected</selectedcolor>
						<align>right</align>
						<aligny>center</aligny>
						<label>$INFO[ListItem.Label2]</label>
						<visible>Window.IsVisible(Videos)</visible>
						<animation effect="slide" start="0,0" end="40,0" delay="0" time="0" condition="![Container.Content(Movies) | Container.Content(Episodes) | Container.Content(MusicVideos)]">conditional</animation>
						<animation effect="slide" start="0,0" end="18,0" delay="0" time="0" condition="stringcompare(Skin.String(WatchStatusType),Hidden)">conditional</animation>
					</control>
					<control type="image">
						<posx>631</posx>
						<posy>8</posy>
						<width>26</width>
						<height>26</height>
						<fadetime>IconCrossfadeTime</fadetime>
						<texture>$INFO[ListItem.SubtitleLanguage,Language/,.png]</texture>
						<animation effect="slide" start="0,0" end="18,0" delay="0" time="0" condition="stringcompare(Skin.String(WatchStatusType),Hidden)">conditional</animation>
						<visible>Window.IsVisible(Videos) + [Container.Content(Movies) | Container.Content(Episodes) | Container.Content(MusicVideos)]</visible>
						<visible>Skin.HasSetting(ViewSubTitleFlag) + !IsEmpty(ListItem.SubtitleLanguage)</visible>
					</control>
					<control type="image">
						<posx>625</posx>
						<posy>8</posy>
						<width>40</width>
						<height>26</height>
						<texture>$VAR[VideoResolutionFlag]</texture>
						<animation effect="slide" start="0,0" end="18,0" delay="0" time="0" condition="stringcompare(Skin.String(WatchStatusType),Hidden)">conditional</animation>
						<visible>Window.IsVisible(Videos) + [Container.Content(Movies) | Container.Content(Episodes) | Container.Content(MusicVideos)]</visible>
						<visible>!Skin.HasSetting(ViewSubTitleFlag)</visible>
					</control>
					<control type="group">
						<control type="image">
							<posx>658</posx>
							<posy>3</posy>
							<width>32</width>
							<height>32</height>
							<texture diffuse="poster-diffuse.png">OverlayStatus/resumable/OverlayUnwatched.png</texture>
							<visible>ListItem.IsResumable</visible>
						</control>
						<control type="image">
							<posx>658</posx>
							<posy>3</posy>
							<width>32</width>
							<height>32</height>
							<texture diffuse="poster-diffuse.png">$VAR[PartlyWatched,OverlayStatus/resumable/,.png]</texture>
							<visible>ListItem.IsResumable</visible>
						</control>
						<control type="image">
							<posx>662</posx>
							<posy>10</posy>
							<width>25</width>
							<height>21</height>
							<texture>$VAR[WatchTypePath,OverlayStatus/]</texture>
							<visible>!ListItem.IsResumable</visible>
						</control>
						<visible>Window.IsVisible(Videos) + !IsEmpty(ListItem.Overlay) + !stringcompare(Skin.String(WatchStatusType),Hidden)</visible>
					</control>
				</itemlayout>
				<focusedlayout height="40" width="580">
					<control type="image">
						<posx>0</posx>
						<posy>0</posy>
						<width>690</width>
						<height>41</height>
						<texture border="0,2,0,2">MenuItemNF.png</texture>
						<visible>!Control.HasFocus(50)</visible>
						<include>VisibleFadeEffect</include>
					</control>
					<control type="image">
						<posx>0</posx>
						<posy>0</posy>
						<width>690</width>
						<height>41</height>
						<texture border="0,2,0,2">MenuItemFO.png</texture>
						<visible>Control.HasFocus(50)</visible>
						<include>VisibleFadeEffect</include>
					</control>
					<control type="image">
						<posx>490</posx>
						<posy>4</posy>
						<width>200</width>
						<height>33</height>
						<texture border="0,0,14,0">MediaItemDetailBG.png</texture>
						<visible>Control.HasFocus(50) + !IsEmpty(ListItem.Label2)</visible>
					</control>
					<control type="label">
						<posx>10</posx>
						<posy>0</posy>
						<width>660</width>
						<height>40</height>
						<font>font13</font>
						<textcolor>white</textcolor>
						<selectedcolor>selected</selectedcolor>
						<align>left</align>
						<aligny>center</aligny>
						<label>$VAR[MainItemLabel]</label>
						<visible>!stringcompare(Skin.String(WatchStatusType),Hidden)</visible>
					</control>
					<control type="label">
						<posx>10</posx>
						<posy>0</posy>
						<width>680</width>
						<height>40</height>
						<font>font13</font>
						<textcolor>white</textcolor>
						<selectedcolor>selected</selectedcolor>
						<align>left</align>
						<aligny>center</aligny>
						<label>$VAR[MainItemLabel]</label>
						<visible>Skin.HasSetting(HideWatchStatus)</visible>
					</control>
					<control type="label">
						<posx>680</posx>
						<posy>0</posy>
						<width>400</width>
						<height>40</height>
						<font>font12</font>
						<textcolor>grey2</textcolor>
						<selectedcolor>selected</selectedcolor>
						<align>right</align>
						<aligny>center</aligny>
						<label>$INFO[ListItem.Label2]</label>
						<visible>!Window.IsVisible(Videos)</visible>
					</control>
					<control type="label">
						<posx>620</posx>
						<posy>0</posy>
						<width>400</width>
						<height>40</height>
						<font>font12</font>
						<textcolor>grey2</textcolor>
						<selectedcolor>selected</selectedcolor>
						<align>right</align>
						<aligny>center</aligny>
						<label>$INFO[ListItem.Label2]</label>
						<visible>Window.IsVisible(Videos)</visible>
						<animation effect="slide" start="0,0" end="40,0" delay="0" time="0" condition="![Container.Content(Movies) | Container.Content(Episodes) | Container.Content(MusicVideos)]">conditional</animation>
						<animation effect="slide" start="0,0" end="18,0" delay="0" time="0" condition="stringcompare(Skin.String(WatchStatusType),Hidden)">conditional</animation>
					</control>
					<control type="image">
						<posx>625</posx>
						<posy>8</posy>
						<width>40</width>
						<height>26</height>
						<texture>$VAR[VideoResolutionFlag]</texture>
						<animation effect="slide" start="0,0" end="18,0" delay="0" time="0" condition="stringcompare(Skin.String(WatchStatusType),Hidden)">conditional</animation>
						<visible>Window.IsVisible(Videos) + [Container.Content(Movies) | Container.Content(Episodes) | Container.Content(MusicVideos)]</visible>
						<visible>!Skin.HasSetting(ViewSubTitleFlag)</visible>
					</control>
					<control type="image">
						<posx>631</posx>
						<posy>8</posy>
						<width>26</width>
						<height>26</height>
						<fadetime>IconCrossfadeTime</fadetime>
						<texture>$INFO[ListItem.SubtitleLanguage,Language/,.png]</texture>
						<animation effect="slide" start="0,0" end="18,0" delay="0" time="0" condition="stringcompare(Skin.String(WatchStatusType),Hidden)">conditional</animation>
						<visible>Window.IsVisible(Videos) + [Container.Content(Movies) | Container.Content(Episodes) | Container.Content(MusicVideos)]</visible>
						<visible>Skin.HasSetting(ViewSubTitleFlag) + !IsEmpty(ListItem.SubtitleLanguage)</visible>
					</control>
					<control type="group">
						<control type="image">
							<posx>658</posx>
							<posy>3</posy>
							<width>32</width>
							<height>32</height>
							<texture diffuse="poster-diffuse.png">OverlayStatus/resumable/OverlayUnwatched.png</texture>
							<visible>ListItem.IsResumable</visible>
						</control>
						<control type="image">
							<posx>658</posx>
							<posy>3</posy>
							<width>32</width>
							<height>32</height>
							<texture diffuse="poster-diffuse.png">$VAR[PartlyWatched,OverlayStatus/resumable/,.png]</texture>
							<visible>ListItem.IsResumable</visible>
						</control>
						<control type="image">
							<posx>662</posx>
							<posy>10</posy>
							<width>25</width>
							<height>21</height>
							<texture>$VAR[WatchTypePath,OverlayStatus/]</texture>
							<visible>!ListItem.IsResumable</visible>
						</control>
						<visible>Window.IsVisible(Videos) + !IsEmpty(ListItem.Overlay) + !stringcompare(Skin.String(WatchStatusType),Hidden)</visible>
					</control>
				</focusedlayout>
			</control>
			<control type="scrollbar" id="60">
				<posx>760</posx>
				<posy>85</posy>
				<width>25</width>
				<height>550</height>
				<texturesliderbackground border="0,14,0,14">ScrollBarV.png</texturesliderbackground>
				<texturesliderbar border="0,14,0,14">ScrollBarV_bar.png</texturesliderbar>
				<texturesliderbarfocus border="0,14,0,14">ScrollBarV_bar_focus.png</texturesliderbarfocus>
				<textureslidernib>ScrollBarNib.png</textureslidernib>
				<textureslidernibfocus>ScrollBarNib.png</textureslidernibfocus>
				<onleft>50</onleft>
				<onright condition="Skin.HasSetting(DisableHomeReturnButtons)">9000</onright>
				<onright condition="!Skin.HasSetting(DisableHomeReturnButtons)">82</onright>
				<showonepage>true</showonepage>
				<orientation>vertical</orientation>
				<visible>Control.IsVisible(50)</visible>
			</control>
			<control type="group">
				<posx>850</posx>
				<posy>100</posy>
				<visible>Control.IsVisible(50)</visible>
				<control type="image">
					<posx>0</posx>
					<posy>0</posy>
					<width>360</width>
					<height>540</height>
					<aspectratio aligny="bottom">keep</aspectratio>
					<fadetime>IconCrossfadeTime</fadetime>
					<texture background="true">$VAR[PosterThumb]</texture>
					<bordertexture border="8">ThumbShadow.png</bordertexture>
					<bordersize>8</bordersize>
				</control>
				<control type="image">
					<posx>8</posx>
					<posy>532</posy>
					<width>344</width>
					<height>524</height>
					<aspectratio aligny="top">keep</aspectratio>
					<fadetime>IconCrossfadeTime</fadetime>
					<texture diffuse="diffuse_mirror3.png" flipy="true" background="true">$VAR[PosterThumb]</texture>
				</control>
			</control>
		</control>
	</include>
	<include name="ThumbnailView">
		<control type="group">
			<visible>Control.IsVisible(500)</visible>
			<include>VisibleFadeEffect</include>
			<control type="panel" id="500">
				<posx>90</posx>
				<posy>80</posy>
				<width>1080</width>
				<height>558</height>
				<onleft>2</onleft>
				<onright>60</onright>
				<onup>500</onup>
				<ondown>500</ondown>
				<viewtype label="21371">list</viewtype>
				<pagecontrol>60</pagecontrol>
				<scrolltime>200</scrolltime>
				<preloaditems>2</preloaditems>
				<itemlayout condition="!Container.Content(Movies) + !Container.Content(Seasons) + !Container.Content(TVShows) + !Container.Content(Sets)" height="186" width="216">
					<control type="image">
						<posx>1</posx>
						<posy>0</posy>
						<width>214</width>
						<height>160</height>
						<bordertexture border="5">button-nofocus.png</bordertexture>
						<bordersize>5</bordersize>
						<texture background="true">$INFO[Listitem.Icon]</texture>
						<animation effect="fade" start="60" end="80" time="0" condition="true">conditional</animation>
						<visible>!Container.Content(Episodes)</visible>
					</control>
					<control type="image">
						<posx>1</posx>
						<posy>0</posy>
						<width>214</width>
						<height>160</height>
						<aspectratio>scale</aspectratio>
						<bordertexture border="5">button-nofocus.png</bordertexture>
						<bordersize>5</bordersize>
						<texture background="true">$INFO[Listitem.Icon]</texture>
						<animation effect="fade" start="60" end="80" time="0" condition="true">conditional</animation>
						<visible>Container.Content(Episodes) + [StringCompare(ListItem.Label,..) | !Skin.HasSetting(HideEpisodeThumb)]</visible>
					</control>
					<control type="image">
						<posx>1</posx>
						<posy>0</posy>
						<width>214</width>
						<height>160</height>
						<aspectratio>scale</aspectratio>
						<bordertexture border="5">button-nofocus.png</bordertexture>
						<bordersize>5</bordersize>
						<texture background="true">$INFO[ListItem.Property(Fanart_Image)]</texture>
						<animation effect="fade" start="60" end="80" time="0" condition="true">conditional</animation>
						<visible>Container.Content(Episodes) + Skin.HasSetting(HideEpisodeThumb) + !StringCompare(ListItem.Label,..)</visible>
					</control>
					<control type="label">
						<posx>108</posx>
						<posy>160</posy>
						<width>200</width>
						<height>25</height>
						<font>font12</font>
						<textcolor>grey2</textcolor>
						<selectedcolor>selected</selectedcolor>
						<align>center</align>
						<aligny>center</aligny>
						<info>ListItem.Label</info>
					</control>
					<control type="image">
						<posx>170</posx>
						<posy>130</posy>
						<width>30</width>
						<height>30</height>
						<aspectratio>keep</aspectratio>
						<texture>$VAR[WatchTypePath,OverlayStatus/]</texture>
						<visible>Window.IsVisible(Videos) + !IsEmpty(ListItem.Overlay) + !ListItem.IsResumable + !stringcompare(Skin.String(WatchStatusType),Hidden)</visible>
					</control>
				</itemlayout>
				<focusedlayout condition="!Container.Content(Movies) + !Container.Content(Seasons) + !Container.Content(TVShows) + !Container.Content(Sets)" height="186" width="216">
					<control type="image">
						<posx>1</posx>
						<posy>0</posy>
						<width>214</width>
						<height>160</height>
						<bordertexture border="5">folder-focus.png</bordertexture>
						<bordersize>5</bordersize>
						<texture background="true">$INFO[Listitem.Icon]</texture>
						<visible>!Container.Content(Episodes)</visible>
					</control>
					<control type="image">
						<posx>1</posx>
						<posy>0</posy>
						<width>214</width>
						<height>160</height>
						<aspectratio>scale</aspectratio>
						<bordertexture border="5">folder-focus.png</bordertexture>
						<bordersize>5</bordersize>
						<texture background="true">$INFO[Listitem.Icon]</texture>
						<visible>Container.Content(Episodes) + [StringCompare(ListItem.Label,..) | !Skin.HasSetting(HideEpisodeThumb)]</visible>
					</control>
					<control type="image">
						<posx>1</posx>
						<posy>0</posy>
						<width>214</width>
						<height>160</height>
						<aspectratio>scale</aspectratio>
						<bordertexture border="5">folder-focus.png</bordertexture>
						<bordersize>5</bordersize>
						<texture background="true">$INFO[ListItem.Property(Fanart_Image)]</texture>
						<visible>Container.Content(Episodes) + Skin.HasSetting(HideEpisodeThumb) + !StringCompare(ListItem.Label,..)</visible>
					</control>
					<control type="label">
						<posx>108</posx>
						<posy>160</posy>
						<width>200</width>
						<height>25</height>
						<font>font12</font>
						<textcolor>white</textcolor>
						<selectedcolor>selected</selectedcolor>
						<align>center</align>
						<aligny>center</aligny>
						<info>ListItem.Label</info>
					</control>
					<control type="image">
						<posx>180</posx>
						<posy>130</posy>
						<width>30</width>
						<height>30</height>
						<aspectratio>keep</aspectratio>
						<texture>$VAR[WatchTypePath,OverlayStatus/]</texture>
						<visible>Window.IsVisible(Videos) + !IsEmpty(ListItem.Overlay) + !ListItem.IsResumable + !stringcompare(Skin.String(WatchStatusType),Hidden)</visible>
					</control>
				</focusedlayout>
				<itemlayout condition="Container.Content(Movies) | Container.Content(Seasons) | Container.Content(TVShows) | Container.Content(Sets)" height="279" width="216">
					<control type="image">
						<posx>1</posx>
						<posy>0</posy>
						<width>214</width>
						<height>240</height>
						<bordertexture border="5">button-nofocus.png</bordertexture>
						<bordersize>5</bordersize>
						<texture background="true">$VAR[PosterThumb]</texture>
						<animation effect="fade" start="60" end="80" time="0" condition="true">conditional</animation>
					</control>
					<control type="label">
						<posx>108</posx>
						<posy>240</posy>
						<width>200</width>
						<height>25</height>
						<font>font12</font>
						<textcolor>grey2</textcolor>
						<selectedcolor>selected</selectedcolor>
						<align>center</align>
						<aligny>center</aligny>
						<info>ListItem.Label</info>
					</control>
					<control type="image">
						<posx>165</posx>
						<posy>205</posy>
						<width>40</width>
						<height>40</height>
						<aspectratio>keep</aspectratio>
						<texture>$VAR[WatchTypePath,OverlayStatus/]</texture>
						<visible>Window.IsVisible(Videos) + !IsEmpty(ListItem.Overlay) + !ListItem.IsResumable + !stringcompare(Skin.String(WatchStatusType),Hidden)</visible>
					</control>
				</itemlayout>
				<focusedlayout condition="Container.Content(Movies) | Container.Content(Seasons) | Container.Content(TVShows) | Container.Content(Sets)" height="276" width="216">
					<control type="image">
						<posx>1</posx>
						<posy>0</posy>
						<width>214</width>
						<height>240</height>
						<bordertexture border="5">folder-focus.png</bordertexture>
						<bordersize>5</bordersize>
						<texture background="true">$VAR[PosterThumb]</texture>
					</control>
					<control type="label">
						<posx>108</posx>
						<posy>240</posy>
						<width>200</width>
						<height>25</height>
						<font>font12</font>
						<textcolor>white</textcolor>
						<selectedcolor>selected</selectedcolor>
						<align>center</align>
						<aligny>center</aligny>
						<info>ListItem.Label</info>
					</control>
					<control type="image">
						<posx>165</posx>
						<posy>205</posy>
						<width>40</width>
						<height>40</height>
						<aspectratio>keep</aspectratio>
						<texture>$VAR[WatchTypePath,OverlayStatus/]</texture>
						<visible>Window.IsVisible(Videos) + !IsEmpty(ListItem.Overlay) + !ListItem.IsResumable + !stringcompare(Skin.String(WatchStatusType),Hidden)</visible>
					</control>
				</focusedlayout>
			</control>
			<control type="scrollbar" id="60">
				<posx>1170</posx>
				<posy>80</posy>
				<width>25</width>
				<height>550</height>
				<texturesliderbackground border="0,14,0,14">ScrollBarV.png</texturesliderbackground>
				<texturesliderbar border="2,16,2,16">ScrollBarV_bar.png</texturesliderbar>
				<texturesliderbarfocus border="2,16,2,16">ScrollBarV_bar_focus.png</texturesliderbarfocus>
				<textureslidernib>ScrollBarNib.png</textureslidernib>
				<textureslidernibfocus>ScrollBarNib.png</textureslidernibfocus>
				<onleft>500</onleft>
				<onright condition="Skin.HasSetting(DisableHomeReturnButtons)">9000</onright>
				<onright condition="!Skin.HasSetting(DisableHomeReturnButtons)">82</onright>
				<showonepage>true</showonepage>
				<orientation>vertical</orientation>
				<visible>Control.IsVisible(500)</visible>
			</control>
		</control>
	</include>
	<include name="WideIconView">
		<control type="group">
			<visible>Control.IsVisible(505)</visible>
			<include>VisibleFadeEffect</include>
			<control type="panel" id="505">
				<visible>Container.Content(TVShows) | Container.Content(Files)</visible>
				<posx>95</posx>
				<posy>80</posy>
				<width>1080</width>
				<height>550</height>
				<onleft>2</onleft>
				<onright>60</onright>
				<onup>505</onup>
				<ondown>505</ondown>
				<viewtype label="$LOCALIZE[539]">list</viewtype>
				<pagecontrol>60</pagecontrol>
				<scrolltime>200</scrolltime>
				<preloaditems>2</preloaditems>
				<itemlayout height="110" width="540">
					<control type="image">
						<posx>1</posx>
						<posy>0</posy>
						<width>538</width>
						<height>105</height>
						<bordertexture border="5">button-nofocus.png</bordertexture>
						<bordersize>5</bordersize>
						<texture background="true">$VAR[BannerThumb]</texture>
					</control>
					<control type="image">
						<posx>495</posx>
						<posy>65</posy>
						<width>40</width>
						<height>40</height>
						<aspectratio>keep</aspectratio>
						<texture>$VAR[WatchTypePath,OverlayStatus/]</texture>
						<visible>Window.IsVisible(Videos) + !IsEmpty(ListItem.Overlay) + !ListItem.IsResumable + !stringcompare(Skin.String(WatchStatusType),Hidden)</visible>
					</control>
				</itemlayout>
				<focusedlayout height="110" width="540">
					<control type="image">
						<posx>1</posx>
						<posy>0</posy>
						<width>538</width>
						<height>105</height>
						<bordertexture border="5">folder-focus.png</bordertexture>
						<bordersize>5</bordersize>
						<texture background="true">$VAR[BannerThumb]</texture>
					</control>
					<control type="image">
						<posx>495</posx>
						<posy>65</posy>
						<width>40</width>
						<height>40</height>
						<aspectratio>keep</aspectratio>
						<texture>$VAR[WatchTypePath,OverlayStatus/]</texture>
						<visible>Window.IsVisible(Videos) + !IsEmpty(ListItem.Overlay) + !ListItem.IsResumable + !stringcompare(Skin.String(WatchStatusType),Hidden)</visible>
					</control>
				</focusedlayout>
			</control>
			<control type="scrollbar" id="60">
				<posx>1170</posx>
				<posy>80</posy>
				<width>25</width>
				<height>550</height>
				<texturesliderbackground border="0,14,0,14">ScrollBarV.png</texturesliderbackground>
				<texturesliderbar border="2,16,2,16">ScrollBarV_bar.png</texturesliderbar>
				<texturesliderbarfocus border="2,16,2,16">ScrollBarV_bar_focus.png</texturesliderbarfocus>
				<textureslidernib>ScrollBarNib.png</textureslidernib>
				<textureslidernibfocus>ScrollBarNib.png</textureslidernibfocus>
				<onleft>505</onleft>
				<onright condition="Skin.HasSetting(DisableHomeReturnButtons)">9000</onright>
				<onright condition="!Skin.HasSetting(DisableHomeReturnButtons)">82</onright>
				<showonepage>true</showonepage>
				<orientation>vertical</orientation>
				<visible>Control.IsVisible(505)</visible>
			</control>
		</control>
	</include>
	<include name="FullWidthList">
		<control type="group">
			<visible>Control.IsVisible(51)</visible>
			<include>VisibleFadeEffect</include>
			<control type="list" id="51">
				<posx>95</posx>
				<posy>78</posy>
				<width>1080</width>
				<height>561</height>
				<onleft>2</onleft>
				<onright>60</onright>
				<onup>51</onup>
				<ondown>51</ondown>
				<viewtype label="537">list</viewtype>
				<pagecontrol>60</pagecontrol>
				<scrolltime>200</scrolltime>
				<itemlayout height="40" width="1080">
					<control type="image">
						<posx>0</posx>
						<posy>0</posy>
						<width>1080</width>
						<height>41</height>
						<texture border="0,2,0,2">MenuItemNF.png</texture>
					</control>
					<control type="image">
						<posx>10</posx>
						<posy>4</posy>
						<width>40</width>
						<height>32</height>
						<texture background="true">$INFO[ListItem.Icon]</texture>
						<visible>!Container.Content(Episodes) | StringCompare(ListItem.Label,..) | [Container.Content(Episodes) + !Skin.HasSetting(HideEpisodeThumb)]</visible>
					</control>
					<control type="image">
						<posx>10</posx>
						<posy>4</posy>
						<width>40</width>
						<height>32</height>
						<texture background="true">$INFO[ListItem.Property(Fanart_Image)]</texture>
						<visible>Container.Content(Episodes) + Skin.HasSetting(HideEpisodeThumb) + !StringCompare(ListItem.Label,..)</visible>
					</control>
					<control type="label">
						<posx>60</posx>
						<posy>0</posy>
						<width>950</width>
						<height>40</height>
						<font>font13</font>
						<textcolor>grey2</textcolor>
						<selectedcolor>selected</selectedcolor>
						<align>left</align>
						<aligny>center</aligny>
						<label>$VAR[MainItemLabel]</label>
					</control>
					<control type="label">
						<posx>1060</posx>
						<posy>0</posy>
						<width>1000</width>
						<height>40</height>
						<font>font12</font>
						<textcolor>grey2</textcolor>
						<selectedcolor>selected</selectedcolor>
						<align>right</align>
						<aligny>center</aligny>
						<label>$INFO[ListItem.Label2]</label>
						<visible>!Window.IsVisible(Videos)</visible>
					</control>
					<control type="label">
						<posx>1005</posx>
						<posy>0</posy>
						<width>940</width>
						<height>40</height>
						<font>font12</font>
						<textcolor>grey2</textcolor>
						<selectedcolor>selected</selectedcolor>
						<align>right</align>
						<aligny>center</aligny>
						<label>$INFO[ListItem.Label2]</label>
						<visible>Window.IsVisible(Videos)</visible>
						<animation effect="slide" start="0,0" end="40,0" delay="0" time="0" condition="![Container.Content(Movies) | Container.Content(Episodes) | Container.Content(MusicVideos)]">conditional</animation>
						<animation effect="slide" start="0,0" end="18,0" delay="0" time="0" condition="stringcompare(Skin.String(WatchStatusType),Hidden)">conditional</animation>
					</control>
					<control type="image">
						<posx>1010</posx>
						<posy>8</posy>
						<width>40</width>
						<height>26</height>
						<texture>$VAR[VideoResolutionFlag]</texture>
						<animation effect="slide" start="0,0" end="18,0" delay="0" time="0" condition="stringcompare(Skin.String(WatchStatusType),Hidden)">conditional</animation>
						<visible>Window.IsVisible(Videos) + [Container.Content(Movies) | Container.Content(Episodes) | Container.Content(MusicVideos)]</visible>
						<visible>!Skin.HasSetting(ViewSubTitleFlag)</visible>
					</control>
					<control type="image">
						<posx>1016</posx>
						<posy>8</posy>
						<width>26</width>
						<height>26</height>
						<fadetime>IconCrossfadeTime</fadetime>
						<texture>$INFO[ListItem.SubtitleLanguage,Language/,.png]</texture>
						<animation effect="slide" start="0,0" end="18,0" delay="0" time="0" condition="stringcompare(Skin.String(WatchStatusType),Hidden)">conditional</animation>
						<visible>Window.IsVisible(Videos) + [Container.Content(Movies) | Container.Content(Episodes) | Container.Content(MusicVideos)]</visible>
						<visible>Skin.HasSetting(ViewSubTitleFlag) + !IsEmpty(ListItem.SubtitleLanguage)</visible>
					</control>
					<control type="group">
						<control type="image">
							<posx>1045</posx>
							<posy>3</posy>
							<width>32</width>
							<height>32</height>
							<texture diffuse="poster-diffuse.png">OverlayStatus/resumable/OverlayUnwatched.png</texture>
							<visible>ListItem.IsResumable</visible>
						</control>
						<control type="image">
							<posx>1045</posx>
							<posy>3</posy>
							<width>32</width>
							<height>32</height>
							<texture diffuse="poster-diffuse.png">$VAR[PartlyWatched,OverlayStatus/resumable/,.png]</texture>
							<visible>ListItem.IsResumable</visible>
						</control>
						<control type="image">
							<posx>1047</posx>
							<posy>14</posy>
							<width>25</width>
							<height>21</height>
							<texture>$VAR[WatchTypePath,OverlayStatus/]</texture>
							<visible>!ListItem.IsResumable</visible>
						</control>
						<visible>Window.IsVisible(Videos) + !IsEmpty(ListItem.Overlay) + !stringcompare(Skin.String(WatchStatusType),Hidden)</visible>
					</control>
				</itemlayout>
				<focusedlayout height="40" width="1080">
					<control type="image">
						<posx>0</posx>
						<posy>0</posy>
						<width>1080</width>
						<height>41</height>
						<texture border="0,2,0,2">MenuItemNF.png</texture>
						<visible>!Control.HasFocus(51)</visible>
						<include>VisibleFadeEffect</include>
					</control>
					<control type="image">
						<posx>0</posx>
						<posy>0</posy>
						<width>1080</width>
						<height>41</height>
						<texture border="0,2,0,2">MenuItemFO.png</texture>
						<visible>Control.HasFocus(51)</visible>
						<include>VisibleFadeEffect</include>
					</control>
					<control type="image">
						<posx>875</posx>
						<posy>4</posy>
						<width>200</width>
						<height>33</height>
						<texture border="0,0,14,0">MediaItemDetailBG.png</texture>
						<visible>Control.HasFocus(51) + !IsEmpty(ListItem.Label2)</visible>
					</control>
					<control type="image">
						<posx>10</posx>
						<posy>4</posy>
						<width>40</width>
						<height>32</height>
						<texture background="true">$INFO[ListItem.Icon]</texture>
						<visible>!Container.Content(Episodes) | StringCompare(ListItem.Label,..) | [Container.Content(Episodes) + !Skin.HasSetting(HideEpisodeThumb)]</visible>
					</control>
					<control type="image">
						<posx>10</posx>
						<posy>4</posy>
						<width>40</width>
						<height>32</height>
						<texture background="true">$INFO[ListItem.Property(Fanart_Image)]</texture>
						<visible>Container.Content(Episodes) + Skin.HasSetting(HideEpisodeThumb) + !StringCompare(ListItem.Label,..)</visible>
					</control>
					<control type="label">
						<posx>60</posx>
						<posy>0</posy>
						<width>950</width>
						<height>40</height>
						<font>font13</font>
						<textcolor>white</textcolor>
						<selectedcolor>selected</selectedcolor>
						<align>left</align>
						<aligny>center</aligny>
						<label>$VAR[MainItemLabel]</label>
					</control>
					<control type="label">
						<posx>1060</posx>
						<posy>0</posy>
						<width>1000</width>
						<height>40</height>
						<font>font12</font>
						<textcolor>grey2</textcolor>
						<selectedcolor>selected</selectedcolor>
						<align>right</align>
						<aligny>center</aligny>
						<label>$INFO[ListItem.Label2]</label>
						<visible>!Window.IsVisible(Videos)</visible>
					</control>
					<control type="label">
						<posx>1005</posx>
						<posy>0</posy>
						<width>940</width>
						<height>40</height>
						<font>font12</font>
						<textcolor>grey2</textcolor>
						<selectedcolor>selected</selectedcolor>
						<align>right</align>
						<aligny>center</aligny>
						<label>$INFO[ListItem.Label2]</label>
						<visible>Window.IsVisible(Videos)</visible>
						<animation effect="slide" start="0,0" end="40,0" delay="0" time="0" condition="![Container.Content(Movies) | Container.Content(Episodes) | Container.Content(MusicVideos)]">conditional</animation>
						<animation effect="slide" start="0,0" end="18,0" delay="0" time="0" condition="stringcompare(Skin.String(WatchStatusType),Hidden)">conditional</animation>
					</control>
					<control type="image">
						<posx>1010</posx>
						<posy>8</posy>
						<width>40</width>
						<height>26</height>
						<texture>$VAR[VideoResolutionFlag]</texture>
						<animation effect="slide" start="0,0" end="18,0" delay="0" time="0" condition="stringcompare(Skin.String(WatchStatusType),Hidden)">conditional</animation>
						<visible>Window.IsVisible(Videos) + [Container.Content(Movies) | Container.Content(Episodes) | Container.Content(MusicVideos)]</visible>
						<visible>!Skin.HasSetting(ViewSubTitleFlag)</visible>
					</control>
					<control type="image">
						<posx>1016</posx>
						<posy>8</posy>
						<width>26</width>
						<height>26</height>
						<fadetime>IconCrossfadeTime</fadetime>
						<texture>$INFO[ListItem.SubtitleLanguage,Language/,.png]</texture>
						<animation effect="slide" start="0,0" end="18,0" delay="0" time="0" condition="stringcompare(Skin.String(WatchStatusType),Hidden)">conditional</animation>
						<visible>Window.IsVisible(Videos) + [Container.Content(Movies) | Container.Content(Episodes) | Container.Content(MusicVideos)]</visible>
						<visible>Skin.HasSetting(ViewSubTitleFlag) + !IsEmpty(ListItem.SubtitleLanguage)</visible>
					</control>
					<control type="group">
						<control type="image">
							<posx>1045</posx>
							<posy>3</posy>
							<width>32</width>
							<height>32</height>
							<texture diffuse="poster-diffuse.png">OverlayStatus/resumable/OverlayUnwatched.png</texture>
							<visible>ListItem.IsResumable</visible>
						</control>
						<control type="image">
							<posx>1045</posx>
							<posy>3</posy>
							<width>32</width>
							<height>32</height>
							<texture diffuse="poster-diffuse.png">$VAR[PartlyWatched,OverlayStatus/resumable/,.png]</texture>
							<visible>ListItem.IsResumable</visible>
						</control>
						<control type="image">
							<posx>1047</posx>
							<posy>14</posy>
							<width>25</width>
							<height>21</height>
							<texture>$VAR[WatchTypePath,OverlayStatus/]</texture>
							<visible>!ListItem.IsResumable</visible>
						</control>
						<visible>Window.IsVisible(Videos) + !IsEmpty(ListItem.Overlay) + !stringcompare(Skin.String(WatchStatusType),Hidden)</visible>
					</control>
				</focusedlayout>
			</control>
			<control type="scrollbar" id="60">
				<posx>1170</posx>
				<posy>80</posy>
				<width>25</width>
				<height>550</height>
				<texturesliderbackground border="0,14,0,14">ScrollBarV.png</texturesliderbackground>
				<texturesliderbar border="0,14,0,14">ScrollBarV_bar.png</texturesliderbar>
				<texturesliderbarfocus border="0,14,0,14">ScrollBarV_bar_focus.png</texturesliderbarfocus>
				<textureslidernib>ScrollBarNib.png</textureslidernib>
				<textureslidernibfocus>ScrollBarNib.png</textureslidernibfocus>
				<onleft>50</onleft>
				<onright condition="Skin.HasSetting(DisableHomeReturnButtons)">9000</onright>
				<onright condition="!Skin.HasSetting(DisableHomeReturnButtons)">82</onright>
				<showonepage>true</showonepage>
				<orientation>vertical</orientation>
				<visible>Control.IsVisible(51)</visible>
			</control>
		</control>
	</include>
</includes>