<?xml version="1.0" encoding="utf-8"?>
<window type="dialog" id="2115">
	<defaultcontrol always="true">450</defaultcontrol>
	<coordinates>
		<system>1</system>
		<posx>0</posx>
		<posy>0</posy>
	</coordinates>
	<onload>SetProperty(MenuItemType,MainMenu)</onload>
	<onunload>ClearProperty(MenuItemType)</onunload>
	<onunload>ClearProperty(UsrSelectPath,home)</onunload>
	<controls>
		<control type="group">
			<animation effect="slide" start="400,0" end="0,0" time="400" tween="quadratic" easing="out">WindowOpen</animation>
			<animation effect="slide" start="0,0" end="400,0" time="400" tween="quadratic" easing="out">WindowClose</animation>
			<control type="image">
				<posx>400r</posx>
				<posy>0</posy>
				<width>400</width>
				<height>720</height>
				<texture border="15,0,0,0" flipx="true">HomeBladeSub.png</texture>
			</control>
			<control type="button">
				<description>Close Window button</description>
				<posx>380r</posx>
				<posy>0</posy>
				<width>64</width>
				<height>32</height>
				<label>-</label>
				<font>-</font>
				<onclick>PreviousMenu</onclick>
				<texturefocus>DialogCloseButton-focus.png</texturefocus>
				<texturenofocus>DialogCloseButton.png</texturenofocus>
				<onleft>450</onleft>
				<onright>450</onright>
				<onup>450</onup>
				<ondown>450</ondown>
				<visible>system.getbool(input.enablemouse)</visible>
			</control>
			<control type="label">
				<posx>380r</posx>
				<posy>35</posy>
				<width>360</width>
				<height>40</height>
				<font>font13_title</font>
				<align>center</align>
				<aligny>center</aligny>
				<textcolor>blue</textcolor>
				<shadowcolor>black</shadowcolor>
				<label>$LOCALIZE[31130]</label>
			</control>
			<control type="list" id="450">
				<posx>390r</posx>
				<posy>130</posy>
				<width>440</width>
				<height>480</height>
				<onup>450</onup>
				<onleft>Dialog.Close(2115)</onleft>
				<onright>60</onright>
				<ondown>450</ondown>
				<pagecontrol>60</pagecontrol>
				<scrolltime>200</scrolltime>
				<itemlayout height="40">
					<control type="image">
						<posx>0</posx>
						<posy>0</posy>
						<width>360</width>
						<height>40</height>
						<texture border="5">button-nofocus.png</texture>
					</control>
					<control type="label">
						<posx>10</posx>
						<posy>0</posy>
						<width>340</width>
						<height>40</height>
						<font>font12_title</font>
						<align>left</align>
						<aligny>center</aligny>
						<selectedcolor>selected</selectedcolor>
						<info>ListItem.Label</info>
					</control>
				</itemlayout>
				<focusedlayout height="40">
					<control type="image">
						<posx>0</posx>
						<posy>0</posy>
						<width>360</width>
						<height>40</height>
						<visible>!Control.HasFocus(450)</visible>
						<texture border="3">button-nofocus.png</texture>
					</control>
					<control type="image">
						<posx>0</posx>
						<posy>0</posy>
						<width>360</width>
						<height>40</height>
						<visible>Control.HasFocus(450)</visible>
						<texture border="3">button-focus.png</texture>
					</control>
					<control type="label">
						<posx>10</posx>
						<posy>0</posy>
						<width>340</width>
						<height>40</height>
						<font>font12_title</font>
						<align>left</align>
						<aligny>center</aligny>
						<selectedcolor>selected</selectedcolor>
						<info>ListItem.Label</info>
					</control>
				</focusedlayout>
				<include>MenuItemChoices</include>
			</control>
			<control type="button">
				<description>Up Arrow</description>
				<posx>390r</posx>
				<posy>95</posy>
				<width>30</width>
				<height>40</height>
				<texturefocus>arrow-big-up.png</texturefocus>
				<texturenofocus>arrow-big-up.png</texturenofocus>
				<onclick>Control.Move(450,-1)</onclick>
				<visible>Container(450).HasPrevious</visible>
				<include>VisibleFadeEffect</include>
			</control>
			<control type="button">
				<description>Up Arrow</description>
				<posx>60r</posx>
				<posy>95</posy>
				<width>30</width>
				<height>40</height>
				<texturefocus>arrow-big-up.png</texturefocus>
				<texturenofocus>arrow-big-up.png</texturenofocus>
				<onclick>Control.Move(450,-1)</onclick>
				<visible>Container(450).HasPrevious</visible>
				<include>VisibleFadeEffect</include>
			</control>
			<control type="button">
				<description>Down Arrow</description>
				<posx>390r</posx>
				<posy>605</posy>
				<width>30</width>
				<height>40</height>
				<texturefocus>arrow-big-down.png</texturefocus>
				<texturenofocus>arrow-big-down.png</texturenofocus>
				<onclick>Control.Move(450,1)</onclick>
				<visible>Container(450).HasNext</visible>
				<include>VisibleFadeEffect</include>
			</control>
			<control type="button">
				<description>Down Arrow</description>
				<posx>60r</posx>
				<posy>605</posy>
				<width>30</width>
				<height>40</height>
				<texturefocus>arrow-big-down.png</texturefocus>
				<texturenofocus>arrow-big-down.png</texturenofocus>
				<onclick>Control.Move(450,1)</onclick>
				<visible>Container(450).HasNext</visible>
				<include>VisibleFadeEffect</include>
			</control>
			<control type="scrollbar" id="60">
				<posx>1250</posx>
				<posy>95</posy>
				<width>25</width>
				<height>550</height>
				<texturesliderbackground border="0,14,0,14">ScrollBarV.png</texturesliderbackground>
				<texturesliderbar border="0,14,0,14">ScrollBarV_bar.png</texturesliderbar>
				<texturesliderbarfocus border="0,14,0,14">ScrollBarV_bar_focus.png</texturesliderbarfocus>
				<textureslidernib>ScrollBarNib.png</textureslidernib>
				<textureslidernibfocus>ScrollBarNib.png</textureslidernibfocus>
				<onleft>450</onleft>
				<onright>450</onright>
				<showonepage>true</showonepage>
				<orientation>vertical</orientation>
				<visible>Control.IsVisible(450)</visible>
			</control>
		</control>
	</controls>
</window>