<?xml version="1.0" encoding="utf-8"?>
<window>
	<defaultcontrol always="true">50</defaultcontrol>
	<allowoverlay>no</allowoverlay>
	<views>50,501,730,724,555,732,508,515,504,503,500,51,505,550,551,560,511</views>
	<onload condition="!Skin.HasSetting(HideTvTunes) + System.HasAddon(script.tvtunes)">XBMC.RunScript(script.tvtunes,backend=True)</onload>
	<controls>
		<include>CommonBackground</include>
		<include>ContentPanelBackgrounds</include>
		<control type="group">
			<include>Window_OpenClose_Animation</include>
			<include>CommonRootView</include>
			<!-- view id = 50 -->
			<include>FullWidthList</include>
			<!-- view id = 51 -->
			<include>ThumbnailView</include>
			<!-- view id = 500 -->
			<include>PosterWrapView</include>
			<!-- view id = 501 -->
			<include>PosterWrapView2_Fanart</include>
			<!-- view id = 508 -->
			<include>MediaListView3</include>
			<!-- view id = 503 -->
			<include>MediaListView2</include>
			<!-- view id = 504 -->
			<include>MediaListView4</include>
			<!-- view id = 515 -->
			<include>WideIconView</include>
			<!-- view id = 505 -->
			<include>MusicVideoInfoListView</include>
			<!-- view id = 511 -->
			<include>AddonInfoListView1</include>
			<!-- view id = 550 -->
			<include>AddonInfoThumbView1</include>
			<!-- view id = 551 -->
			<include>LiveTVView1</include>
			<!-- view id = 560 -->
			<include>Lowlist</include>
			<!-- view id = 724 -->
			<include>LogoVertical</include>
			<!-- view id = 730 -->
			<include>FullWallView</include>
			<!-- view id = 732 -->
			<include>Coverflowview</include>
			<!-- view id = 555 -->
		</control>
		<include condition="!Skin.HasSetting(HideNumItemsCount)">CommonPageCount</include>
		<include>CommonNowPlaying</include>
		<include>MainWindowMouseButtons</include>
		<include>BehindDialogFadeOut</include>
		<control type="group">
			<visible>!Skin.HasSetting(KioskMode)</visible>
			<posx>-250</posx>
			<include>SideBladeLeft</include>
			<control type="grouplist" id="9000">
				<posx>0</posx>
				<posy>110</posy>
				<width>250</width>
				<height>600</height>
				<onleft condition="Skin.HasSetting(DisableHomeReturnButtons)">9000</onleft>
				<onleft condition="!Skin.HasSetting(DisableHomeReturnButtons)">83</onleft>
				<onright>50</onright>
				<onup>9000</onup>
				<ondown>9000</ondown>
				<onback>50</onback>
				<itemgap>0</itemgap>
				<control type="label" id="200">
					<width>250</width>
					<height>35</height>
					<font>font12</font>
					<label>31006</label>
					<textcolor>blue</textcolor>
					<align>center</align>
					<aligny>center</aligny>
				</control>
				<control type="button" id="2">
					<description>View As button</description>
					<textwidth>235</textwidth>
					<include>ButtonCommonValues</include>
					<label>-</label>
				</control>
				<control type="button" id="3">
					<description>Sort by button</description>
					<include>ButtonCommonValues</include>
					<label>103</label>
				</control>
				<control type="togglebutton" id="4">
					<description>Sort asc</description>
					<include>ButtonCommonValues</include>
					<alttexturefocus border="5">button-focus.png</alttexturefocus>
					<alttexturenofocus>-</alttexturenofocus>
					<label>31051</label>
					<altlabel>31050</altlabel>
					<usealttexture>Container.SortDirection(Ascending)</usealttexture>
				</control>
				<control type="edit" id="19">
					<visible>Container.CanFilter + !Container.CanFilterAdvanced</visible>
					<description>Filter</description>
					<textwidth>230</textwidth>
					<include>ButtonCommonValues</include>
					<label>587</label>
				</control>
				<control type="radiobutton" id="98">
					<visible>Container.CanFilterAdvanced</visible>
					<description>Filter</description>
					<include>ButtonCommonValues</include>
					<label>587</label>
					<selected>Container.Filtered</selected>
					<onclick>right</onclick>
					<onclick>Filter</onclick>
				</control>
				<control type="label" id="201">
					<width>250</width>
					<height>35</height>
					<font>font12</font>
					<label>31026</label>
					<textcolor>blue</textcolor>
					<align>center</align>
					<aligny>center</aligny>
				</control>
				<control type="radiobutton" id="99">
					<description>Subtitle Flags</description>
					<textwidth>170</textwidth>
					<include>ButtonCommonValues</include>
					<label>31092</label>
					<onclick>Skin.ToggleSetting(ViewSubTitleFlag)</onclick>
					<selected>Skin.HasSetting(ViewSubTitleFlag)</selected>
					<visible>Control.IsVisible(50) | Control.IsVisible(51) | Control.IsVisible(503) | Control.IsVisible(504)</visible>
					<visible>Window.IsVisible(Videos) + [Container.Content(Movies) | Container.Content(Episodes) | Container.Content(MusicVideos)]</visible>
				</control>
				<control type="radiobutton" id="100">
					<description>individual Genre Icons</description>
					<textwidth>170</textwidth>
					<include>ButtonCommonValues</include>
					<label>31091</label>
					<onclick>Skin.ToggleSetting(View501GenreIcons)</onclick>
					<selected>!Skin.HasSetting(View501GenreIcons)</selected>
					<visible>Control.IsVisible(501) + [Container.Content(TVShows) | Container.Content(Movies)]</visible>
				</control>
				<control type="radiobutton" id="101">
					<description>TVShow Banners Banners</description>
					<textwidth>170</textwidth>
					<include>ButtonCommonValues</include>
					<label>31090</label>
					<onclick>Skin.ToggleSetting(View515HideTVBanners)</onclick>
					<selected>!Skin.HasSetting(View515HideTVBanners)</selected>
					<visible>Control.IsVisible(515) + Container.Content(TVShows)</visible>
				</control>
				<control type="radiobutton" id="102">
					<description>TVShow Character Art</description>
					<textwidth>170</textwidth>
					<include>ButtonCommonValues</include>
					<label>31318</label>
					<onclick>Skin.ToggleSetting(View503CharacterArt)</onclick>
					<selected>Skin.HasSetting(View503CharacterArt)</selected>
					<visible>Control.IsVisible(503) + Container.Content(TVShows)</visible>
				</control>
				<control type="radiobutton" id="103">
					<description>Show Season FanArt</description>
					<textwidth>170</textwidth>
					<include>ButtonCommonValues</include>
					<label>31315</label>
					<onclick>Skin.ToggleSetting(View515SeasonArt)</onclick>
					<selected>Skin.HasSetting(View515SeasonArt)</selected>
					<visible>Control.IsVisible(515) + [Container.Content(Seasons) | Container.Content(Episodes)]</visible>
				</control>
				<control type="radiobutton" id="104">
					<description>Show Watched Banners</description>
					<textwidth>170</textwidth>
					<include>ButtonCommonValues</include>
					<label>31304</label>
					<onclick>Skin.ToggleSetting(ViewStatusBanner)</onclick>
					<selected>!Skin.HasSetting(ViewStatusBanner)</selected>
					<visible>Control.IsVisible(501) | Control.IsVisible(508) | Control.IsVisible(732)</visible>
				</control>
				<control type="radiobutton" id="105">
					<description>Show ExtraFanArt Toggle</description>
					<textwidth>170</textwidth>
					<include>ButtonCommonValues</include>
					<label>31305</label>
					<onclick>Skin.ToggleSetting(View504XtraFanArt)</onclick>
					<selected>!Skin.HasSetting(View504XtraFanArt)</selected>
					<visible>Control.IsVisible(504)</visible>
				</control>
				<control type="radiobutton" id="106">
					<description>Show Logo Toggle</description>
					<textwidth>170</textwidth>
					<include>ButtonCommonValues</include>
					<label>31306</label>
					<onclick>Skin.ToggleSetting(View515Hidelogo)</onclick>
					<selected>Skin.HasSetting(View515Hidelogo)</selected>
					<visible>Control.IsVisible(515) + !Container.Content(Seasons) + !Container.Content(Episodes)</visible>
				</control>
				<control type="radiobutton" id="107">
					<description>Show Info Toggle</description>
					<textwidth>170</textwidth>
					<include>ButtonCommonValues</include>
					<label>31005</label>
					<onclick>Skin.ToggleSetting(View508HideInfo)</onclick>
					<selected>Skin.HasSetting(View508HideInfo)</selected>
					<visible>Control.IsVisible(508)</visible>
				</control>
				<control type="radiobutton" id="108">
					<description>Disable Show Info Toggle 508 Delay</description>
					<textwidth>170</textwidth>
					<include>ButtonCommonValues</include>
					<label>$LOCALIZE[31307]</label>
					<onclick>Skin.ToggleSetting(View508DelayInfo)</onclick>
					<selected>!Skin.HasSetting(View508DelayInfo)</selected>
					<enable>!Skin.HasSetting(View508HideInfo)</enable>
					<visible>Control.IsVisible(508)</visible>
				</control>
				<control type="radiobutton" id="109">
					<description>Show Logo Toggle</description>
					<textwidth>170</textwidth>
					<include>ButtonCommonValues</include>
					<label>31306</label>
					<onclick>Skin.ToggleSetting(View730HideLogo)</onclick>
					<selected>Skin.HasSetting(View730HideLogo)</selected>
					<visible>Control.IsVisible(730) + !Container.Content(Seasons) + !Container.Content(Episodes)</visible>
				</control>
				<control type="radiobutton" id="110">
					<description>Show Episode Thumbnail Toggle</description>
					<textwidth>170</textwidth>
					<include>ButtonCommonValues</include>
					<label>31195</label>
					<onclick>Skin.ToggleSetting(View730ShowThumb)</onclick>
					<selected>Skin.HasSetting(View730ShowThumb)</selected>
					<visible>Control.IsVisible(730) + Container.Content(Episodes)</visible>
				</control>
				<control type="radiobutton" id="111">
					<description>Show DVD Cases Toggle</description>
					<textwidth>170</textwidth>
					<include>ButtonCommonValues</include>
					<label>31041</label>
					<onclick>Skin.ToggleSetting(View724DisableCases)</onclick>
					<selected>Skin.HasSetting(View724DisableCases)</selected>
					<visible>Control.IsVisible(724)</visible>
				</control>
				<control type="radiobutton" id="112">
					<description>Use Disk Type Case</description>
					<textwidth>170</textwidth>
					<include>ButtonCommonValues</include>
					<label>31670</label>
					<onclick>Skin.ToggleSetting(UseDiscTypeCase)</onclick>
					<selected>Skin.HasSetting(UseDiscTypeCase)</selected>
					<enable>!Skin.HasSetting(View724DisableCases)</enable>
					<visible>Control.IsVisible(724)</visible>
				</control>
				<control type="radiobutton" id="14">
					<description>Watched Toggle</description>
					<textwidth>170</textwidth>
					<include>ButtonCommonValues</include>
					<label>20367</label>
				</control>
				<control type="button" id="8">
					<description>Search</description>
					<include>ButtonCommonValues</include>
					<label>137</label>
				</control>
				<control type="radiobutton" id="16">
					<description>PartyMode</description>
					<label>589</label>
					<include>ButtonCommonValues</include>
					<visible>Container.Content(MusicVideos)</visible>
				</control>
				<control type="radiobutton" id="11">
					<description>Unlock Shares</description>
					<textwidth>170</textwidth>
					<include>ButtonCommonValues</include>
					<label>20336</label>
					<onclick>xbmc.mastermode</onclick>
					<selected>system.ismaster</selected>
					<visible>system.haslocks</visible>
				</control>
				<control type="togglebutton" id="20">
					<description>Update library</description>
					<include>ButtonCommonValues</include>
					<label>653</label>
					<altlabel>13353</altlabel>
					<alttexturefocus border="5">button-focus.png</alttexturefocus>
					<alttexturenofocus>-</alttexturenofocus>
					<usealttexture>library.isscanningvideo</usealttexture>
				</control>
				<control type="button" id="113">
					<description>Trakt.tv</description>
					<include>ButtonCommonValues</include>
					<label>31077</label>
					<onclick>RunScript(script.trakt,action=contextmenu)</onclick>
					<visible>System.HasAddon(plugin.video.trakt_list_manager)</visible>
				</control>
				<include>CommonNowPlaying_Controls</include>
			</control>
		</control>
		<include>UserLocalInfo</include>
	</controls>
</window>