<?xml version="1.0" encoding="utf-8"?>
<window>
	<defaultcontrol>-</defaultcontrol>
	<include>DialogEffect</include>
	<coordinates>
		<system>0</system>
		<left>0</left>
		<top>0</top>
	</coordinates>
	<controls>
		<control type="image">
			<left>5</left>
			<top>5</top>
			<width>45</width>
			<height>45</height>
			<aspectratio>keep</aspectratio>
			<texture>icon-mute.png</texture>
			<animation effect="slide" start="0,0" end="0,-50" time="100" condition="Window.IsVisible(busydialog) | Window.IsVisible(infodialog) | Window.IsVisible(extendedprogressdialog)">conditional</animation>
		</control>
	</controls>
</window>