<?xml version="1.0" encoding="utf-8"?>
<window>
	<defaultcontrol></defaultcontrol>
	<animation effect="slide" start="0,-70" end="0,0" time="200">WindowOpen</animation>
	<animation effect="slide" start="0,0" end="0,-70" delay="400" time="100">WindowClose</animation>
	<controls>
		<control type="group">
			<left>10</left>
			<top>0</top>
			<animation effect="slide" start="0,0" end="0,-60" time="200" condition="Window.IsVisible(infodialog) | Window.IsVisible(volumebar)">conditional</animation>
			<control type="label" id="30">
				<description>Header Label</description>
				<left>0</left>
				<top>4</top>
				<width>360</width>
				<height>18</height>
				<font>font10_title</font>
				<textcolor>selected</textcolor>
				<align>left</align>
				<aligny>center</aligny>
			</control>
			<control type="label" id="31">
				<description>Title Label</description>
				<left>0</left>
				<top>20</top>
				<width>360</width>
				<height>20</height>
				<font>font10</font>
				<align>left</align>
				<aligny>center</aligny>
			</control>
			<control type="progress" id="32">
				<description>progress control</description>
				<left>0</left>
				<top>42</top>
				<width>360</width>
				<height>8</height>
			</control>
		</control>
	</controls>
</window>