<?xml version="1.0" encoding="utf-8"?>
<window>
	<defaultcontrol>1</defaultcontrol>
	<animation effect="slide" start="0,-45" end="0,0" time="200">WindowOpen</animation>
	<animation effect="slide" start="0,0" end="0,-45" delay="400" time="200">WindowClose</animation>
	<controls>
		<control type="group">
			<animation effect="slide" start="0,0" end="0,-60" time="200" condition="Window.IsVisible(infodialog) | Window.IsVisible(extendedprogressdialog)">conditional</animation>
			<left>40</left>
			<top>0</top>
			<control type="group">
				<visible>!player.passthrough</visible>
				<control type="image">
					<left>10</left>
					<top>0</top>
					<width>40</width>
					<height>35</height>
					<aspectratio>keep</aspectratio>
					<texture>VolumeIcon.png</texture>
				</control>
				<control type="progress" id="1">
					<left>50</left>
					<top>8</top>
					<width>230</width>
					<height>18</height>
					<info>Player.Volume</info>
				</control>
				<control type="label" id="1">
					<left>10</left>
					<top>26</top>
					<width>270</width>
					<height>20</height>
					<label>$LOCALIZE[13376] $INFO[Player.Volume]</label>
					<font>font10_title</font>
					<textcolor>white</textcolor>
					<shadowcolor>black</shadowcolor>
					<align>center</align>
					<aligny>center</aligny>
				</control>
			</control>
			<control type="group">
				<visible>player.passthrough</visible>
				<control type="image">
					<left>240</left>
					<top>0</top>
					<width>40</width>
					<height>35</height>
					<aspectratio>keep</aspectratio>
					<colordiffuse>CCFF0000</colordiffuse>
					<texture>VolumeIcon.png</texture>
				</control>
				<control type="label">
					<left>235</left>
					<top>6</top>
					<width>230</width>
					<height>20</height>
					<label>$LOCALIZE[29802]</label>
					<font>font10_title</font>
					<textcolor>white</textcolor>
					<shadowcolor>black</shadowcolor>
					<align>right</align>
					<aligny>center</aligny>
				</control>
			</control>
		</control>
	</controls>
</window>