<?xml version="1.0" encoding="UTF-8"?>
<window>
	<onunload>Skin.SetString(lastweatherview,$INFO[Window.Property(Weather.CurrentView)])</onunload>
	<onload>SetProperty(Weather.CurrentView,$INFO[Skin.String(lastweatherview)])</onload>
	<defaultcontrol always="true">50</defaultcontrol>
	<allowoverlay>no</allowoverlay>
	<controls>
		<include>CommonBackground</include>
		<control type="button" id="800">
			<include>InvisibleButton</include>
			<onleft>801</onleft>
			<onright>804</onright>
			<onup>50</onup>
			<ondown>50</ondown>
			<visible>false</visible>
		</control>
		<control type="multiimage">
			<include>Dimensions_Fullscreen</include>
			<imagepath background="true">$VAR[WeatherBackground]</imagepath>
			<timeperimage>10000</timeperimage>
			<randomize>true</randomize>
			<fadetime>1000</fadetime>
			<include>VisibleFadeEffect</include>
			<visible>!Skin.HasSetting(HideWeatherFanart)</visible>
			<animation effect="fade" time="200">WindowClose</animation>
		</control>
		<control type="grouplist">
			<left>5</left>
			<top>5</top>
			<width>1270</width>
			<height>30</height>
			<orientation>horizontal</orientation>
			<align>center</align>
			<itemgap>5</itemgap>
			<control type="label">
				<include>WindowTitleCommons</include>
				<label>$LOCALIZE[8]</label>
			</control>
		</control>
		<control type="image">
			<left>0</left>
			<top>100r</top>
			<width>1280</width>
			<height>100</height>
			<texture>floor.png</texture>
			<include>VisibleFadeEffect</include>
			<animation effect="slide" start="0,10" end="0,0" time="200" condition="Window.Previous(Home)">WindowOpen</animation>
			<animation effect="slide" start="0,0" end="0,10" time="200" condition="Window.Next(Home)">WindowClose</animation>
		</control>
		<control type="group">
			<animation type="WindowOpen" reversible="false">
				<effect type="zoom" start="80" end="100" center="640,360" easing="out" tween="back" time="300" />
				<effect type="fade" start="0" end="100" time="300" />
			</animation>
			<animation type="WindowClose" reversible="false">
				<effect type="zoom" start="100" end="80" center="640,360" easing="in" tween="back" time="300" />
				<effect type="fade" start="100" end="0" time="300" />
			</animation>
			<include>VisibleFadeEffect</include>
			<control type="group">
				<left>60</left>
				<top>40</top>
				<control type="image">
					<left>0</left>
					<top>0</top>
					<width>500</width>
					<height>620</height>
					<texture border="20">ContentPanel.png</texture>
				</control>
				<control type="image">
					<left>0</left>
					<top>612</top>
					<width>500</width>
					<height>64</height>
					<texture border="10">ContentPanelMirror.png</texture>
				</control>
				<control type="image">
					<left>8</left>
					<top>5</top>
					<width>484</width>
					<height>45</height>
					<texture>dialogheader.png</texture>
				</control>
				<control type="label">
					<description>header label</description>
					<left>20</left>
					<top>15</top>
					<width>460</width>
					<height>30</height>
					<font>font13_title</font>
					<label>31300</label>
					<align>center</align>
					<aligny>center</aligny>
					<textcolor>white</textcolor>
					<shadowcolor>black</shadowcolor>
				</control>
				<control type="image">
					<left>30</left>
					<top>55</top>
					<width>440</width>
					<height>46</height>
					<aspectratio align="center" aligny="center">keep</aspectratio>
					<texture>$INFO[Window.Property(WeatherProviderLogo)]</texture>
				</control>
				<control type="label">
					<description>Provider Text</description>
					<left>20</left>
					<top>60</top>
					<width>460</width>
					<height>35</height>
					<font>font12</font>
					<textcolor>white</textcolor>
					<scroll>true</scroll>
					<align>center</align>
					<aligny>center</aligny>
					<label>$LOCALIZE[31303] : [COLOR=orange]$INFO[Window.Property(WeatherProvider)][/COLOR]</label>
					<include>Window_OpenClose_Animation</include>
					<visible>IsEmpty(Window.Property(WeatherProviderLogo))</visible>
				</control>
				<control type="group">
					<control type="label">
						<description>weather location label</description>
						<left>20</left>
						<top>100</top>
						<width>460</width>
						<height>30</height>
						<font>font13_title</font>
						<textcolor>white</textcolor>
						<scroll>false</scroll>
						<align>center</align>
						<aligny>center</aligny>
						<label>$INFO[Window.Property(Location)]</label>
					</control>
					<control type="label">
						<description>update label</description>
						<left>20</left>
						<top>120</top>
						<width>460</width>
						<height>35</height>
						<font>font12</font>
						<label>$LOCALIZE[31301] - $INFO[Window.Property(Updated)]</label>
						<align>center</align>
						<aligny>center</aligny>
						<textcolor>grey2</textcolor>
					</control>
					<control type="label">
						<description>current temp Value</description>
						<left>15</left>
						<top>185</top>
						<width>180</width>
						<height>40</height>
						<font>WeatherTemp</font>
						<align>right</align>
						<aligny>top</aligny>
						<label>$INFO[Window.Property(Current.Temperature)]</label>
						<textcolor>white</textcolor>
						<shadowcolor>black</shadowcolor>
					</control>
					<control type="label">
						<description>current temp Value Units</description>
						<left>200</left>
						<top>195</top>
						<width>100</width>
						<height>40</height>
						<font>font16</font>
						<align>left</align>
						<aligny>top</aligny>
						<label>$INFO[System.TemperatureUnits]</label>
						<textcolor>white</textcolor>
						<shadowcolor>black</shadowcolor>
					</control>
					<control type="image">
						<description>current weather icon</description>
						<left>260</left>
						<top>145</top>
						<width>200</width>
						<height>200</height>
						<info>Window.Property(Current.ConditionIcon)</info>
						<aspectratio>keep</aspectratio>
					</control>
					<control type="label">
						<description>current condition label</description>
						<left>20</left>
						<top>350</top>
						<width>460</width>
						<height>30</height>
						<info>Window.Property(Current.Condition)</info>
						<wrapmultiline>true</wrapmultiline>
						<font>font13</font>
						<align>center</align>
						<aligny>center</aligny>
						<textcolor>white</textcolor>
						<shadowcolor>black</shadowcolor>
					</control>
				</control>
				<control type="image">
					<left>20</left>
					<top>390</top>
					<width>460</width>
					<height>4</height>
					<texture>separator.png</texture>
				</control>
				<control type="label">
					<description>current feels like label</description>
					<left>0</left>
					<top>400</top>
					<width>170</width>
					<height>35</height>
					<font>font13</font>
					<align>right</align>
					<aligny>center</aligny>
					<label>$LOCALIZE[402] :</label>
					<textcolor>grey2</textcolor>
					<shadowcolor>black</shadowcolor>
				</control>
				<control type="label">
					<description>current dew label</description>
					<left>0</left>
					<top>430</top>
					<width>170</width>
					<height>35</height>
					<font>font13</font>
					<align>right</align>
					<aligny>center</aligny>
					<label>$LOCALIZE[405] :</label>
					<textcolor>grey2</textcolor>
					<shadowcolor>black</shadowcolor>
				</control>
				<control type="label">
					<description>current humidity label</description>
					<left>0</left>
					<top>460</top>
					<width>170</width>
					<height>35</height>
					<font>font13</font>
					<align>right</align>
					<aligny>center</aligny>
					<label>$LOCALIZE[406] :</label>
					<textcolor>grey2</textcolor>
					<shadowcolor>black</shadowcolor>
				</control>
				<control type="label">
					<description>current UV Index label</description>
					<left>0</left>
					<top>490</top>
					<width>170</width>
					<height>35</height>
					<font>font13</font>
					<align>right</align>
					<aligny>center</aligny>
					<label>$LOCALIZE[403] :</label>
					<textcolor>grey2</textcolor>
					<shadowcolor>black</shadowcolor>
				</control>
				<control type="label">
					<description>current Wind label</description>
					<left>0</left>
					<top>520</top>
					<width>170</width>
					<height>35</height>
					<font>font13</font>
					<align>right</align>
					<aligny>center</aligny>
					<label>$LOCALIZE[404] :</label>
					<textcolor>grey2</textcolor>
					<shadowcolor>black</shadowcolor>
				</control>
				<control type="label">
					<description>current feels like Value</description>
					<left>185</left>
					<top>400</top>
					<width>300</width>
					<height>35</height>
					<font>font13</font>
					<align>left</align>
					<aligny>center</aligny>
					<label>$INFO[Window.Property(Current.FeelsLike)]$INFO[System.TemperatureUnits]</label>
					<textcolor>white</textcolor>
					<shadowcolor>black</shadowcolor>
				</control>
				<control type="label">
					<description>current dew Value</description>
					<left>185</left>
					<top>430</top>
					<width>300</width>
					<height>35</height>
					<font>font13</font>
					<align>left</align>
					<aligny>center</aligny>
					<label>$INFO[Window.Property(Current.DewPoint)]$INFO[System.TemperatureUnits]</label>
					<textcolor>white</textcolor>
					<shadowcolor>black</shadowcolor>
				</control>
				<control type="label">
					<description>current humidity Value</description>
					<left>185</left>
					<top>460</top>
					<width>300</width>
					<height>35</height>
					<font>font13</font>
					<align>left</align>
					<aligny>center</aligny>
					<info>Window.Property(Current.Humidity)</info>
					<textcolor>white</textcolor>
					<shadowcolor>black</shadowcolor>
				</control>
				<control type="label">
					<description>current UV Index Value</description>
					<left>185</left>
					<top>490</top>
					<width>300</width>
					<height>35</height>
					<font>font13</font>
					<align>left</align>
					<aligny>center</aligny>
					<info>Window.Property(Current.UVIndex)</info>
					<textcolor>white</textcolor>
					<shadowcolor>black</shadowcolor>
				</control>
				<control type="label">
					<description>current Wind Value</description>
					<left>185</left>
					<top>520</top>
					<width>300</width>
					<height>35</height>
					<font>font13</font>
					<align>left</align>
					<aligny>center</aligny>
					<info>Window.Property(Current.Wind)</info>
					<textcolor>white</textcolor>
					<shadowcolor>black</shadowcolor>
				</control>
				<control type="group">
					<visible>StringCompare(Weather.Plugin,weather.wunderground) + !IsEmpty(Window.Property(36Hour.IsFetched))</visible>
					<control type="label">
						<description>Sunrise Label</description>
						<left>30</left>
						<top>570</top>
						<width>300</width>
						<height>35</height>
						<font>font13</font>
						<align>left</align>
						<aligny>center</aligny>
						<label>$LOCALIZE[33027] : [COLOR=white]$INFO[Window.Property(Today.Sunrise)][/COLOR]</label>
						<textcolor>grey2</textcolor>
						<shadowcolor>black</shadowcolor>
					</control>
					<control type="label">
						<description>Sunset label</description>
						<left>170</left>
						<top>570</top>
						<width>300</width>
						<height>35</height>
						<font>font13</font>
						<align>right</align>
						<aligny>center</aligny>
						<label>$LOCALIZE[33028] : [COLOR=white]$INFO[Window.Property(Today.Sunset)][/COLOR]</label>
						<textcolor>grey2</textcolor>
						<shadowcolor>black</shadowcolor>
					</control>
				</control>
			</control>
			<control type="group">
				<visible>!StringCompare(Weather.Plugin,weather.wunderground)</visible>
				<left>580</left>
				<top>40</top>
				<control type="image">
					<left>0</left>
					<top>0</top>
					<width>650</width>
					<height>620</height>
					<texture border="20">ContentPanel.png</texture>
				</control>
				<control type="image">
					<left>0</left>
					<top>612</top>
					<width>650</width>
					<height>64</height>
					<texture border="10">ContentPanelMirror.png</texture>
				</control>
				<control type="image">
					<left>8</left>
					<top>5</top>
					<width>634</width>
					<height>45</height>
					<texture>dialogheader.png</texture>
				</control>
				<control type="label">
					<description>header label</description>
					<left>20</left>
					<top>15</top>
					<width>610</width>
					<height>30</height>
					<font>font13_title</font>
					<label>10508</label>
					<align>center</align>
					<aligny>center</aligny>
					<textcolor>white</textcolor>
					<shadowcolor>black</shadowcolor>
				</control>
				<control type="list" id="50">
					<left>15</left>
					<top>60</top>
					<width>600</width>
					<height>541</height>
					<onleft>9000</onleft>
					<onright>61</onright>
					<onup>50</onup>
					<ondown>50</ondown>
					<viewtype label="535">list</viewtype>
					<pagecontrol>61</pagecontrol>
					<scrolltime>200</scrolltime>
					<itemlayout height="135" width="600">
						<control type="image">
							<left>0</left>
							<top>0</top>
							<width>600</width>
							<height>136</height>
							<texture border="0,5,0,5">MenuItemNF.png</texture>
						</control>
						<control type="image">
							<left>0</left>
							<top>0</top>
							<width>600</width>
							<height>136</height>
							<texture border="0,5,0,5">MenuItemNF.png</texture>
						</control>
						<control type="label">
							<left>300</left>
							<top>5</top>
							<width>300</width>
							<height>25</height>
							<font>font13_title</font>
							<textcolor>white</textcolor>
							<shadowcolor>black</shadowcolor>
							<selectedcolor>selected</selectedcolor>
							<align>center</align>
							<aligny>center</aligny>
							<label>$INFO[ListItem.Label]</label>
						</control>
						<control type="image">
							<left>460</left>
							<top>0</top>
							<width>135</width>
							<height>135</height>
							<aspectratio>keep</aspectratio>
							<texture>$INFO[ListItem.ActualIcon]</texture>
						</control>
						<control type="label">
							<left>30</left>
							<top>35</top>
							<width>390</width>
							<height>30</height>
							<font>font13</font>
							<textcolor>white</textcolor>
							<shadowcolor>black</shadowcolor>
							<selectedcolor>selected</selectedcolor>
							<align>left</align>
							<aligny>center</aligny>
							<label>[COLOR=grey2]$LOCALIZE[419] : [/COLOR]$INFO[ListItem.Property(HighTemp)]$INFO[ListItem.Property(TempUnits)]     [COLOR=grey2]$LOCALIZE[418] : [/COLOR]$INFO[ListItem.Property(LowTemp)]$INFO[ListItem.Property(TempUnits)]</label>
							<visible>!IsEmpty(ListItem.Property(HighTemp))</visible>
						</control>
						<control type="textbox">
							<left>30</left>
							<top>70</top>
							<width>400</width>
							<height>50</height>
							<font>font13</font>
							<textcolor>white</textcolor>
							<shadowcolor>black</shadowcolor>
							<selectedcolor>selected</selectedcolor>
							<align>left</align>
							<label>$INFO[ListItem.Property(Outlook)]</label>
						</control>
					</itemlayout>
					<focusedlayout height="135" width="600">
						<control type="image">
							<left>0</left>
							<top>0</top>
							<width>600</width>
							<height>136</height>
							<texture border="0,2,0,2">MenuItemNF.png</texture>
							<visible>!Control.HasFocus(50)</visible>
							<include>VisibleFadeEffect</include>
						</control>
						<control type="image">
							<left>0</left>
							<top>0</top>
							<width>600</width>
							<height>136</height>
							<texture border="0,2,0,2">MenuItemNF.png</texture>
							<visible>!Control.HasFocus(50)</visible>
							<include>VisibleFadeEffect</include>
						</control>
						<control type="image">
							<left>0</left>
							<top>0</top>
							<width>600</width>
							<height>136</height>
							<texture border="10">button-focus2.png</texture>
							<visible>Control.HasFocus(50)</visible>
							<include>VisibleFadeEffect</include>
						</control>
						<control type="label">
							<left>300</left>
							<top>5</top>
							<width>300</width>
							<height>25</height>
							<font>font13_title</font>
							<textcolor>white</textcolor>
							<shadowcolor>black</shadowcolor>
							<selectedcolor>selected</selectedcolor>
							<align>center</align>
							<aligny>center</aligny>
							<label>$INFO[ListItem.Label]</label>
						</control>
						<control type="image">
							<left>460</left>
							<top>0</top>
							<width>135</width>
							<height>135</height>
							<aspectratio>keep</aspectratio>
							<texture>$INFO[ListItem.ActualIcon]</texture>
						</control>
						<control type="label">
							<left>30</left>
							<top>35</top>
							<width>390</width>
							<height>30</height>
							<font>font13</font>
							<textcolor>white</textcolor>
							<shadowcolor>black</shadowcolor>
							<selectedcolor>selected</selectedcolor>
							<align>left</align>
							<aligny>center</aligny>
							<label>[COLOR=grey2]$LOCALIZE[419] : [/COLOR]$INFO[ListItem.Property(HighTemp)]$INFO[ListItem.Property(TempUnits)]     [COLOR=grey2]$LOCALIZE[418] : [/COLOR]$INFO[ListItem.Property(LowTemp)]$INFO[ListItem.Property(TempUnits)]</label>
							<visible>!IsEmpty(ListItem.Property(HighTemp))</visible>
						</control>
						<control type="textbox">
							<left>30</left>
							<top>70</top>
							<width>400</width>
							<height>50</height>
							<font>font13</font>
							<textcolor>white</textcolor>
							<shadowcolor>black</shadowcolor>
							<selectedcolor>selected</selectedcolor>
							<align>left</align>
							<label>$INFO[ListItem.Property(Outlook)]</label>
						</control>
					</focusedlayout>
					<content>
						<item>
							<label>$LOCALIZE[31909]</label>
							<icon>-</icon>
							<onclick>noop</onclick>
							<visible>!Weather.IsFetched</visible>
						</item>
						<item>
							<label>$INFO[Window.Property(Day0.Title)]</label>
							<icon>$INFO[Window.Property(Day0.OutlookIcon)]</icon>
							<property name="HighTemp">$INFO[Window.Property(Day0.HighTemp)]</property>
							<property name="LowTemp">$INFO[Window.Property(Day0.LowTemp)]</property>
							<property name="Outlook">$INFO[Window.Property(Day0.Outlook)]</property>
							<property name="Fanart">$INFO[Window(Weather).Property(Day0.FanartCode)]</property>
							<property name="TempUnits">$INFO[System.TemperatureUnits]</property>
							<onclick>noop</onclick>
							<visible>Weather.IsFetched + !IsEmpty(Window.Property(Day0.Title))</visible>
						</item>
						<item>
							<label>$INFO[Window.Property(Day1.Title)]</label>
							<icon>$INFO[Window.Property(Day1.OutlookIcon)]</icon>
							<property name="HighTemp">$INFO[Window.Property(Day1.HighTemp)]</property>
							<property name="LowTemp">$INFO[Window.Property(Day1.LowTemp)]</property>
							<property name="Outlook">$INFO[Window.Property(Day1.Outlook)]</property>
							<property name="Fanart">$INFO[Window(Weather).Property(Day1.FanartCode)]</property>
							<property name="TempUnits">$INFO[System.TemperatureUnits]</property>
							<onclick>noop</onclick>
							<visible>Weather.IsFetched + !IsEmpty(Window.Property(Day1.Title))</visible>
						</item>
						<item>
							<label>$INFO[Window.Property(Day2.Title)]</label>
							<icon>$INFO[Window.Property(Day2.OutlookIcon)]</icon>
							<property name="HighTemp">$INFO[Window.Property(Day2.HighTemp)]</property>
							<property name="LowTemp">$INFO[Window.Property(Day2.LowTemp)]</property>
							<property name="Outlook">$INFO[Window.Property(Day2.Outlook)]</property>
							<property name="Fanart">$INFO[Window(Weather).Property(Day2.FanartCode)]</property>
							<property name="TempUnits">$INFO[System.TemperatureUnits]</property>
							<onclick>noop</onclick>
							<visible>Weather.IsFetched + !IsEmpty(Window.Property(Day2.Title))</visible>
						</item>
						<item>
							<label>$INFO[Window.Property(Day3.Title)]</label>
							<icon>$INFO[Window.Property(Day3.OutlookIcon)]</icon>
							<property name="HighTemp">$INFO[Window.Property(Day3.HighTemp)]</property>
							<property name="LowTemp">$INFO[Window.Property(Day3.LowTemp)]</property>
							<property name="Outlook">$INFO[Window.Property(Day3.Outlook)]</property>
							<property name="Fanart">$INFO[Window(Weather).Property(Day3.FanartCode)]</property>
							<property name="TempUnits">$INFO[System.TemperatureUnits]</property>
							<onclick>noop</onclick>
							<visible>Weather.IsFetched + !IsEmpty(Window.Property(Day3.Title))</visible>
						</item>
						<item>
							<label>$INFO[Window.Property(Day4.Title)]</label>
							<icon>$INFO[Window.Property(Day4.OutlookIcon)]</icon>
							<property name="HighTemp">$INFO[Window.Property(Day4.HighTemp)]</property>
							<property name="LowTemp">$INFO[Window.Property(Day4.LowTemp)]</property>
							<property name="Outlook">$INFO[Window.Property(Day4.Outlook)]</property>
							<property name="Fanart">$INFO[Window(Weather).Property(Day4.FanartCode)]</property>
							<property name="TempUnits">$INFO[System.TemperatureUnits]</property>
							<onclick>noop</onclick>
							<visible>Weather.IsFetched + !IsEmpty(Window.Property(Day4.Title))</visible>
						</item>
						<item>
							<label>$INFO[Window.Property(Day5.Title)]</label>
							<icon>$INFO[Window.Property(Day5.OutlookIcon)]</icon>
							<property name="HighTemp">$INFO[Window.Property(Day5.HighTemp)]</property>
							<property name="LowTemp">$INFO[Window.Property(Day5.LowTemp)]</property>
							<property name="Outlook">$INFO[Window.Property(Day5.Outlook)]</property>
							<property name="Fanart">$INFO[Window(Weather).Property(Day5.FanartCode)]</property>
							<property name="TempUnits">$INFO[System.TemperatureUnits]</property>
							<onclick>noop</onclick>
							<visible>Weather.IsFetched + !IsEmpty(Window.Property(Day5.Title))</visible>
						</item>
						<item>
							<label>$INFO[Window.Property(Day6.Title)]</label>
							<icon>$INFO[Window.Property(Day6.OutlookIcon)]</icon>
							<property name="HighTemp">$INFO[Window.Property(Day6.HighTemp)]</property>
							<property name="LowTemp">$INFO[Window.Property(Day6.LowTemp)]</property>
							<property name="Outlook">$INFO[Window.Property(Day6.Outlook)]</property>
							<property name="Fanart">$INFO[Window(Weather).Property(Day6.FanartCode)]</property>
							<property name="TempUnits">$INFO[System.TemperatureUnits]</property>
							<onclick>noop</onclick>
							<visible>Weather.IsFetched + !IsEmpty(Window.Property(Day6.Title))</visible>
						</item>
						<item>
							<label>$INFO[Window.Property(Day7.Title)]</label>
							<icon>$INFO[Window.Property(Day7.OutlookIcon)]</icon>
							<property name="HighTemp">$INFO[Window.Property(Day7.HighTemp)]</property>
							<property name="LowTemp">$INFO[Window.Property(Day7.LowTemp)]</property>
							<property name="Outlook">$INFO[Window.Property(Day7.Outlook)]</property>
							<property name="Fanart">$INFO[Window(Weather).Property(Day7.FanartCode)]</property>
							<property name="TempUnits">$INFO[System.TemperatureUnits]</property>
							<onclick>noop</onclick>
							<visible>Weather.IsFetched + !IsEmpty(Window.Property(Day7.Title))</visible>
						</item>
						<item>
							<label>$INFO[Window.Property(Day8.Title)]</label>
							<icon>$INFO[Window.Property(Day8.OutlookIcon)]</icon>
							<property name="HighTemp">$INFO[Window.Property(Day8.HighTemp)]</property>
							<property name="LowTemp">$INFO[Window.Property(Day8.LowTemp)]</property>
							<property name="Outlook">$INFO[Window.Property(Day8.Outlook)]</property>
							<property name="Fanart">$INFO[Window(Weather).Property(Day8.FanartCode)]</property>
							<property name="TempUnits">$INFO[System.TemperatureUnits]</property>
							<onclick>noop</onclick>
							<visible>Weather.IsFetched + !IsEmpty(Window.Property(Day8.Title))</visible>
						</item>
						<item>
							<label>$INFO[Window.Property(Day9.Title)]</label>
							<icon>$INFO[Window.Property(Day9.OutlookIcon)]</icon>
							<property name="HighTemp">$INFO[Window.Property(Day9.HighTemp)]</property>
							<property name="LowTemp">$INFO[Window.Property(Day9.LowTemp)]</property>
							<property name="Outlook">$INFO[Window.Property(Day9.Outlook)]</property>
							<property name="Fanart">$INFO[Window(Weather).Property(Day9.FanartCode)]</property>
							<property name="TempUnits">$INFO[System.TemperatureUnits]</property>
							<onclick>noop</onclick>
							<visible>Weather.IsFetched + !IsEmpty(Window.Property(Day9.Title))</visible>
						</item>
					</content>
				</control>
				<control type="scrollbar" id="61">
					<left>615</left>
					<top>60</top>
					<width>25</width>
					<height>540</height>
					<texturesliderbackground border="0,14,0,14">ScrollBarV.png</texturesliderbackground>
					<texturesliderbar border="0,14,0,14">ScrollBarV_bar.png</texturesliderbar>
					<texturesliderbarfocus border="0,14,0,14">ScrollBarV_bar_focus.png</texturesliderbarfocus>
					<textureslidernib>ScrollBarNib.png</textureslidernib>
					<textureslidernibfocus>ScrollBarNib.png</textureslidernibfocus>
					<onleft>50</onleft>
					<onright>800</onright>
					<showonepage>true</showonepage>
					<orientation>vertical</orientation>
					<visible>Control.IsVisible(50)</visible>
				</control>
				<!--control type="label">
					<animation effect="slide" start="0,0" end="-90,0" time="0" condition="system.getbool(input.enablemouse)">Conditional</animation>
					<description>number of files/pages</description>
					<left>90</left>
					<top>627</top>
					<width>570</width>
					<font>font12</font>
					<align>right</align>
					<scroll>true</scroll>
					<textcolor>grey</textcolor>
					<shadowcolor>black</shadowcolor>
					<label>([COLOR=blue]$INFO[Container(50).NumItems][/COLOR]) $LOCALIZE[12393] - $LOCALIZE[31024] ([COLOR=blue]$INFO[Container(50).CurrentPage]/$INFO[Container(50).NumPages][/COLOR])</label>
				</control-->
			</control>
			<control type="group">
				<visible>StringCompare(Weather.Plugin,weather.wunderground)</visible>
				<left>580</left>
				<top>40</top>
				<control type="image">
					<left>0</left>
					<top>0</top>
					<width>650</width>
					<height>620</height>
					<texture border="20">ContentPanel.png</texture>
				</control>
				<control type="image">
					<left>0</left>
					<top>612</top>
					<width>650</width>
					<height>64</height>
					<texture border="10">ContentPanelMirror.png</texture>
				</control>
				<control type="image">
					<left>8</left>
					<top>5</top>
					<width>634</width>
					<height>45</height>
					<texture>dialogheader.png</texture>
				</control>
				<control type="group" id="50">
					<control type="group">
						<visible>IsEmpty(Window.Property(Weather.CurrentView))</visible>
						<include>VisibleFadeEffect</include>
						<control type="label">
							<description>header label</description>
							<left>20</left>
							<top>15</top>
							<width>610</width>
							<height>30</height>
							<font>font13_title</font>
							<label>31904</label>
							<align>center</align>
							<aligny>center</aligny>
							<textcolor>white</textcolor>
							<shadowcolor>black</shadowcolor>
						</control>
						<control type="list" id="51">
							<left>15</left>
							<top>60</top>
							<width>600</width>
							<height>541</height>
							<onleft>9000</onleft>
							<onright>61</onright>
							<onup>51</onup>
							<ondown>51</ondown>
							<viewtype label="535">list</viewtype>
							<pagecontrol>61</pagecontrol>
							<scrolltime>200</scrolltime>
							<itemlayout height="135" width="600">
								<control type="image">
									<left>0</left>
									<top>0</top>
									<width>600</width>
									<height>136</height>
									<texture border="0,5,0,5">MenuItemNF.png</texture>
								</control>
								<control type="label">
									<left>50</left>
									<top>0</top>
									<width>100</width>
									<height>120</height>
									<font>font12</font>
									<textcolor>white</textcolor>
									<selectedcolor>selected</selectedcolor>
									<align>center</align>
									<aligny>center</aligny>
									<label>$INFO[ListItem.Label]</label>
								</control>
								<control type="image">
									<left>110</left>
									<top>5</top>
									<width>80</width>
									<height>80</height>
									<aspectratio>keep</aspectratio>
									<texture>$INFO[ListItem.Thumb]</texture>
								</control>
								<control type="label">
									<left>590</left>
									<top>0</top>
									<width>390</width>
									<height>70</height>
									<font>font12</font>
									<textcolor>white</textcolor>
									<selectedcolor>selected</selectedcolor>
									<align>right</align>
									<aligny>center</aligny>
									<label>$INFO[ListItem.Label2]</label>
								</control>
								<control type="textbox">
									<left>0</left>
									<top>80</top>
									<width>590</width>
									<height>50</height>
									<font>font12</font>
									<textcolor>white</textcolor>
									<selectedcolor>selected</selectedcolor>
									<align>center</align>
									<label>$INFO[ListItem.ActualIcon]</label>
								</control>
							</itemlayout>
							<focusedlayout height="135" width="600">
								<control type="image">
									<left>0</left>
									<top>0</top>
									<width>600</width>
									<height>136</height>
									<texture border="0,2,0,2">MenuItemNF.png</texture>
									<visible>!Control.HasFocus(51)</visible>
									<include>VisibleFadeEffect</include>
								</control>
								<control type="image">
									<left>0</left>
									<top>0</top>
									<width>600</width>
									<height>136</height>
									<texture border="10">button-focus2.png</texture>
									<visible>Control.HasFocus(51)</visible>
									<include>VisibleFadeEffect</include>
								</control>
								<control type="label">
									<left>50</left>
									<top>0</top>
									<width>100</width>
									<height>120</height>
									<font>font12</font>
									<textcolor>white</textcolor>
									<selectedcolor>selected</selectedcolor>
									<align>center</align>
									<aligny>center</aligny>
									<label>$INFO[ListItem.Label]</label>
								</control>
								<control type="image">
									<left>110</left>
									<top>5</top>
									<width>80</width>
									<height>80</height>
									<aspectratio>keep</aspectratio>
									<texture>$INFO[ListItem.Thumb]</texture>
								</control>
								<control type="label">
									<left>590</left>
									<top>0</top>
									<width>390</width>
									<height>70</height>
									<font>font12</font>
									<textcolor>white</textcolor>
									<selectedcolor>selected</selectedcolor>
									<align>right</align>
									<aligny>center</aligny>
									<label>$INFO[ListItem.Label2]</label>
								</control>
								<control type="textbox">
									<left>0</left>
									<top>80</top>
									<width>590</width>
									<height>50</height>
									<font>font12</font>
									<textcolor>white</textcolor>
									<selectedcolor>selected</selectedcolor>
									<align>center</align>
									<label>$INFO[ListItem.ActualIcon]</label>
								</control>
							</focusedlayout>
							<content>
								<item>
									<icon>$LOCALIZE[31909]</icon>
									<onclick>noop</onclick>
									<visible>IsEmpty(Window.Property(Daily.IsFetched))</visible>
								</item>
								<item>
									<label>[B]$INFO[Window.Property(Daily.1.ShortDay)][/B][CR][COLOR=grey2]$INFO[Window.Property(Daily.1.ShortDate)][/COLOR]</label>
									<label2>$INFO[Window.Property(Daily.1.HighTemperature),[COLOR=grey2]$LOCALIZE[419] :[/COLOR][B] ,[/B]]  $INFO[Window.Property(Daily.1.LowTemperature),[COLOR=grey2]$LOCALIZE[418] :[/COLOR][B] ,[/B]][CR]$INFO[Window.Property(Daily.1.Precipitation),[COLOR=grey2]$LOCALIZE[33022] :[/COLOR][B] ,[/B]]</label2>
									<thumb>$INFO[Window.Property(Daily.1.OutlookIcon)]</thumb>
									<icon>$INFO[Window.Property(Daily.1.Outlook),[COLOR=grey2]$LOCALIZE[33030]: [/COLOR]][CR][COLOR=grey2]$LOCALIZE[383]: [/COLOR]$INFO[Window.Property(Daily.1.WindSpeed)] $INFO[Window.Property(Daily.1.WindDirection)]</icon>
									<property name="Fanart">$INFO[Window.Property(Daily.1.FanartCode)]</property>
									<onclick>noop</onclick>
									<visible>!IsEmpty(Window.Property(Daily.IsFetched))</visible>
								</item>
								<item>
									<label>[B]$INFO[Window.Property(Daily.2.ShortDay)][/B][CR][COLOR=grey2]$INFO[Window.Property(Daily.2.ShortDate)][/COLOR]</label>
									<label2>$INFO[Window.Property(Daily.2.HighTemperature),[COLOR=grey2]$LOCALIZE[419] :[/COLOR][B] ,[/B]]  $INFO[Window.Property(Daily.2.LowTemperature),[COLOR=grey2]$LOCALIZE[418] :[/COLOR][B] ,[/B]][CR]$INFO[Window.Property(Daily.2.Precipitation),[COLOR=grey2]$LOCALIZE[33022] :[/COLOR][B] ,[/B]]</label2>
									<thumb>$INFO[Window.Property(Daily.2.OutlookIcon)]</thumb>
									<icon>$INFO[Window.Property(Daily.2.Outlook),[COLOR=grey2]$LOCALIZE[33030]: [/COLOR]][CR][COLOR=grey2]$LOCALIZE[383]: [/COLOR]$INFO[Window.Property(Daily.2.WindSpeed)] $INFO[Window.Property(Daily.2.WindDirection)]</icon>
									<property name="Fanart">$INFO[Window.Property(Daily.2.FanartCode)]</property>
									<onclick>noop</onclick>
									<visible>!IsEmpty(Window.Property(Daily.IsFetched))</visible>
								</item>
								<item>
									<label>[B]$INFO[Window.Property(Daily.3.ShortDay)][/B][CR][COLOR=grey2]$INFO[Window.Property(Daily.3.ShortDate)][/COLOR]</label>
									<label2>$INFO[Window.Property(Daily.3.HighTemperature),[COLOR=grey2]$LOCALIZE[419] :[/COLOR][B] ,[/B]]  $INFO[Window.Property(Daily.3.LowTemperature),[COLOR=grey2]$LOCALIZE[418] :[/COLOR][B] ,[/B]][CR]$INFO[Window.Property(Daily.3.Precipitation),[COLOR=grey2]$LOCALIZE[33022] :[/COLOR][B] ,[/B]]</label2>
									<thumb>$INFO[Window.Property(Daily.3.OutlookIcon)]</thumb>
									<icon>$INFO[Window.Property(Daily.3.Outlook),[COLOR=grey2]$LOCALIZE[33030]: [/COLOR]][CR][COLOR=grey2]$LOCALIZE[383]: [/COLOR]$INFO[Window.Property(Daily.3.WindSpeed)] $INFO[Window.Property(Daily.3.WindDirection)]</icon>
									<property name="Fanart">$INFO[Window.Property(Daily.3.FanartCode)]</property>
									<onclick>noop</onclick>
									<visible>!IsEmpty(Window.Property(Daily.IsFetched))</visible>
								</item>
								<item>
									<label>[B]$INFO[Window.Property(Daily.4.ShortDay)][/B][CR][COLOR=grey2]$INFO[Window.Property(Daily.4.ShortDate)][/COLOR]</label>
									<label2>$INFO[Window.Property(Daily.4.HighTemperature),[COLOR=grey2]$LOCALIZE[419] :[/COLOR][B] ,[/B]]  $INFO[Window.Property(Daily.4.LowTemperature),[COLOR=grey2]$LOCALIZE[418] :[/COLOR][B] ,[/B]][CR]$INFO[Window.Property(Daily.4.Precipitation),[COLOR=grey2]$LOCALIZE[33022] :[/COLOR][B] ,[/B]]</label2>
									<thumb>$INFO[Window.Property(Daily.4.OutlookIcon)]</thumb>
									<icon>$INFO[Window.Property(Daily.4.Outlook),[COLOR=grey2]$LOCALIZE[33030]: [/COLOR]][CR][COLOR=grey2]$LOCALIZE[383]: [/COLOR]$INFO[Window.Property(Daily.4.WindSpeed)] $INFO[Window.Property(Daily.4.WindDirection)]</icon>
									<property name="Fanart">$INFO[Window.Property(Daily.4.FanartCode)]</property>
									<onclick>noop</onclick>
									<visible>!IsEmpty(Window.Property(Daily.IsFetched))</visible>
								</item>
								<item>
									<label>[B]$INFO[Window.Property(Daily.5.ShortDay)][/B][CR][COLOR=grey2]$INFO[Window.Property(Daily.5.ShortDate)][/COLOR]</label>
									<label2>$INFO[Window.Property(Daily.5.HighTemperature),[COLOR=grey2]$LOCALIZE[419] :[/COLOR][B] ,[/B]]  $INFO[Window.Property(Daily.5.LowTemperature),[COLOR=grey2]$LOCALIZE[418] :[/COLOR][B] ,[/B]][CR]$INFO[Window.Property(Daily.5.Precipitation),[COLOR=grey2]$LOCALIZE[33022] :[/COLOR][B] ,[/B]]</label2>
									<thumb>$INFO[Window.Property(Daily.5.OutlookIcon)]</thumb>
									<icon>$INFO[Window.Property(Daily.5.Outlook),[COLOR=grey2]$LOCALIZE[33030]: [/COLOR]][CR][COLOR=grey2]$LOCALIZE[383]: [/COLOR]$INFO[Window.Property(Daily.5.WindSpeed)] $INFO[Window.Property(Daily.5.WindDirection)]</icon>
									<property name="Fanart">$INFO[Window.Property(Daily.5.FanartCode)]</property>
									<onclick>noop</onclick>
									<visible>!IsEmpty(Window.Property(Daily.IsFetched))</visible>
								</item>
								<item>
									<label>[B]$INFO[Window.Property(Daily.6.ShortDay)][/B][CR][COLOR=grey2]$INFO[Window.Property(Daily.6.ShortDate)][/COLOR]</label>
									<label2>$INFO[Window.Property(Daily.6.HighTemperature),[COLOR=grey2]$LOCALIZE[419] :[/COLOR][B] ,[/B]]  $INFO[Window.Property(Daily.6.LowTemperature),[COLOR=grey2]$LOCALIZE[418] :[/COLOR][B] ,[/B]][CR]$INFO[Window.Property(Daily.6.Precipitation),[COLOR=grey2]$LOCALIZE[33022] :[/COLOR][B] ,[/B]]</label2>
									<thumb>$INFO[Window.Property(Daily.6.OutlookIcon)]</thumb>
									<icon>$INFO[Window.Property(Daily.6.Outlook),[COLOR=grey2]$LOCALIZE[33030]: [/COLOR]][CR][COLOR=grey2]$LOCALIZE[383]: [/COLOR]$INFO[Window.Property(Daily.6.WindSpeed)] $INFO[Window.Property(Daily.6.WindDirection)]</icon>
									<property name="Fanart">$INFO[Window.Property(Daily.6.FanartCode)]</property>
									<onclick>noop</onclick>
									<visible>!IsEmpty(Window.Property(Daily.IsFetched))</visible>
								</item>
								<item>
									<label>[B]$INFO[Window.Property(Daily.7.ShortDay)][/B][CR][COLOR=grey2]$INFO[Window.Property(Daily.7.ShortDate)][/COLOR]</label>
									<label2>$INFO[Window.Property(Daily.7.HighTemperature),[COLOR=grey2]$LOCALIZE[419] :[/COLOR][B] ,[/B]]  $INFO[Window.Property(Daily.7.LowTemperature),[COLOR=grey2]$LOCALIZE[418] :[/COLOR][B] ,[/B]][CR]$INFO[Window.Property(Daily.7.Precipitation),[COLOR=grey2]$LOCALIZE[33022] :[/COLOR][B] ,[/B]]</label2>
									<thumb>$INFO[Window.Property(Daily.7.OutlookIcon)]</thumb>
									<icon>$INFO[Window.Property(Daily.7.Outlook),[COLOR=grey2]$LOCALIZE[33030]: [/COLOR]][CR][COLOR=grey2]$LOCALIZE[383]: [/COLOR]$INFO[Window.Property(Daily.7.WindSpeed)] $INFO[Window.Property(Daily.7.WindDirection)]</icon>
									<property name="Fanart">$INFO[Window.Property(Daily.7.FanartCode)]</property>
									<onclick>noop</onclick>
									<visible>!IsEmpty(Window.Property(Daily.IsFetched))</visible>
								</item>
								<item>
									<label>[B]$INFO[Window.Property(Daily.8.ShortDay)][/B][CR][COLOR=grey2]$INFO[Window.Property(Daily.8.ShortDate)][/COLOR]</label>
									<label2>$INFO[Window.Property(Daily.8.HighTemperature),[COLOR=grey2]$LOCALIZE[419] :[/COLOR][B] ,[/B]]  $INFO[Window.Property(Daily.8.LowTemperature),[COLOR=grey2]$LOCALIZE[418] :[/COLOR][B] ,[/B]][CR]$INFO[Window.Property(Daily.8.Precipitation),[COLOR=grey2]$LOCALIZE[33022] :[/COLOR][B] ,[/B]]</label2>
									<thumb>$INFO[Window.Property(Daily.8.OutlookIcon)]</thumb>
									<icon>$INFO[Window.Property(Daily.8.Outlook),[COLOR=grey2]$LOCALIZE[33030]: [/COLOR]][CR][COLOR=grey2]$LOCALIZE[383]: [/COLOR]$INFO[Window.Property(Daily.8.WindSpeed)] $INFO[Window.Property(Daily.8.WindDirection)]</icon>
									<property name="Fanart">$INFO[Window.Property(Daily.8.FanartCode)]</property>
									<onclick>noop</onclick>
									<visible>!IsEmpty(Window.Property(Daily.IsFetched))</visible>
								</item>
								<item>
									<label>[B]$INFO[Window.Property(Daily.9.ShortDay)][/B][CR][COLOR=grey2]$INFO[Window.Property(Daily.9.ShortDate)][/COLOR]</label>
									<label2>$INFO[Window.Property(Daily.9.HighTemperature),[COLOR=grey2]$LOCALIZE[419] :[/COLOR][B] ,[/B]]  $INFO[Window.Property(Daily.9.LowTemperature),[COLOR=grey2]$LOCALIZE[418] :[/COLOR][B] ,[/B]][CR]$INFO[Window.Property(Daily.9.Precipitation),[COLOR=grey2]$LOCALIZE[33022] :[/COLOR][B] ,[/B]]</label2>
									<thumb>$INFO[Window.Property(Daily.9.OutlookIcon)]</thumb>
									<icon>$INFO[Window.Property(Daily.9.Outlook),[COLOR=grey2]$LOCALIZE[33030]: [/COLOR]][CR][COLOR=grey2]$LOCALIZE[383]: [/COLOR]$INFO[Window.Property(Daily.9.WindSpeed)] $INFO[Window.Property(Daily.9.WindDirection)]</icon>
									<property name="Fanart">$INFO[Window.Property(Daily.9.FanartCode)]</property>
									<onclick>noop</onclick>
									<visible>!IsEmpty(Window.Property(Daily.IsFetched))</visible>
								</item>
								<item>
									<label>[B]$INFO[Window.Property(Daily.10.ShortDay)][/B][CR][COLOR=grey2]$INFO[Window.Property(Daily.10.ShortDate)][/COLOR]</label>
									<label2>$INFO[Window.Property(Daily.10.HighTemperature),[COLOR=grey2]$LOCALIZE[419] :[/COLOR][B] ,[/B]]  $INFO[Window.Property(Daily.10.LowTemperature),[COLOR=grey2]$LOCALIZE[418] :[/COLOR][B] ,[/B]][CR]$INFO[Window.Property(Daily.10.Precipitation),[COLOR=grey2]$LOCALIZE[33022] :[/COLOR][B] ,[/B]]</label2>
									<thumb>$INFO[Window.Property(Daily.10.OutlookIcon)]</thumb>
									<icon>$INFO[Window.Property(Daily.10.Outlook),[COLOR=grey2]$LOCALIZE[33030]: [/COLOR]][CR][COLOR=grey2]$LOCALIZE[383]: [/COLOR]$INFO[Window.Property(Daily.10.WindSpeed)] $INFO[Window.Property(Daily.10.WindDirection)]</icon>
									<property name="Fanart">$INFO[Window.Property(Daily.10.FanartCode)]</property>
									<onclick>noop</onclick>
									<visible>!IsEmpty(Window.Property(Daily.IsFetched))</visible>
								</item>
							</content>
						</control>
						<control type="scrollbar" id="61">
							<left>615</left>
							<top>60</top>
							<width>25</width>
							<height>540</height>
							<texturesliderbackground border="0,14,0,14">ScrollBarV.png</texturesliderbackground>
							<texturesliderbar border="0,14,0,14">ScrollBarV_bar.png</texturesliderbar>
							<texturesliderbarfocus border="0,14,0,14">ScrollBarV_bar_focus.png</texturesliderbarfocus>
							<textureslidernib>ScrollBarNib.png</textureslidernib>
							<textureslidernibfocus>ScrollBarNib.png</textureslidernibfocus>
							<onleft>51</onleft>
							<onright>800</onright>
							<showonepage>true</showonepage>
							<orientation>vertical</orientation>
							<visible>Control.IsVisible(50)</visible>
						</control>
						<!--control type="label">
							<animation effect="slide" start="0,0" end="-90,0" time="0" condition="system.getbool(input.enablemouse)">Conditional</animation>
							<description>number of files/pages</description>
							<right>40</right>
							<top>627</top>
							<width>570</width>
							<font>font12</font>
							<align>right</align>
							<scroll>true</scroll>
							<textcolor>grey</textcolor>
							<shadowcolor>black</shadowcolor>
							<label>([COLOR=blue]$INFO[Container(51).NumItems][/COLOR]) $LOCALIZE[31025] - $LOCALIZE[31024] ([COLOR=blue]$INFO[Container(51).CurrentPage]/$INFO[Container(51).NumPages][/COLOR])</label>
						</control-->
					</control>
					<control type="group">
						<visible>StringCompare(Window.Property(Weather.CurrentView),36hour)</visible>
						<include>VisibleFadeEffect</include>
						<control type="button" id="997">
							<description>Hidden Button for focus</description>
							<left>-600</left>
							<top>-20</top>
							<width>1</width>
							<height>1</height>
							<texturenofocus>-</texturenofocus>
							<texturefocus>-</texturefocus>
							<onleft>9000</onleft>
							<onright>800</onright>
						</control>
						<control type="label">
							<description>header label</description>
							<left>20</left>
							<top>15</top>
							<width>610</width>
							<height>30</height>
							<font>font13_title</font>
							<label>31901</label>
							<align>center</align>
							<aligny>center</aligny>
							<textcolor>white</textcolor>
							<shadowcolor>black</shadowcolor>
						</control>
						<control type="label">
							<left>0</left>
							<top>200</top>
							<width>600</width>
							<height>30</height>
							<font>font13</font>
							<textcolor>white</textcolor>
							<align>center</align>
							<aligny>center</aligny>
							<label>$LOCALIZE[31909]</label>
							<visible>IsEmpty(Window.Property(36Hour.IsFetched))</visible>
						</control>
						<control type="group">
							<left>20</left>
							<top>50</top>
							<visible>!IsEmpty(Window.Property(36Hour.IsFetched))</visible>
							<include>VisibleFadeEffect</include>
							<control type="group">
								<left>0</left>
								<top>0</top>
								<control type="label">
									<left>0</left>
									<top>5</top>
									<width>600</width>
									<height>30</height>
									<font>font13_title</font>
									<textcolor>blue</textcolor>
									<align>center</align>
									<aligny>center</aligny>
									<label>$INFO[Window.Property(36Hour.1.Heading)]</label>
								</control>
								<control type="image">
									<left>0</left>
									<top>10</top>
									<width>120</width>
									<height>110</height>
									<aspectratio>keep</aspectratio>
									<texture>$INFO[Window.Property(36Hour.1.OutlookIcon)]</texture>
								</control>
								<control type="label">
									<left>120</left>
									<top>40</top>
									<width>100</width>
									<height>40</height>
									<font>font13_title</font>
									<textcolor>white</textcolor>
									<selectedcolor>selected</selectedcolor>
									<align>center</align>
									<aligny>center</aligny>
									<label>[COLOR=grey2]$INFO[Window.Property(36Hour.1.TemperatureHeading)][CR][/COLOR]$INFO[Window.Property(36Hour.1.Temperature),[B] ,[/B]]</label>
								</control>
								<control type="label">
									<right>90</right>
									<top>60</top>
									<width>390</width>
									<height>20</height>
									<font>font12</font>
									<textcolor>white</textcolor>
									<selectedcolor>selected</selectedcolor>
									<align>right</align>
									<aligny>center</aligny>
									<label>$INFO[Window.Property(36Hour.1.ChancePrecipitation),[COLOR=grey2]$LOCALIZE[31908] :[/COLOR][B] ,[/B]]</label>
								</control>
								<control type="textbox">
									<left>0</left>
									<top>110</top>
									<width>590</width>
									<height>70</height>
									<font>font12</font>
									<textcolor>white</textcolor>
									<selectedcolor>selected</selectedcolor>
									<align>center</align>
									<label>$INFO[Window.Property(36hour.1.Forecast),[COLOR=grey2]$LOCALIZE[31905]: [/COLOR]]</label>
								</control>
								<control type="image">
									<left>0</left>
									<top>180</top>
									<width>650</width>
									<height>4</height>
									<texture>separator.png</texture>
								</control>
							</control>
							<control type="group">
								<left>0</left>
								<top>185</top>
								<control type="label">
									<left>0</left>
									<top>5</top>
									<width>600</width>
									<height>30</height>
									<font>font13_title</font>
									<textcolor>blue</textcolor>
									<align>center</align>
									<aligny>center</aligny>
									<label>$INFO[Window.Property(36Hour.2.Heading)]</label>
								</control>
								<control type="image">
									<left>0</left>
									<top>10</top>
									<width>120</width>
									<height>110</height>
									<aspectratio>keep</aspectratio>
									<texture>$INFO[Window.Property(36Hour.2.OutlookIcon)]</texture>
								</control>
								<control type="label">
									<left>120</left>
									<top>40</top>
									<width>100</width>
									<height>40</height>
									<font>font13_title</font>
									<textcolor>white</textcolor>
									<selectedcolor>selected</selectedcolor>
									<align>center</align>
									<aligny>center</aligny>
									<label>[COLOR=grey2]$INFO[Window.Property(36Hour.2.TemperatureHeading)][CR][/COLOR]$INFO[Window.Property(36Hour.2.Temperature),[B] ,[/B]]</label>
								</control>
								<control type="label">
									<right>90</right>
									<top>60</top>
									<width>390</width>
									<height>20</height>
									<font>font12</font>
									<textcolor>white</textcolor>
									<selectedcolor>selected</selectedcolor>
									<align>right</align>
									<aligny>center</aligny>
									<label>$INFO[Window.Property(36Hour.2.ChancePrecipitation),[COLOR=grey2]$LOCALIZE[31908] :[/COLOR][B] ,[/B]]</label>
								</control>
								<control type="textbox">
									<left>0</left>
									<top>110</top>
									<width>590</width>
									<height>70</height>
									<font>font12</font>
									<textcolor>white</textcolor>
									<selectedcolor>selected</selectedcolor>
									<align>center</align>
									<label>$INFO[Window.Property(36hour.2.Forecast),[COLOR=grey2]$LOCALIZE[31905]: [/COLOR]]</label>
								</control>
								<control type="image">
									<left>0</left>
									<top>180</top>
									<width>650</width>
									<height>4</height>
									<texture>separator.png</texture>
								</control>
							</control>
							<control type="group">
								<left>0</left>
								<top>370</top>
								<control type="label">
									<left>0</left>
									<top>5</top>
									<width>600</width>
									<height>30</height>
									<font>font13_title</font>
									<textcolor>blue</textcolor>
									<align>center</align>
									<aligny>center</aligny>
									<label>$INFO[Window.Property(36Hour.3.Heading)]</label>
								</control>
								<control type="image">
									<left>0</left>
									<top>10</top>
									<width>120</width>
									<height>110</height>
									<aspectratio>keep</aspectratio>
									<texture>$INFO[Window.Property(36Hour.3.OutlookIcon)]</texture>
								</control>
								<control type="label">
									<left>120</left>
									<top>40</top>
									<width>100</width>
									<height>40</height>
									<font>font13_title</font>
									<textcolor>white</textcolor>
									<selectedcolor>selected</selectedcolor>
									<align>center</align>
									<aligny>center</aligny>
									<label>[COLOR=grey2]$INFO[Window.Property(36Hour.3.TemperatureHeading)][CR][/COLOR]$INFO[Window.Property(36Hour.3.Temperature),[B] ,[/B]]</label>
								</control>
								<control type="label">
									<right>90</right>
									<top>60</top>
									<width>390</width>
									<height>20</height>
									<font>font12</font>
									<textcolor>white</textcolor>
									<selectedcolor>selected</selectedcolor>
									<align>right</align>
									<aligny>center</aligny>
									<label>$INFO[Window.Property(36Hour.3.ChancePrecipitation),[COLOR=grey2]$LOCALIZE[31908] :[/COLOR][B] ,[/B]]</label>
								</control>
								<control type="textbox">
									<left>0</left>
									<top>110</top>
									<width>590</width>
									<height>70</height>
									<font>font12</font>
									<textcolor>white</textcolor>
									<selectedcolor>selected</selectedcolor>
									<align>center</align>
									<label>$INFO[Window.Property(36hour.3.Forecast),[COLOR=grey2]$LOCALIZE[31905]: [/COLOR]]</label>
								</control>
							</control>
						</control>
					</control>
					<control type="group">
						<visible>StringCompare(Window.Property(Weather.CurrentView),weekend)</visible>
						<include>VisibleFadeEffect</include>
						<control type="button" id="998">
							<description>Hidden Button for focus</description>
							<left>-600</left>
							<top>-20</top>
							<width>1</width>
							<height>1</height>
							<texturenofocus>-</texturenofocus>
							<texturefocus>-</texturefocus>
							<onleft>9000</onleft>
							<onright>800</onright>
						</control>
						<control type="label">
							<description>header label</description>
							<left>20</left>
							<top>15</top>
							<width>610</width>
							<height>30</height>
							<font>font13_title</font>
							<label>31903</label>
							<align>center</align>
							<aligny>center</aligny>
							<textcolor>white</textcolor>
							<shadowcolor>black</shadowcolor>
						</control>
						<control type="label">
							<left>0</left>
							<top>200</top>
							<width>600</width>
							<height>30</height>
							<font>font13</font>
							<textcolor>white</textcolor>
							<align>center</align>
							<aligny>center</aligny>
							<label>$LOCALIZE[31909]</label>
							<visible>IsEmpty(Window.Property(Weekend.IsFetched))</visible>
						</control>
						<control type="group">
							<left>20</left>
							<top>50</top>
							<visible>!IsEmpty(Window.Property(Weekend.IsFetched))</visible>
							<include>VisibleFadeEffect</include>
							<control type="group">
								<left>0</left>
								<top>0</top>
								<control type="label">
									<left>0</left>
									<top>5</top>
									<width>600</width>
									<height>30</height>
									<font>font13_title</font>
									<textcolor>blue</textcolor>
									<align>center</align>
									<aligny>center</aligny>
									<label>$INFO[Window.Property(Weekend.1.LongDay)] - $INFO[Window.Property(Weekend.1.ShortDate)]</label>
								</control>
								<control type="image">
									<left>10</left>
									<top>20</top>
									<width>130</width>
									<height>160</height>
									<aspectratio>keep</aspectratio>
									<texture>$INFO[Window.Property(Weekend.1.OutlookIcon)]</texture>
								</control>
								<control type="label">
									<left>140</left>
									<top>40</top>
									<width>100</width>
									<height>50</height>
									<font>font13_title</font>
									<textcolor>white</textcolor>
									<selectedcolor>selected</selectedcolor>
									<align>center</align>
									<aligny>center</aligny>
									<label>[COLOR=grey2]$LOCALIZE[393][CR][/COLOR]$INFO[Window.Property(Weekend.1.HighTemperature),[B] ,[/B]]</label>
								</control>
								<control type="label">
									<left>140</left>
									<top>100</top>
									<width>100</width>
									<height>50</height>
									<font>font13_title</font>
									<textcolor>white</textcolor>
									<selectedcolor>selected</selectedcolor>
									<align>center</align>
									<aligny>center</aligny>
									<label>[COLOR=grey2]$LOCALIZE[391][CR][/COLOR]$INFO[Window.Property(Weekend.1.LowTemperature),[B] ,[/B]]</label>
								</control>
								<control type="textbox">
									<left>240</left>
									<top>40</top>
									<width>350</width>
									<height>130</height>
									<font>font12</font>
									<textcolor>white</textcolor>
									<align>right</align>
									<label>$INFO[Window.Property(Weekend.1.Humidity),[COLOR=grey2]$LOCALIZE[406] :[/COLOR][B] ,[/B]][CR][CR]$INFO[Window.Property(Weekend.1.ShortWindDirection),[COLOR=grey2]$LOCALIZE[404] :[/COLOR][B] ,[/B]][CR][CR]$INFO[Window.Property(Weekend.1.Precipitation),[COLOR=grey2]$LOCALIZE[33021] :[/COLOR][B] ,[/B]]</label>
								</control>
								<control type="label">
									<left>0</left>
									<top>170</top>
									<width>590</width>
									<height>20</height>
									<font>font12</font>
									<textcolor>white</textcolor>
									<selectedcolor>selected</selectedcolor>
									<align>center</align>
									<aligny>center</aligny>
									<label>$INFO[Window.Property(Weekend.1.Outlook),[COLOR=grey2]$LOCALIZE[33030]: [/COLOR]]</label>
								</control>
								<control type="textbox">
									<left>0</left>
									<top>210</top>
									<width>590</width>
									<height>70</height>
									<font>font12</font>
									<textcolor>white</textcolor>
									<selectedcolor>selected</selectedcolor>
									<align>center</align>
									<label>$INFO[Window.Property(Weekend.1.LongOutlookDay),[COLOR=grey2]$LOCALIZE[31905]: [/COLOR]][CR]</label>
								</control>
								<control type="image">
									<left>0</left>
									<top>270</top>
									<width>650</width>
									<height>4</height>
									<texture>separator.png</texture>
								</control>
							</control>
							<control type="group">
								<left>0</left>
								<top>280</top>
								<control type="label">
									<left>0</left>
									<top>5</top>
									<width>600</width>
									<height>30</height>
									<font>font13_title</font>
									<textcolor>blue</textcolor>
									<align>center</align>
									<aligny>center</aligny>
									<label>$INFO[Window.Property(Weekend.2.LongDay)] - $INFO[Window.Property(Weekend.2.ShortDate)]</label>
								</control>
								<control type="image">
									<left>10</left>
									<top>20</top>
									<width>130</width>
									<height>160</height>
									<aspectratio>keep</aspectratio>
									<texture>$INFO[Window.Property(Weekend.2.OutlookIcon)]</texture>
								</control>
								<control type="label">
									<left>140</left>
									<top>40</top>
									<width>100</width>
									<height>50</height>
									<font>font13_title</font>
									<textcolor>white</textcolor>
									<selectedcolor>selected</selectedcolor>
									<align>center</align>
									<aligny>center</aligny>
									<label>[COLOR=grey2]$LOCALIZE[393][CR][/COLOR]$INFO[Window.Property(Weekend.2.HighTemperature),[B] ,[/B]]</label>
								</control>
								<control type="label">
									<left>140</left>
									<top>100</top>
									<width>100</width>
									<height>50</height>
									<font>font13_title</font>
									<textcolor>white</textcolor>
									<selectedcolor>selected</selectedcolor>
									<align>center</align>
									<aligny>center</aligny>
									<label>[COLOR=grey2]$LOCALIZE[391][CR][/COLOR]$INFO[Window.Property(Weekend.2.LowTemperature),[B] ,[/B]]</label>
								</control>
								<control type="textbox">
									<left>240</left>
									<top>40</top>
									<width>350</width>
									<height>130</height>
									<font>font12</font>
									<textcolor>white</textcolor>
									<align>right</align>
									<label>$INFO[Window.Property(Weekend.2.Humidity),[COLOR=grey2]$LOCALIZE[406] :[/COLOR][B] ,[/B]][CR][CR]$INFO[Window.Property(Weekend.2.ShortWindDirection),[COLOR=grey2]$LOCALIZE[404] :[/COLOR][B] ,[/B]][CR][CR]$INFO[Window.Property(Weekend.2.Precipitation),[COLOR=grey2]$LOCALIZE[33021] :[/COLOR][B] ,[/B]]</label>
								</control>
								<control type="label">
									<left>0</left>
									<top>170</top>
									<width>590</width>
									<height>20</height>
									<font>font12</font>
									<textcolor>white</textcolor>
									<selectedcolor>selected</selectedcolor>
									<align>center</align>
									<aligny>center</aligny>
									<label>$INFO[Window.Property(Weekend.2.Outlook),[COLOR=grey2]$LOCALIZE[33030]: [/COLOR]]</label>
								</control>
								<control type="textbox">
									<left>0</left>
									<top>210</top>
									<width>590</width>
									<height>70</height>
									<font>font12</font>
									<textcolor>white</textcolor>
									<selectedcolor>selected</selectedcolor>
									<align>center</align>
									<label>$INFO[Window.Property(Weekend.2.LongOutlookDay),[COLOR=grey2]$LOCALIZE[31905]: [/COLOR]][CR]</label>
								</control>
							</control>
						</control>
					</control>
					<control type="group">
						<visible>StringCompare(Window.Property(Weather.CurrentView),hourly)</visible>
						<include>VisibleFadeEffect</include>
						<control type="label">
							<description>header label</description>
							<left>20</left>
							<top>15</top>
							<width>610</width>
							<height>30</height>
							<font>font13_title</font>
							<label>31902</label>
							<align>center</align>
							<aligny>center</aligny>
							<textcolor>white</textcolor>
							<shadowcolor>black</shadowcolor>
						</control>
						<control type="list" id="52">
							<left>15</left>
							<top>60</top>
							<width>600</width>
							<height>541</height>
							<onleft>9000</onleft>
							<onright>62</onright>
							<onup>52</onup>
							<ondown>52</ondown>
							<viewtype label="535">list</viewtype>
							<pagecontrol>62</pagecontrol>
							<scrolltime>200</scrolltime>
							<itemlayout height="135" width="600">
								<control type="image">
									<left>0</left>
									<top>0</top>
									<width>600</width>
									<height>136</height>
									<texture border="0,5,0,5">MenuItemNF.png</texture>
								</control>
								<control type="label">
									<left>50</left>
									<top>0</top>
									<width>100</width>
									<height>120</height>
									<font>font12</font>
									<textcolor>white</textcolor>
									<selectedcolor>selected</selectedcolor>
									<align>center</align>
									<aligny>center</aligny>
									<label>$INFO[ListItem.Label]</label>
								</control>
								<control type="image">
									<left>110</left>
									<top>5</top>
									<width>80</width>
									<height>80</height>
									<aspectratio>keep</aspectratio>
									<texture>$INFO[ListItem.Thumb]</texture>
								</control>
								<control type="label">
									<left>590</left>
									<top>5</top>
									<width>390</width>
									<height>70</height>
									<font>font12</font>
									<textcolor>white</textcolor>
									<selectedcolor>selected</selectedcolor>
									<align>right</align>
									<aligny>center</aligny>
									<label>$INFO[ListItem.Label2]</label>
								</control>
								<control type="textbox">
									<left>0</left>
									<top>80</top>
									<width>590</width>
									<height>50</height>
									<font>font12</font>
									<textcolor>white</textcolor>
									<selectedcolor>selected</selectedcolor>
									<align>center</align>
									<label>$INFO[ListItem.ActualIcon]</label>
								</control>
							</itemlayout>
							<focusedlayout height="135" width="600">
								<control type="image">
									<left>0</left>
									<top>0</top>
									<width>600</width>
									<height>136</height>
									<texture border="0,2,0,2">MenuItemNF.png</texture>
									<visible>!Control.HasFocus(52)</visible>
									<include>VisibleFadeEffect</include>
								</control>
								<control type="image">
									<left>0</left>
									<top>0</top>
									<width>600</width>
									<height>136</height>
									<texture border="10">button-focus2.png</texture>
									<visible>Control.HasFocus(52)</visible>
									<include>VisibleFadeEffect</include>
								</control>
								<control type="label">
									<left>50</left>
									<top>0</top>
									<width>100</width>
									<height>120</height>
									<font>font12</font>
									<textcolor>white</textcolor>
									<selectedcolor>selected</selectedcolor>
									<align>center</align>
									<aligny>center</aligny>
									<label>$INFO[ListItem.Label]</label>
								</control>
								<control type="image">
									<left>110</left>
									<top>5</top>
									<width>80</width>
									<height>80</height>
									<aspectratio>keep</aspectratio>
									<texture>$INFO[ListItem.Thumb]</texture>
								</control>
								<control type="label">
									<left>590</left>
									<top>5</top>
									<width>390</width>
									<height>70</height>
									<font>font12</font>
									<textcolor>white</textcolor>
									<selectedcolor>selected</selectedcolor>
									<align>right</align>
									<aligny>center</aligny>
									<label>$INFO[ListItem.Label2]</label>
								</control>
								<control type="textbox">
									<left>0</left>
									<top>80</top>
									<width>590</width>
									<height>50</height>
									<font>font12</font>
									<textcolor>white</textcolor>
									<selectedcolor>selected</selectedcolor>
									<align>center</align>
									<label>$INFO[ListItem.ActualIcon]</label>
								</control>
							</focusedlayout>
							<content>
								<item>
									<icon>$LOCALIZE[31909]</icon>
									<onclick>noop</onclick>
									<visible>IsEmpty(Window.Property(Hourly.IsFetched))</visible>
								</item>
								<item>
									<label>[B]$INFO[Window.Property(Hourly.1.Time)][/B][CR][COLOR=grey2]$INFO[Window.Property(Hourly.1.ShortDate)][/COLOR]</label>
									<label2>$INFO[Window.Property(Hourly.1.Temperature),[COLOR=grey2]$LOCALIZE[419] :[/COLOR][B] ,[/B]]  $INFO[Window.Property(Hourly.1.FeelsLike),[COLOR=grey2]$LOCALIZE[402] :[/COLOR][B] ,[/B]][CR]$INFO[Window.Property(Hourly.1.Humidity),[COLOR=grey2]$LOCALIZE[406] :[/COLOR][B] ,[/B]][CR]$INFO[Window.Property(Hourly.1.ChancePrecipitation),[COLOR=grey2]$LOCALIZE[31908] :[/COLOR][B] ,[/B]]</label2>
									<thumb>$INFO[Window.Property(Hourly.1.OutlookIcon)]</thumb>
									<icon>$INFO[Window.Property(Hourly.1.Outlook),[COLOR=grey2]$LOCALIZE[33030]: [/COLOR]][CR][COLOR=grey2]$LOCALIZE[383]: [/COLOR]$INFO[Window.Property(Hourly.1.WindSpeed)] $INFO[Window.Property(Hourly.1.WindDirection)]</icon>
									<property name="Fanart">$INFO[Window.Property(Hourly.1.FanartCode)]</property>
									<onclick>noop</onclick>
									<visible>!IsEmpty(Window.Property(Hourly.IsFetched))</visible>
								</item>
								<item>
									<label>[B]$INFO[Window.Property(Hourly.2.Time)][/B][CR][COLOR=grey2]$INFO[Window.Property(Hourly.2.ShortDate)][/COLOR]</label>
									<label2>$INFO[Window.Property(Hourly.2.Temperature),[COLOR=grey2]$LOCALIZE[419] :[/COLOR][B] ,[/B]]  $INFO[Window.Property(Hourly.2.FeelsLike),[COLOR=grey2]$LOCALIZE[402] :[/COLOR][B] ,[/B]][CR]$INFO[Window.Property(Hourly.2.Humidity),[COLOR=grey2]$LOCALIZE[406] :[/COLOR][B] ,[/B]][CR]$INFO[Window.Property(Hourly.2.ChancePrecipitation),[COLOR=grey2]$LOCALIZE[31908] :[/COLOR][B] ,[/B]]</label2>
									<thumb>$INFO[Window.Property(Hourly.2.OutlookIcon)]</thumb>
									<icon>$INFO[Window.Property(Hourly.2.Outlook),[COLOR=grey2]$LOCALIZE[33030]: [/COLOR]][CR][COLOR=grey2]$LOCALIZE[383]: [/COLOR]$INFO[Window.Property(Hourly.2.WindSpeed)] $INFO[Window.Property(Hourly.2.WindDirection)]</icon>
									<property name="Fanart">$INFO[Window.Property(Hourly.2.FanartCode)]</property>
									<onclick>noop</onclick>
									<visible>!IsEmpty(Window.Property(Hourly.IsFetched))</visible>
								</item>
								<item>
									<label>[B]$INFO[Window.Property(Hourly.3.Time)][/B][CR][COLOR=grey2]$INFO[Window.Property(Hourly.3.ShortDate)][/COLOR]</label>
									<label2>$INFO[Window.Property(Hourly.3.Temperature),[COLOR=grey2]$LOCALIZE[419] :[/COLOR][B] ,[/B]]  $INFO[Window.Property(Hourly.3.FeelsLike),[COLOR=grey2]$LOCALIZE[402] :[/COLOR][B] ,[/B]][CR]$INFO[Window.Property(Hourly.3.Humidity),[COLOR=grey2]$LOCALIZE[406] :[/COLOR][B] ,[/B]][CR]$INFO[Window.Property(Hourly.3.ChancePrecipitation),[COLOR=grey2]$LOCALIZE[31908] :[/COLOR][B] ,[/B]]</label2>
									<thumb>$INFO[Window.Property(Hourly.3.OutlookIcon)]</thumb>
									<icon>$INFO[Window.Property(Hourly.3.Outlook),[COLOR=grey2]$LOCALIZE[33030]: [/COLOR]][CR][COLOR=grey2]$LOCALIZE[383]: [/COLOR]$INFO[Window.Property(Hourly.3.WindSpeed)] $INFO[Window.Property(Hourly.3.WindDirection)]</icon>
									<property name="Fanart">$INFO[Window.Property(Hourly.3.FanartCode)]</property>
									<onclick>noop</onclick>
									<visible>!IsEmpty(Window.Property(Hourly.IsFetched))</visible>
								</item>
								<item>
									<label>[B]$INFO[Window.Property(Hourly.4.Time)][/B][CR][COLOR=grey2]$INFO[Window.Property(Hourly.4.ShortDate)][/COLOR]</label>
									<label2>$INFO[Window.Property(Hourly.4.Temperature),[COLOR=grey2]$LOCALIZE[419] :[/COLOR][B] ,[/B]]  $INFO[Window.Property(Hourly.4.FeelsLike),[COLOR=grey2]$LOCALIZE[402] :[/COLOR][B] ,[/B]][CR]$INFO[Window.Property(Hourly.4.Humidity),[COLOR=grey2]$LOCALIZE[406] :[/COLOR][B] ,[/B]][CR]$INFO[Window.Property(Hourly.4.ChancePrecipitation),[COLOR=grey2]$LOCALIZE[31908] :[/COLOR][B] ,[/B]]</label2>
									<thumb>$INFO[Window.Property(Hourly.4.OutlookIcon)]</thumb>
									<icon>$INFO[Window.Property(Hourly.4.Outlook),[COLOR=grey2]$LOCALIZE[33030]: [/COLOR]][CR][COLOR=grey2]$LOCALIZE[383]: [/COLOR]$INFO[Window.Property(Hourly.4.WindSpeed)] $INFO[Window.Property(Hourly.4.WindDirection)]</icon>
									<property name="Fanart">$INFO[Window.Property(Hourly.4.FanartCode)]</property>
									<onclick>noop</onclick>
									<visible>!IsEmpty(Window.Property(Hourly.IsFetched))</visible>
								</item>
								<item>
									<label>[B]$INFO[Window.Property(Hourly.5.Time)][/B][CR][COLOR=grey2]$INFO[Window.Property(Hourly.5.ShortDate)][/COLOR]</label>
									<label2>$INFO[Window.Property(Hourly.5.Temperature),[COLOR=grey2]$LOCALIZE[419] :[/COLOR][B] ,[/B]]  $INFO[Window.Property(Hourly.5.FeelsLike),[COLOR=grey2]$LOCALIZE[402] :[/COLOR][B] ,[/B]][CR]$INFO[Window.Property(Hourly.5.Humidity),[COLOR=grey2]$LOCALIZE[406] :[/COLOR][B] ,[/B]][CR]$INFO[Window.Property(Hourly.5.ChancePrecipitation),[COLOR=grey2]$LOCALIZE[31908] :[/COLOR][B] ,[/B]]</label2>
									<thumb>$INFO[Window.Property(Hourly.5.OutlookIcon)]</thumb>
									<icon>$INFO[Window.Property(Hourly.5.Outlook),[COLOR=grey2]$LOCALIZE[33030]: [/COLOR]][CR][COLOR=grey2]$LOCALIZE[383]: [/COLOR]$INFO[Window.Property(Hourly.5.WindSpeed)] $INFO[Window.Property(Hourly.5.WindDirection)]</icon>
									<property name="Fanart">$INFO[Window.Property(Hourly.5.FanartCode)]</property>
									<onclick>noop</onclick>
									<visible>!IsEmpty(Window.Property(Hourly.IsFetched))</visible>
								</item>
								<item>
									<label>[B]$INFO[Window.Property(Hourly.6.Time)][/B][CR][COLOR=grey2]$INFO[Window.Property(Hourly.6.ShortDate)][/COLOR]</label>
									<label2>$INFO[Window.Property(Hourly.6.Temperature),[COLOR=grey2]$LOCALIZE[419] :[/COLOR][B] ,[/B]]  $INFO[Window.Property(Hourly.6.FeelsLike),[COLOR=grey2]$LOCALIZE[402] :[/COLOR][B] ,[/B]][CR]$INFO[Window.Property(Hourly.6.Humidity),[COLOR=grey2]$LOCALIZE[406] :[/COLOR][B] ,[/B]][CR]$INFO[Window.Property(Hourly.6.ChancePrecipitation),[COLOR=grey2]$LOCALIZE[31908] :[/COLOR][B] ,[/B]]</label2>
									<thumb>$INFO[Window.Property(Hourly.6.OutlookIcon)]</thumb>
									<icon>$INFO[Window.Property(Hourly.6.Outlook),[COLOR=grey2]$LOCALIZE[33030]: [/COLOR]][CR][COLOR=grey2]$LOCALIZE[383]: [/COLOR]$INFO[Window.Property(Hourly.6.WindSpeed)] $INFO[Window.Property(Hourly.6.WindDirection)]</icon>
									<property name="Fanart">$INFO[Window.Property(Hourly.6.FanartCode)]</property>
									<onclick>noop</onclick>
									<visible>!IsEmpty(Window.Property(Hourly.IsFetched))</visible>
								</item>
								<item>
									<label>[B]$INFO[Window.Property(Hourly.7.Time)][/B][CR][COLOR=grey2]$INFO[Window.Property(Hourly.7.ShortDate)][/COLOR]</label>
									<label2>$INFO[Window.Property(Hourly.7.Temperature),[COLOR=grey2]$LOCALIZE[419] :[/COLOR][B] ,[/B]]  $INFO[Window.Property(Hourly.7.FeelsLike),[COLOR=grey2]$LOCALIZE[402] :[/COLOR][B] ,[/B]][CR]$INFO[Window.Property(Hourly.7.Humidity),[COLOR=grey2]$LOCALIZE[406] :[/COLOR][B] ,[/B]][CR]$INFO[Window.Property(Hourly.7.ChancePrecipitation),[COLOR=grey2]$LOCALIZE[31908] :[/COLOR][B] ,[/B]]</label2>
									<thumb>$INFO[Window.Property(Hourly.7.OutlookIcon)]</thumb>
									<icon>$INFO[Window.Property(Hourly.7.Outlook),[COLOR=grey2]$LOCALIZE[33030]: [/COLOR]][CR][COLOR=grey2]$LOCALIZE[383]: [/COLOR]$INFO[Window.Property(Hourly.7.WindSpeed)] $INFO[Window.Property(Hourly.7.WindDirection)]</icon>
									<property name="Fanart">$INFO[Window.Property(Hourly.7.FanartCode)]</property>
									<onclick>noop</onclick>
									<visible>!IsEmpty(Window.Property(Hourly.IsFetched))</visible>
								</item>
								<item>
									<label>[B]$INFO[Window.Property(Hourly.8.Time)][/B][CR][COLOR=grey2]$INFO[Window.Property(Hourly.8.ShortDate)][/COLOR]</label>
									<label2>$INFO[Window.Property(Hourly.8.Temperature),[COLOR=grey2]$LOCALIZE[419] :[/COLOR][B] ,[/B]]  $INFO[Window.Property(Hourly.8.FeelsLike),[COLOR=grey2]$LOCALIZE[402] :[/COLOR][B] ,[/B]][CR]$INFO[Window.Property(Hourly.8.Humidity),[COLOR=grey2]$LOCALIZE[406] :[/COLOR][B] ,[/B]][CR]$INFO[Window.Property(Hourly.8.ChancePrecipitation),[COLOR=grey2]$LOCALIZE[31908] :[/COLOR][B] ,[/B]]</label2>
									<thumb>$INFO[Window.Property(Hourly.8.OutlookIcon)]</thumb>
									<icon>$INFO[Window.Property(Hourly.8.Outlook),[COLOR=grey2]$LOCALIZE[33030]: [/COLOR]][CR][COLOR=grey2]$LOCALIZE[383]: [/COLOR]$INFO[Window.Property(Hourly.8.WindSpeed)] $INFO[Window.Property(Hourly.8.WindDirection)]</icon>
									<property name="Fanart">$INFO[Window.Property(Hourly.8.FanartCode)]</property>
									<onclick>noop</onclick>
									<visible>!IsEmpty(Window.Property(Hourly.IsFetched))</visible>
								</item>
								<item>
									<label>[B]$INFO[Window.Property(Hourly.9.Time)][/B][CR][COLOR=grey2]$INFO[Window.Property(Hourly.9.ShortDate)][/COLOR]</label>
									<label2>$INFO[Window.Property(Hourly.9.Temperature),[COLOR=grey2]$LOCALIZE[419] :[/COLOR][B] ,[/B]]  $INFO[Window.Property(Hourly.9.FeelsLike),[COLOR=grey2]$LOCALIZE[402] :[/COLOR][B] ,[/B]][CR]$INFO[Window.Property(Hourly.9.Humidity),[COLOR=grey2]$LOCALIZE[406] :[/COLOR][B] ,[/B]][CR]$INFO[Window.Property(Hourly.9.ChancePrecipitation),[COLOR=grey2]$LOCALIZE[31908] :[/COLOR][B] ,[/B]]</label2>
									<thumb>$INFO[Window.Property(Hourly.9.OutlookIcon)]</thumb>
									<icon>$INFO[Window.Property(Hourly.9.Outlook),[COLOR=grey2]$LOCALIZE[33030]: [/COLOR]][CR][COLOR=grey2]$LOCALIZE[383]: [/COLOR]$INFO[Window.Property(Hourly.9.WindSpeed)] $INFO[Window.Property(Hourly.9.WindDirection)]</icon>
									<property name="Fanart">$INFO[Window.Property(Hourly.9.FanartCode)]</property>
									<onclick>noop</onclick>
									<visible>!IsEmpty(Window.Property(Hourly.IsFetched))</visible>
								</item>
								<item>
									<label>[B]$INFO[Window.Property(Hourly.10.Time)][/B][CR][COLOR=grey2]$INFO[Window.Property(Hourly.10.ShortDate)][/COLOR]</label>
									<label2>$INFO[Window.Property(Hourly.10.Temperature),[COLOR=grey2]$LOCALIZE[419] :[/COLOR][B] ,[/B]]  $INFO[Window.Property(Hourly.10.FeelsLike),[COLOR=grey2]$LOCALIZE[402] :[/COLOR][B] ,[/B]][CR]$INFO[Window.Property(Hourly.10.Humidity),[COLOR=grey2]$LOCALIZE[406] :[/COLOR][B] ,[/B]][CR]$INFO[Window.Property(Hourly.10.ChancePrecipitation),[COLOR=grey2]$LOCALIZE[31908] :[/COLOR][B] ,[/B]]</label2>
									<thumb>$INFO[Window.Property(Hourly.10.OutlookIcon)]</thumb>
									<icon>$INFO[Window.Property(Hourly.10.Outlook),[COLOR=grey2]$LOCALIZE[33030]: [/COLOR]][CR][COLOR=grey2]$LOCALIZE[383]: [/COLOR]$INFO[Window.Property(Hourly.10.WindSpeed)] $INFO[Window.Property(Hourly.10.WindDirection)]</icon>
									<property name="Fanart">$INFO[Window.Property(Hourly.10.FanartCode)]</property>
									<onclick>noop</onclick>
									<visible>!IsEmpty(Window.Property(Hourly.IsFetched))</visible>
								</item>
								<item>
									<label>[B]$INFO[Window.Property(Hourly.11.Time)][/B][CR][COLOR=grey2]$INFO[Window.Property(Hourly.11.ShortDate)][/COLOR]</label>
									<label2>$INFO[Window.Property(Hourly.11.Temperature),[COLOR=grey2]$LOCALIZE[419] :[/COLOR][B] ,[/B]]  $INFO[Window.Property(Hourly.11.FeelsLike),[COLOR=grey2]$LOCALIZE[402] :[/COLOR][B] ,[/B]][CR]$INFO[Window.Property(Hourly.11.Humidity),[COLOR=grey2]$LOCALIZE[406] :[/COLOR][B] ,[/B]][CR]$INFO[Window.Property(Hourly.11.ChancePrecipitation),[COLOR=grey2]$LOCALIZE[31908] :[/COLOR][B] ,[/B]]</label2>
									<thumb>$INFO[Window.Property(Hourly.11.OutlookIcon)]</thumb>
									<icon>$INFO[Window.Property(Hourly.11.Outlook),[COLOR=grey2]$LOCALIZE[33030]: [/COLOR]][CR][COLOR=grey2]$LOCALIZE[383]: [/COLOR]$INFO[Window.Property(Hourly.11.WindSpeed)] $INFO[Window.Property(Hourly.11.WindDirection)]</icon>
									<property name="Fanart">$INFO[Window.Property(Hourly.11.FanartCode)]</property>
									<onclick>noop</onclick>
									<visible>!IsEmpty(Window.Property(Hourly.IsFetched))</visible>
								</item>
								<item>
									<label>[B]$INFO[Window.Property(Hourly.12.Time)][/B][CR][COLOR=grey2]$INFO[Window.Property(Hourly.12.ShortDate)][/COLOR]</label>
									<label2>$INFO[Window.Property(Hourly.12.Temperature),[COLOR=grey2]$LOCALIZE[419] :[/COLOR][B] ,[/B]]  $INFO[Window.Property(Hourly.12.FeelsLike),[COLOR=grey2]$LOCALIZE[402] :[/COLOR][B] ,[/B]][CR]$INFO[Window.Property(Hourly.12.Humidity),[COLOR=grey2]$LOCALIZE[406] :[/COLOR][B] ,[/B]][CR]$INFO[Window.Property(Hourly.12.ChancePrecipitation),[COLOR=grey2]$LOCALIZE[31908] :[/COLOR][B] ,[/B]]</label2>
									<thumb>$INFO[Window.Property(Hourly.12.OutlookIcon)]</thumb>
									<icon>$INFO[Window.Property(Hourly.12.Outlook),[COLOR=grey2]$LOCALIZE[33030]: [/COLOR]][CR][COLOR=grey2]$LOCALIZE[383]: [/COLOR]$INFO[Window.Property(Hourly.12.WindSpeed)] $INFO[Window.Property(Hourly.12.WindDirection)]</icon>
									<property name="Fanart">$INFO[Window.Property(Hourly.12.FanartCode)]</property>
									<onclick>noop</onclick>
									<visible>!IsEmpty(Window.Property(Hourly.IsFetched))</visible>
								</item>
							</content>
						</control>
						<control type="scrollbar" id="62">
							<left>615</left>
							<top>60</top>
							<width>25</width>
							<height>540</height>
							<texturesliderbackground border="0,14,0,14">ScrollBarV.png</texturesliderbackground>
							<texturesliderbar border="0,14,0,14">ScrollBarV_bar.png</texturesliderbar>
							<texturesliderbarfocus border="0,14,0,14">ScrollBarV_bar_focus.png</texturesliderbarfocus>
							<textureslidernib>ScrollBarNib.png</textureslidernib>
							<textureslidernibfocus>ScrollBarNib.png</textureslidernibfocus>
							<onleft>52</onleft>
							<onright>800</onright>
							<showonepage>true</showonepage>
							<orientation>vertical</orientation>
							<visible>Control.IsVisible(50)</visible>
						</control>
						<!--control type="label">
							<animation effect="slide" start="0,0" end="-90,0" time="0" condition="system.getbool(input.enablemouse)">Conditional</animation>
							<description>number of files/pages</description>
							<right>40</right>
							<top>627</top>
							<width>570</width>
							<font>font12</font>
							<align>right</align>
							<scroll>true</scroll>
							<textcolor>grey</textcolor>
							<shadowcolor>black</shadowcolor>
							<label>([COLOR=blue]$INFO[Container(52).NumItems][/COLOR]) $LOCALIZE[31025] - $LOCALIZE[31024] ([COLOR=blue]$INFO[Container(52).CurrentPage]/$INFO[Container(52).NumPages][/COLOR])</label>
						</control-->
					</control>
					<control type="group">
						<visible>StringCompare(Window.Property(Weather.CurrentView),map)</visible>
						<include>VisibleFadeEffect</include>
						<control type="button" id="999">
							<description>Hidden Button for focus</description>
							<left>-600</left>
							<top>-20</top>
							<width>1</width>
							<height>1</height>
							<texturenofocus>-</texturenofocus>
							<texturefocus>-</texturefocus>
							<onleft>9000</onleft>
							<onright>9000</onright>
						</control>
						<control type="label">
							<description>header label</description>
							<left>20</left>
							<top>15</top>
							<width>610</width>
							<height>30</height>
							<font>font13_title</font>
							<label>31910</label>
							<align>center</align>
							<aligny>center</aligny>
							<textcolor>white</textcolor>
							<shadowcolor>black</shadowcolor>
						</control>
						<control type="image">
							<description>Background image</description>
							<left>40</left>
							<top>75</top>
							<width>570</width>
							<height>325</height>
							<texture border="5">button-nofocus.png</texture>
						</control>
						<control type="multiimage">
							<description>map multiimage</description>
							<left>45</left>
							<top>80</top>
							<width>560</width>
							<height>315</height>
							<imagepath>$INFO[Window.Property(MapPath)]</imagepath>
							<timeperimage>500</timeperimage>
							<pauseatend>1000</pauseatend>
							<fadetime>0</fadetime>
							<randomize>false</randomize>
							<loop>yes</loop>
							<aspectratio>keep</aspectratio>
							<aligny>center</aligny>
						</control>
						<control type="image">
							<left>0</left>
							<top>410</top>
							<width>650</width>
							<height>4</height>
							<texture>separator.png</texture>
						</control>
						<control type="label">
							<left>40</left>
							<top>430</top>
							<width>570</width>
							<height>30</height>
							<font>font13_title</font>
							<textcolor>blue</textcolor>
							<align>center</align>
							<aligny>center</aligny>
							<label>$LOCALIZE[33050]</label>
						</control>
						<control type="group">
							<visible>!StringCompare(Window.Property(Alerts.Count),0)</visible>
							<control type="textbox">
								<left>40</left>
								<top>470</top>
								<width>570</width>
								<height>100</height>
								<font>font12</font>
								<textcolor>white</textcolor>
								<selectedcolor>selected</selectedcolor>
								<align>center</align>
								<label>$INFO[Window.Property(Alerts)]</label>
								<autoscroll time="2000" delay="3000" repeat="5000">Skin.HasSetting(AutoScroll)</autoscroll>
							</control>
						</control>
						<control type="label">
							<left>40</left>
							<top>500</top>
							<width>570</width>
							<height>30</height>
							<font>font13_title</font>
							<textcolor>white</textcolor>
							<align>center</align>
							<aligny>center</aligny>
							<label>$LOCALIZE[19055]</label>
							<visible>StringCompare(Window.Property(Alerts.Count),0)</visible>
						</control>
					</control>
				</control>
			</control>
		</control>
		<include>CommonNowPlaying</include>
		<include>FloorReturnButtons</include>
		<control type="group">
			<left>-250</left>
			<include>SideBladeLeft</include>
			<control type="grouplist" id="9000">
				<left>0</left>
				<top>60</top>
				<width>250</width>
				<height>650</height>
				<onleft>9000</onleft>
				<onright>50</onright>
				<onup>9000</onup>
				<ondown>9000</ondown>
				<onback>50</onback>
				<itemgap>0</itemgap>
				<control type="label" id="200">
					<width>250</width>
					<height>35</height>
					<font>font12</font>
					<label>31006</label>
					<textcolor>blue</textcolor>
					<align>center</align>
					<aligny>center</aligny>
				</control>
				<control type="group" id="300">
					<width>250</width>
					<height>40</height>
					<control type="spincontrolex" id="3">
						<description>change location button</description>
						<left>0</left>
						<top>0</top>
						<font>-</font>
						<include>ButtonCommonValues</include>
						<onleft>50</onleft>
						<onright>50</onright>
						<onup>200</onup>
						<ondown>302</ondown>
						<onback>50</onback>
					</control>
					<control type="label" id="301">
						<left>10</left>
						<top>0</top>
						<width>200</width>
						<height>40</height>
						<font>font13</font>
						<label>31027</label>
						<textcolor>white</textcolor>
						<align>left</align>
						<aligny>center</aligny>
					</control>
				</control>
				<control type="button" id="302">
					<description>10 day forcast button</description>
					<textwidth>235</textwidth>
					<include>ButtonCommonValues</include>
					<label>31904</label>
					<onfocus>ClearProperty(Weather.CurrentView)</onfocus>
					<visible>StringCompare(Weather.Plugin,weather.wunderground)</visible>
				</control>
				<control type="button" id="303">
					<description>36 hour forcast button</description>
					<textwidth>235</textwidth>
					<include>ButtonCommonValues</include>
					<label>31901</label>
					<onfocus>SetProperty(Weather.CurrentView,36hour)</onfocus>
					<visible>StringCompare(Weather.Plugin,weather.wunderground)</visible>
				</control>
				<control type="button" id="304">
					<description>Weekend forcast button</description>
					<textwidth>235</textwidth>
					<include>ButtonCommonValues</include>
					<label>31903</label>
					<onfocus>SetProperty(Weather.CurrentView,weekend)</onfocus>
					<visible>StringCompare(Weather.Plugin,weather.wunderground)</visible>
				</control>
				<control type="button" id="305">
					<description>Hourly forcast button</description>
					<textwidth>235</textwidth>
					<include>ButtonCommonValues</include>
					<label>31902</label>
					<onfocus>SetProperty(Weather.CurrentView,hourly)</onfocus>
					<visible>StringCompare(Weather.Plugin,weather.wunderground)</visible>
				</control>
				<control type="button" id="306">
					<description>Hourly forcast button</description>
					<textwidth>235</textwidth>
					<include>ButtonCommonValues</include>
					<label>31910</label>
					<onfocus>SetProperty(Weather.CurrentView,map)</onfocus>
					<visible>StringCompare(Weather.Plugin,weather.wunderground)</visible>
				</control>
				<control type="label" id="201">
					<width>250</width>
					<height>35</height>
					<font>font12</font>
					<label>31026</label>
					<textcolor>blue</textcolor>
					<align>center</align>
					<aligny>center</aligny>
				</control>
				<control type="button" id="2">
					<description>Refresh button</description>
					<textwidth>235</textwidth>
					<include>ButtonCommonValues</include>
					<label>103</label>
				</control>
				<control type="button" id="5">
					<description>Custom Weather Script Button</description>
					<label>$INFO[Skin.String(WeatherScript_Label)]</label>
					<onclick>SetFocus(50)</onclick>
					<onclick>XBMC.RunScript($INFO[Skin.String(WeatherScript_Path)])</onclick>
					<onclick>SetFocus(50)</onclick>
					<textwidth>235</textwidth>
					<include>ButtonCommonValues</include>
					<visible>Skin.HasSetting(WeatherScript_Enable) + !IsEmpty(Skin.String(WeatherScript_Label))</visible>
				</control>
				<control type="button" id="4">
					<description>Settings button</description>
					<label>5</label>
					<onclick>ActivateWindow(MyWeatherSettings)</onclick>
					<textwidth>235</textwidth>
					<include>ButtonCommonValues</include>
				</control>
				<control type="radiobutton" id="250">
					<description>Fanart Toggle</description>
					<include>ButtonCommonValues</include>
					<label>31307</label>
					<onclick>Skin.ToggleSetting(HideWeatherFanart)</onclick>
					<selected>Skin.HasSetting(HideWeatherFanart)</selected>
				</control>
				<include>CommonNowPlaying_Controls</include>
			</control>
		</control>
		<!--include>Clock</include-->
	</controls>
</window>