<?xml version="1.0" encoding="UTF-8"?>
<window>
	<defaultcontrol always="true">95</defaultcontrol>
	<allowoverlay>no</allowoverlay>
	<controls>
		<include>CommonBackground</include>
		<control type="image">
			<left>0</left>
			<top>100r</top>
			<width>1280</width>
			<height>100</height>
			<texture>floor.png</texture>
			<animation effect="slide" start="0,10" end="0,0" time="200" condition="Window.Previous(Home)">WindowOpen</animation>
			<animation effect="slide" start="0,0" end="0,10" time="200" condition="Window.Next(Home)">WindowClose</animation>
		</control>
		<control type="button" id="800">
			<include>InvisibleButton</include>
			<onleft>801</onleft>
			<onright>804</onright>
			<onup>9000</onup>
			<ondown>9000</ondown>
			<visible>false</visible>
		</control>
		<control type="group">
			<left>90</left>
			<top>30</top>
			<animation type="WindowOpen" reversible="false">
				<effect type="zoom" start="80" end="100" center="640,360" easing="out" tween="back" time="300" />
				<effect type="fade" start="0" end="100" time="300" />
			</animation>
			<animation type="WindowClose" reversible="false">
				<effect type="zoom" start="100" end="80" center="640,360" easing="in" tween="back" time="300" />
				<effect type="fade" start="100" end="0" time="300" />
			</animation>
			<control type="image">
				<left>5</left>
				<top>5</top>
				<width>1090</width>
				<height>630</height>
				<texture border="15">ContentPanel.png</texture>
			</control>
			<control type="image">
				<left>5</left>
				<top>625</top>
				<width>1090</width>
				<height>64</height>
				<texture border="15">ContentPanelMirror.png</texture>
			</control>
			
			<control type="image">
				<description>LOGO</description>
				<left>30</left>
				<top>15</top>
				<width>220</width>
				<height>80</height>
				<aspectratio>keep</aspectratio>
				<texture>Convergence_Logo.png</texture>
			</control>
			<control type="grouplist" id="9000">
				<left>10</left>
				<top>90</top>
				<width>260</width>
				<height>481</height>
				<itemgap>-1</itemgap>
				<onup>9000</onup>
				<ondown>9000</ondown>
				<onright>800</onright>
				<control type="button" id="95">
					<description>Button Summary Values</description>
					<height>60</height>
					<width>241</width>
					<textoffsetx>0</textoffsetx>
					<align>right</align>
					<aligny>center</aligny>
					<font>font13_title</font>
					<textcolor>grey2</textcolor>
					<focusedcolor>white</focusedcolor>
					<texturefocus border="5">MenuItemFO.png</texturefocus>
					<texturenofocus border="5">MenuItemNF.png</texturenofocus>
					<pulseonselect>false</pulseonselect>
					<label>20037</label>
				</control>
				<control type="button" id="94">
					<description>Button Storage</description>
					<height>60</height>
					<width>241</width>
					<textoffsetx>0</textoffsetx>
					<align>right</align>
					<aligny>center</aligny>
					<font>font13_title</font>
					<textcolor>grey2</textcolor>
					<focusedcolor>white</focusedcolor>
					<texturefocus border="5">MenuItemFO.png</texturefocus>
					<texturenofocus border="5">MenuItemNF.png</texturenofocus>
					<pulseonselect>false</pulseonselect>
					<label>13277</label>
				</control>
				<control type="button" id="96">
					<description>Button Network</description>
					<height>60</height>
					<width>241</width>
					<textoffsetx>0</textoffsetx>
					<align>right</align>
					<aligny>center</aligny>
					<font>font13_title</font>
					<textcolor>grey2</textcolor>
					<focusedcolor>white</focusedcolor>
					<texturefocus border="5">MenuItemFO.png</texturefocus>
					<texturenofocus border="5">MenuItemNF.png</texturenofocus>
					<pulseonselect>false</pulseonselect>
					<label>13279</label>
				</control>
				<control type="button" id="97">
					<description>Button Video</description>
					<height>60</height>
					<width>241</width>
					<textoffsetx>0</textoffsetx>
					<align>right</align>
					<aligny>center</aligny>
					<font>font13_title</font>
					<textcolor>grey2</textcolor>
					<focusedcolor>white</focusedcolor>
					<texturefocus border="5">MenuItemFO.png</texturefocus>
					<texturenofocus border="5">MenuItemNF.png</texturenofocus>
					<pulseonselect>false</pulseonselect>
					<label>13280</label>
				</control>
				<control type="button" id="98">
					<description>Button Hardware</description>
					<height>60</height>
					<width>241</width>
					<textoffsetx>0</textoffsetx>
					<align>right</align>
					<aligny>center</aligny>
					<font>font13_title</font>
					<textcolor>grey2</textcolor>
					<focusedcolor>white</focusedcolor>
					<texturefocus border="5">MenuItemFO.png</texturefocus>
					<texturenofocus border="5">MenuItemNF.png</texturenofocus>
					<pulseonselect>false</pulseonselect>
					<label>13281</label>
				</control>
				<control type="button" id="99">
					<description>Button PVR</description>
					<height>60</height>
					<width>241</width>
					<textoffsetx>0</textoffsetx>
					<align>right</align>
					<aligny>center</aligny>
					<font>font13_title</font>
					<textcolor>grey2</textcolor>
					<focusedcolor>white</focusedcolor>
					<texturefocus border="5">MenuItemFO.png</texturefocus>
					<texturenofocus border="5">MenuItemNF.png</texturenofocus>
					<pulseonselect>false</pulseonselect>
					<label>19191</label>
				</control>
			</control>
			<control type="image">
				<left>268</left>
				<top>10</top>
				<width>790</width>
				<height>618</height>
				<texture border="5">black-back2.png</texture>
			</control>
			
			<control type="group">
				<left>290</left>
				<top>100</top>
				<control type="label" id="2">
					<description>Label 2</description>
					<left>0</left>
					<top>0</top>
					<width>750</width>
					<label>-</label>
					<font>font13</font>
				</control>
				<control type="label" id="3">
					<description>Label 3</description>
					<left>0</left>
					<top>35</top>
					<width>750</width>
					<label>-</label>
					<font>font13</font>
				</control>
				<control type="label" id="4">
					<description>Label 4</description>
					<left>0</left>
					<top>70</top>
					<width>750</width>
					<label>-</label>
					<font>font13</font>
				</control>
				<control type="label" id="5">
					<description>Label 5</description>
					<left>0</left>
					<top>105</top>
					<width>750</width>
					<label>-</label>
					<font>font13</font>
				</control>
				<control type="label" id="6">
					<description>Label 6</description>
					<left>0</left>
					<top>140</top>
					<width>750</width>
					<label>-</label>
					<font>font13</font>
				</control>
				<control type="label" id="7">
					<description>Label 7</description>
					<left>0</left>
					<top>175</top>
					<width>750</width>
					<label>-</label>
					<font>font13</font>
				</control>
				<control type="label" id="8">
					<description>Label 8</description>
					<left>0</left>
					<top>210</top>
					<width>750</width>
					<label>-</label>
					<font>font13</font>
				</control>
				<control type="label" id="9">
					<description>Label 9</description>
					<left>0</left>
					<top>245</top>
					<width>750</width>
					<label>-</label>
					<font>font13</font>
				</control>
				<control type="label" id="10">
					<description>Label 10</description>
					<left>0</left>
					<top>280</top>
					<width>750</width>
					<label>-</label>
					<font>font13</font>
				</control>
				<control type="label" id="11">
					<description>Label 11</description>
					<left>0</left>
					<top>315</top>
					<width>750</width>
					<label>-</label>
					<font>font13</font>
				</control>
				<control type="label" id="52">
					<description>XBMC BUILD Version</description>
					<left>20</left>
					<top>400</top>
					<width>730</width>
					<label>144</label>
					<align>right</align>
					<textcolor>blue</textcolor>
					<shadowcolor>black</shadowcolor>
					<font>font13_title</font>
				</control>
				<control type="label">
					<description>CPU Text</description>
					<left>70</left>
					<top>450</top>
					<width>350</width>
					<height>25</height>
					<label>$LOCALIZE[13271] $INFO[System.CPUUsage]</label>
					<align>right</align>
					<aligny>center</aligny>
					<textcolor>white</textcolor>
					<shadowcolor>black</shadowcolor>
					<font>font12_title</font>
				</control>
				<control type="progress">
					<description>CPU BAR</description>
					<left>430</left>
					<top>455</top>
					<width>320</width>
					<height>16</height>
					<info>System.CPUUsage</info>
				</control>
				<control type="label">
					<description>Memory Text</description>
					<left>70</left>
					<top>480</top>
					<width>350</width>
					<height>25</height>
					<label>$LOCALIZE[31309] $INFO[system.memory(used.percent)]</label>
					<align>right</align>
					<aligny>center</aligny>
					<textcolor>white</textcolor>
					<shadowcolor>black</shadowcolor>
					<font>font12_title</font>
				</control>
				<control type="progress">
					<description>Memory BAR</description>
					<left>430</left>
					<top>485</top>
					<width>320</width>
					<height>16</height>
					<info>system.memory(used)</info>
				</control>
			</control>
		</control>
		<include>CommonNowPlaying</include>
		<include>FloorReturnButtons</include>
		
	</controls>
</window>