<?xml version="1.0" encoding="UTF-8"?>
<window>
	<defaultcontrol>2</defaultcontrol>
	<coordinates>
		<system>1</system>
		<left>240</left>
		<top>60</top>
	</coordinates>
	<include>DialogEffect</include>
	<controls>
		<control type="group">
			<control type="image">
				<description>background image</description>
				<left>0</left>
				<top>0</top>
				<width>800</width>
				<height>600</height>
				<texture border="40">DialogBack2.png</texture>
			</control>
			<control type="image">
				<description>Dialog Header image</description>
				<left>40</left>
				<top>16</top>
				<width>720</width>
				<height>40</height>
				<texture>dialogheader.png</texture>
			</control>
			<control type="label">
				<description>header label</description>
				<left>40</left>
				<top>20</top>
				<width>720</width>
				<height>30</height>
				<font>font13_title</font>
				<label>$LOCALIZE[31048]</label>
				<align>center</align>
				<aligny>center</aligny>
				<textcolor>selected</textcolor>
				<shadowcolor>black</shadowcolor>
			</control>
			<control type="button">
				<description>Close Window button</description>
				<left>710</left>
				<top>15</top>
				<width>64</width>
				<height>32</height>
				<label>-</label>
				<font>-</font>
				<onclick>PreviousMenu</onclick>
				<texturefocus>DialogCloseButton-focus.png</texturefocus>
				<texturenofocus>DialogCloseButton.png</texturenofocus>
				<onleft>2</onleft>
				<onright>2</onright>
				<onup>2</onup>
				<ondown>2</ondown>
				<visible>system.getbool(input.enablemouse)</visible>
			</control>
			<control type="label" id="4">
				<description>No Settings Label</description>
				<left>20</left>
				<top>180</top>
				<width>760</width>
				<align>center</align>
				<label>13389</label>
				<font>font13</font>
			</control>
			<control type="list" id="2">
				<left>40</left>
				<top>60</top>
				<width>720</width>
				<height>495</height>
				<onleft>60</onleft>
				<onright>60</onright>
				<onup>2</onup>
				<ondown>2</ondown>
				<pagecontrol>60</pagecontrol>
				<scrolltime>200</scrolltime>
				<itemlayout height="45" width="720">
					<control type="image">
						<left>0</left>
						<top>0</top>
						<width>720</width>
						<height>40</height>
						<texture border="5">button-nofocus.png</texture>
					</control>
					<control type="label">
						<left>10</left>
						<top>0</top>
						<width>700</width>
						<height>40</height>
						<font>font13</font>
						<textcolor>grey2</textcolor>
						<selectedcolor>selected</selectedcolor>
						<align>left</align>
						<aligny>center</aligny>
						<label>$INFO[ListItem.Label]</label>
					</control>
				</itemlayout>
				<focusedlayout height="45" width="720">
					<control type="image">
						<left>0</left>
						<top>0</top>
						<width>720</width>
						<height>40</height>
						<texture border="5">button-nofocus.png</texture>
						<visible>!Control.HasFocus(2)</visible>
						<include>VisibleFadeEffect</include>
					</control>
					<control type="image">
						<left>0</left>
						<top>0</top>
						<width>720</width>
						<height>40</height>
						<texture border="5">button-focus2.png</texture>
						<visible>Control.HasFocus(2)</visible>
						<include>VisibleFadeEffect</include>
					</control>
					<control type="label">
						<left>10</left>
						<top>0</top>
						<width>700</width>
						<height>40</height>
						<font>font13</font>
						<textcolor>white</textcolor>
						<selectedcolor>selected</selectedcolor>
						<align>left</align>
						<aligny>center</aligny>
						<label>$INFO[ListItem.Label]</label>
					</control>
				</focusedlayout>
			</control>
			<control type="scrollbar" id="60">
				<left>760</left>
				<top>60</top>
				<width>25</width>
				<height>495</height>
				<texturesliderbackground border="0,14,0,14">ScrollBarV.png</texturesliderbackground>
				<texturesliderbar border="0,14,0,14">ScrollBarV_bar.png</texturesliderbar>
				<texturesliderbarfocus border="0,14,0,14">ScrollBarV_bar_focus.png</texturesliderbarfocus>
				<textureslidernib>ScrollBarNib.png</textureslidernib>
				<textureslidernibfocus>ScrollBarNib.png</textureslidernibfocus>
				<onleft>2</onleft>
				<onright>2</onright>
				<ondown>60</ondown>
				<onup>60</onup>
				<showonepage>false</showonepage>
				<orientation>vertical</orientation>
			</control>
			<control type="label">
				<description>number of files/pages in list text label</description>
				<left>460</left>
				<top>548</top>
				<width>300</width>
				<height>35</height>
				<font>font12</font>
				<align>right</align>
				<aligny>center</aligny>
				<scroll>true</scroll>
				<textcolor>grey</textcolor>
				<label>([COLOR=$VAR[MainColorOne]]$INFO[Container(2).NumItems][/COLOR]) $LOCALIZE[31025] - $LOCALIZE[31024] ([COLOR=$VAR[MainColorOne]]$INFO[Container(2).CurrentPage]/$INFO[Container(2).NumPages][/COLOR])</label>
			</control>
		</control>
	</controls>
</window>