<?xml version="1.0" encoding="utf-8"?>
<includes>
	<include name="AddonInfoListView1">
		<control type="group">
			<visible>Control.IsVisible(550)</visible>
			<include>VisibleFadeEffect</include>
			<control type="list" id="550">
				<posx>70</posx>
				<posy>78</posy>
				<width>580</width>
				<height>561</height>
				<onleft>2</onleft>
				<onright>60</onright>
				<onup>550</onup>
				<ondown>550</ondown>
				<viewtype label="$LOCALIZE[31033]">info</viewtype>
				<visible>Window.IsVisible(AddonBrowser) | Container.Content(Addons)</visible>
				<pagecontrol>60</pagecontrol>
				<scrolltime>200</scrolltime>
				<itemlayout height="40" width="580">
					<control type="image">
						<posx>0</posx>
						<posy>0</posy>
						<width>580</width>
						<height>41</height>
						<texture border="0,2,0,2">MenuItemNF.png</texture>
					</control>
					<control type="label">
						<posx>10</posx>
						<posy>0</posy>
						<width>520</width>
						<height>40</height>
						<font>font13</font>
						<textcolor>grey2</textcolor>
						<selectedcolor>selected</selectedcolor>
						<align>left</align>
						<aligny>center</aligny>
						<label>$VAR[MainItemLabel]</label>
					</control>
					<control type="label">
						<posx>555</posx>
						<posy>0</posy>
						<width>500</width>
						<height>40</height>
						<font>font12</font>
						<textcolor>grey2</textcolor>
						<selectedcolor>selected</selectedcolor>
						<align>right</align>
						<aligny>center</aligny>
						<label>$INFO[ListItem.Property(Addon.Status)]</label>
					</control>
				</itemlayout>
				<focusedlayout height="40" width="580">
					<control type="image">
						<posx>0</posx>
						<posy>0</posy>
						<width>580</width>
						<height>41</height>
						<texture border="0,2,0,2">MenuItemNF.png</texture>
						<visible>!Control.HasFocus(550)</visible>
						<include>VisibleFadeEffect</include>
					</control>
					<control type="image">
						<posx>0</posx>
						<posy>0</posy>
						<width>580</width>
						<height>41</height>
						<texture border="0,2,0,2">MenuItemFO.png</texture>
						<visible>Control.HasFocus(550)</visible>
						<include>VisibleFadeEffect</include>
					</control>
					<control type="image">
						<posx>370</posx>
						<posy>5</posy>
						<width>200</width>
						<height>31</height>
						<texture border="0,0,14,0">MediaItemDetailBG.png</texture>
						<visible>Control.HasFocus(550) + !IsEmpty(ListItem.Property(Addon.Status))</visible>
					</control>
					<control type="label">
						<posx>10</posx>
						<posy>0</posy>
						<width>520</width>
						<height>40</height>
						<font>font13</font>
						<textcolor>white</textcolor>
						<selectedcolor>selected</selectedcolor>
						<align>left</align>
						<aligny>center</aligny>
						<label>$VAR[MainItemLabel]</label>
					</control>
					<control type="label">
						<posx>555</posx>
						<posy>0</posy>
						<width>500</width>
						<height>40</height>
						<font>font12</font>
						<textcolor>grey2</textcolor>
						<selectedcolor>selected</selectedcolor>
						<align>right</align>
						<aligny>center</aligny>
						<label>$INFO[ListItem.Property(Addon.Status)]</label>
					</control>
				</focusedlayout>
			</control>
			<control type="scrollbar" id="60">
				<posx>650</posx>
				<posy>78</posy>
				<width>25</width>
				<height>560</height>
				<texturesliderbackground border="10,14,10,14">ScrollBarV.png</texturesliderbackground>
				<texturesliderbar border="10,14,10,14">ScrollBarV_bar.png</texturesliderbar>
				<texturesliderbarfocus border="10,14,10,14">ScrollBarV_bar_focus.png</texturesliderbarfocus>
				<textureslidernib>ScrollBarNib.png</textureslidernib>
				<textureslidernibfocus>ScrollBarNib.png</textureslidernibfocus>
				<onleft>550</onleft>
				<onright condition="Skin.HasSetting(DisableHomeReturnButtons)">9000</onright>
				<onright condition="!Skin.HasSetting(DisableHomeReturnButtons)">82</onright>
				<showonepage>true</showonepage>
				<orientation>vertical</orientation>
				<visible>Control.IsVisible(550)</visible>
			</control>
			<control type="group">
				<posx>710</posx>
				<posy>80</posy>
				<visible>Control.IsVisible(550)</visible>
				<control type="label">
					<description>Show Title txt</description>
					<posx>0</posx>
					<posy>0</posy>
					<width>510</width>
					<height>15</height>
					<label>$INFO[ListItem.Property(Addon.Name)]</label>
					<align>center</align>
					<aligny>center</aligny>
					<font>font13_title</font>
					<textcolor>white</textcolor>
					<shadowcolor>black</shadowcolor>
					<wrapmultiline>true</wrapmultiline>
				</control>
				<control type="image">
					<posx>10</posx>
					<posy>30</posy>
					<width>490</width>
					<height>240</height>
					<aspectratio>keep</aspectratio>
					<fadetime>200</fadetime>
					<texture background="true">$INFO[ListItem.Icon]</texture>
					<bordertexture border="8">ThumbShadow.png</bordertexture>
					<bordersize>8</bordersize>
				</control>
				<control type="group">
					<posy>280</posy>
					<control type="label">
						<description>Author txt</description>
						<posx>150</posx>
						<posy>0</posy>
						<width>140</width>
						<height>25</height>
						<label>$LOCALIZE[21863]:</label>
						<align>right</align>
						<aligny>center</aligny>
						<font>font13</font>
						<textcolor>blue</textcolor>
					</control>
					<control type="fadelabel">
						<description>Author Value</description>
						<posx>160</posx>
						<posy>0</posy>
						<width>350</width>
						<height>25</height>
						<label fallback="416">$INFO[ListItem.Property(Addon.Creator)]</label>
						<align>left</align>
						<aligny>center</aligny>
						<font>font13</font>
						<scrollout>false</scrollout>
						<pauseatend>1000</pauseatend>
					</control>
					<control type="label">
						<description>Version txt</description>
						<posx>150</posx>
						<posy>30</posy>
						<width>140</width>
						<height>25</height>
						<label>$LOCALIZE[24051]</label>
						<align>right</align>
						<aligny>center</aligny>
						<font>font13</font>
						<textcolor>blue</textcolor>
					</control>
					<control type="label">
						<description>Version Value</description>
						<posx>160</posx>
						<posy>30</posy>
						<width>350</width>
						<height>25</height>
						<label fallback="416">$INFO[ListItem.Property(Addon.Version)]</label>
						<align>left</align>
						<aligny>center</aligny>
						<font>font13</font>
						<scroll>true</scroll>
					</control>
					<control type="label">
						<description>Rating txt</description>
						<posx>150</posx>
						<posy>60</posy>
						<width>140</width>
						<height>25</height>
						<label>$LOCALIZE[563]:</label>
						<align>right</align>
						<aligny>center</aligny>
						<font>font13</font>
						<textcolor>blue</textcolor>
					</control>
					<control type="image">
						<description>Rating value</description>
						<posx>155</posx>
						<posy>60</posy>
						<width>160</width>
						<height>32</height>
						<aspectratio align="left">keep</aspectratio>
						<texture fallback="LeftRating/rating0.png">$INFO[ListItem.Property(Addon.StarRating),LeftRating/]</texture>
					</control>
					<control type="image">
						<posx>0</posx>
						<posy>90</posy>
						<width>490</width>
						<height>4</height>
						<texture>separator.png</texture>
					</control>
					<control type="textbox">
						<description>Description</description>
						<posx>10</posx>
						<posy>100</posy>
						<width>490</width>
						<height>180</height>
						<font>font12</font>
						<align>justify</align>
						<textcolor>white</textcolor>
						<label>$INFO[ListItem.Property(Addon.Description)]</label>
						<autoscroll time="2000" delay="3000" repeat="5000">Skin.HasSetting(AutoScroll)</autoscroll>
					</control>
				</control>
			</control>
		</control>
	</include>
	<include name="AddonInfoThumbView1">
		<control type="group">
			<visible>Control.IsVisible(551)</visible>
			<include>VisibleFadeEffect</include>
			<control type="panel" id="551">
				<posx>70</posx>
				<posy>78</posy>
				<width>772</width>
				<height>558</height>
				<onleft>2</onleft>
				<onright>60</onright>
				<onup>551</onup>
				<ondown>551</ondown>
				<viewtype label="$LOCALIZE[31033] 2">biginfo</viewtype>
				<visible>Window.IsVisible(AddonBrowser) | Container.Content(Addons)</visible>
				<pagecontrol>60</pagecontrol>
				<scrolltime>200</scrolltime>
				<itemlayout height="186" width="193">
					<control type="image">
						<posx>1</posx>
						<posy>0</posy>
						<width>191</width>
						<height>160</height>
						<bordertexture border="5">button-nofocus.png</bordertexture>
						<bordersize>5</bordersize>
						<fadetime>100</fadetime>
						<texture background="true">$INFO[Listitem.Icon]</texture>
					</control>
					<control type="image">
						<posx>1</posx>
						<posy>0</posy>
						<width>191</width>
						<height>160</height>
						<bordertexture border="5">button-nofocus.png</bordertexture>
						<bordersize>5</bordersize>
						<fadetime>100</fadetime>
						<colordiffuse>ff333333</colordiffuse>
						<texture background="true">$INFO[Listitem.Icon]</texture>
						<visible>!IsEmpty(ListItem.Property(Addon.broken))</visible>
					</control>
					<control type="label">
						<posx>96</posx>
						<posy>70</posy>
						<width>190</width>
						<height>25</height>
						<font>font13_title</font>
						<textcolor>ffaa0000</textcolor>
						<shadowcolor>black</shadowcolor>
						<selectedcolor>red</selectedcolor>
						<align>center</align>
						<aligny>center</aligny>
						<angle>45</angle>
						<label>24098</label>
						<visible>!IsEmpty(ListItem.Property(Addon.broken))</visible>
					</control>
					<control type="label">
						<posx>96</posx>
						<posy>160</posy>
						<width>190</width>
						<height>25</height>
						<font>font12</font>
						<textcolor>grey2</textcolor>
						<selectedcolor>selected</selectedcolor>
						<align>center</align>
						<aligny>center</aligny>
						<info>ListItem.Label</info>
					</control>
				</itemlayout>
				<focusedlayout height="186" width="193">
					<control type="image">
						<posx>1</posx>
						<posy>0</posy>
						<width>191</width>
						<height>160</height>
						<bordertexture border="5">folder-focus.png</bordertexture>
						<bordersize>5</bordersize>
						<fadetime>100</fadetime>
						<texture background="true">$INFO[Listitem.Icon]</texture>
					</control>
					<control type="image">
						<posx>1</posx>
						<posy>0</posy>
						<width>191</width>
						<height>160</height>
						<bordertexture border="5">button-nofocus.png</bordertexture>
						<bordersize>5</bordersize>
						<fadetime>100</fadetime>
						<colordiffuse>ff333333</colordiffuse>
						<texture background="true">$INFO[Listitem.Icon]</texture>
						<visible>!IsEmpty(ListItem.Property(Addon.broken))</visible>
					</control>
					<control type="label">
						<posx>96</posx>
						<posy>70</posy>
						<width>190</width>
						<height>25</height>
						<font>font13_title</font>
						<textcolor>ffaa0000</textcolor>
						<shadowcolor>black</shadowcolor>
						<selectedcolor>red</selectedcolor>
						<align>center</align>
						<aligny>center</aligny>
						<angle>45</angle>
						<label>24098</label>
						<visible>!IsEmpty(ListItem.Property(Addon.broken))</visible>
					</control>
					<control type="label">
						<posx>96</posx>
						<posy>160</posy>
						<width>190</width>
						<height>25</height>
						<font>font12</font>
						<textcolor>white</textcolor>
						<selectedcolor>selected</selectedcolor>
						<align>center</align>
						<aligny>center</aligny>
						<info>ListItem.Label</info>
					</control>
				</focusedlayout>
			</control>
			<control type="scrollbar" id="60">
				<posx>850</posx>
				<posy>78</posy>
				<width>25</width>
				<height>560</height>
				<texturesliderbackground border="10,14,10,14">ScrollBarV.png</texturesliderbackground>
				<texturesliderbar border="10,14,10,14">ScrollBarV_bar.png</texturesliderbar>
				<texturesliderbarfocus border="10,14,10,14">ScrollBarV_bar_focus.png</texturesliderbarfocus>
				<textureslidernib>ScrollBarNib.png</textureslidernib>
				<textureslidernibfocus>ScrollBarNib.png</textureslidernibfocus>
				<onleft>551</onleft>
				<onright condition="Skin.HasSetting(DisableHomeReturnButtons)">9000</onright>
				<onright condition="!Skin.HasSetting(DisableHomeReturnButtons)">82</onright>
				<showonepage>true</showonepage>
				<orientation>vertical</orientation>
				<visible>Control.IsVisible(551)</visible>
			</control>
			<control type="group">
				<posx>910</posx>
				<posy>90</posy>
				<visible>Control.IsVisible(551)</visible>
				<control type="label">
					<description>Show Title txt</description>
					<posx>10</posx>
					<posy>0</posy>
					<width>290</width>
					<height>15</height>
					<label>$INFO[ListItem.Property(Addon.Name)]</label>
					<align>center</align>
					<aligny>center</aligny>
					<font>font13_title</font>
					<textcolor>white</textcolor>
					<shadowcolor>black</shadowcolor>
					<wrapmultiline>true</wrapmultiline>
				</control>
				<control type="group">
					<posy>40</posy>
					<control type="label">
						<description>Author txt</description>
						<posx>130</posx>
						<posy>0</posy>
						<width>120</width>
						<height>25</height>
						<label>$LOCALIZE[21863]:</label>
						<align>right</align>
						<aligny>center</aligny>
						<font>font13</font>
						<textcolor>blue</textcolor>
					</control>
					<control type="fadelabel">
						<description>Author Value</description>
						<posx>140</posx>
						<posy>0</posy>
						<width>155</width>
						<height>25</height>
						<label fallback="416">$INFO[ListItem.Property(Addon.Creator)]</label>
						<align>left</align>
						<aligny>center</aligny>
						<font>font13</font>
						<scrollout>false</scrollout>
						<pauseatend>1000</pauseatend>
					</control>
					<control type="label">
						<description>Version txt</description>
						<posx>130</posx>
						<posy>30</posy>
						<width>120</width>
						<height>25</height>
						<label>$LOCALIZE[24051]</label>
						<align>right</align>
						<aligny>center</aligny>
						<font>font13</font>
						<textcolor>blue</textcolor>
					</control>
					<control type="label">
						<description>Version Value</description>
						<posx>140</posx>
						<posy>30</posy>
						<width>155</width>
						<height>25</height>
						<label fallback="416">$INFO[ListItem.Property(Addon.Version)]</label>
						<align>left</align>
						<aligny>center</aligny>
						<font>font13</font>
						<scroll>true</scroll>
					</control>
					<control type="label">
						<description>Rating txt</description>
						<posx>130</posx>
						<posy>60</posy>
						<width>120</width>
						<height>25</height>
						<label>$LOCALIZE[563]:</label>
						<align>right</align>
						<aligny>center</aligny>
						<font>font13</font>
						<textcolor>blue</textcolor>
					</control>
					<control type="image">
						<description>Rating value</description>
						<posx>135</posx>
						<posy>60</posy>
						<width>150</width>
						<height>30</height>
						<aspectratio align="left">keep</aspectratio>
						<texture fallback="LeftRating/rating0.png">$INFO[ListItem.Property(Addon.StarRating),LeftRating/]</texture>
					</control>
					<control type="image">
						<posx>0</posx>
						<posy>100</posy>
						<width>290</width>
						<height>4</height>
						<texture>separator.png</texture>
					</control>
					<control type="textbox">
						<description>Description</description>
						<posx>10</posx>
						<posy>110</posy>
						<width>290</width>
						<height>400</height>
						<font>font12</font>
						<align>justify</align>
						<textcolor>white</textcolor>
						<label>$INFO[ListItem.Property(Addon.Description)]</label>
						<autoscroll time="2000" delay="3000" repeat="5000">Skin.HasSetting(AutoScroll)</autoscroll>
					</control>
				</control>
			</control>
		</control>
	</include>
</includes>