<?xml version="1.0" encoding="UTF-8"?>
<addon
  id="skin.confluence.custom.mod"
  version="2.0.6"
  name="Confluence Customizable Mod"
  provider-name="Mudislander">
  <requires>
	<import addon="xbmc.gui" version="5.0.0"/>
	<import addon="script.favourites" version="5.0.2"/>
	<import addon="service.skin.widgets" version="0.0.27"/>
	<import addon="script.randomandlastitems" version="2.2.0"/>
  </requires>
  <extension
    point="xbmc.gui.skin"
    defaultthemename="textures.xbt"
    debugging="false"
    effectslowdown="0.75">
    <res width="1280" height="720" aspect="16:9" default="true" folder="720p" />
  </extension>
  <extension point="xbmc.addon.metadata">
    <summary lang="da">En moddet version af Jezz_X's Confluence skin</summary>
    <summary lang="de">Eine modifizierte Version von Jezz_X's Confluence Skin</summary>
    <summary lang="el">Μια τροποποιημένη έκδοση του κελύφους Confluence του Jezz_X</summary>
    <summary lang="en">A modded version of Jezz_X's Confluence skin</summary>
    <summary lang="en_NZ">A modded version of Jezz_X's Confluence skin</summary>
    <summary lang="en_US">A modded version of Jezz_X's Confluence skin</summary>
    <summary lang="es">Una versión modificada del skin Confluence de Jezz_X</summary>
    <summary lang="fr">Une version modifiée du thème Confluence réalisé par Jezz_X</summary>
    <summary lang="fr_CA">Une version modifiée de l'habillage Confluence par Jezz_X</summary>
    <summary lang="gl">Unha versión modificada do tema Confluence de Jezz_X</summary>
    <summary lang="hr">Prilagođena Confluence presvlaka autora Jezz_X. </summary>
    <summary lang="hu">Módosított verzió , az eredeti Confluence felszín alapján</summary>
    <summary lang="ko">Jezz_X의 Confluence 스킨을 수정한 버전</summary>
    <summary lang="lt">Modifikuota Jezz_X's Confluence teminės išvaizdos versija</summary>
    <summary lang="ms">Versi mod bagi kulit Confluence Jezz_X</summary>
    <summary lang="nl">een Gemodificeerde versie van Jezz_X's Confluence ontwerp</summary>
    <summary lang="pl">Zmodyfikowana wersja skóry Confluence autorstwa Jezz_X</summary>
    <summary lang="pt">Uma versão modificada do tema Confluence de Jezz_X</summary>
    <summary lang="pt_BR">Uma versão modificada da skin Conluence de Jezz_X</summary>
    <summary lang="ru">Модифицированная версия обложки Confluence, созданной Jezz_X</summary>
    <summary lang="sv">En modifierad version av Jezz_X Confluence skal</summary>
    <summary lang="th">รุ่นปรับแต่งของสกิน Confluence โดย Jezz_X</summary>
    <summary lang="zh">一个Jezz_X的Confluence皮肤的修改版</summary>
    <description lang="da">En moddet udgave af XBMCs standardskin, indeholder mange af de populære tweaks, addons og scripts.</description>
    <description lang="de">Ein Mod von XBMC Standardoberfläche, integriert viel der jetzt populären Optimierungen, AddOns und Skripte.</description>
    <description lang="el">Μια τροποποίηση (mod) του προεπιλεγμένου κελύφους του XBMC, που ενσωματώνει πολλές αλλαγές, πρόσθετα και εφαρμογές.</description>
    <description lang="en">A mod of XBMC's default skin, incorporating many of the now popular tweaks, addons and scripts.</description>
    <description lang="en_NZ">A mod of XBMC's default skin, incorporating many of the now popular tweaks, addons and scripts.</description>
    <description lang="en_US">A mod of XBMC's default skin, incorporating many of the now popular tweaks, addons and scripts.</description>
    <description lang="es">Una modificación del skin por defecto de XBMC, que incorpora muchos de los cambios, complementos y scripts populares.</description>
    <description lang="fr">Un mod du thème par défaut de XBMC, proposant beaucoup des extensions, scripts et personnalisations les plus populaires.</description>
    <description lang="fr_CA">Une modification de l'habillage par défaut de XBMC, incorporant plusieurs peaufinages, addiciels et scripts.</description>
    <description lang="gl">Unha modificación do tema predefinido no XBMC, que incorpora moitos dos novos trocos, complementos e scripts.</description>
    <description lang="hr">Prilagođena zadana XBMC presvlaka, koja uključuje mnoge popularne značajke, dodatke i skripte.</description>
    <description lang="hu">Az XBMC alap felszínének módosított változata, sok népszerű finomhangolást, kiegészítőt és szkriptet adoptál.</description>
    <description lang="ko">XBMC 기본 스킨의 수정 버전으로 최신 인기 트윅, 애드온, 스크립트를 포함하였습니다.</description>
    <description lang="lt">XBMC numatytosios teminės išvaizdos modifikacija, apjungianti daugelį dabar populiarų patobulinimų, priedų ir skriptų.</description>
    <description lang="ms">Merupakan mod bagi kulit lalai XBMC, bergabungkan banyak tweak, tambahan dan skrip yang kini popular.</description>
    <description lang="nl">Een Mod van het standaard XBMC ontwerp, met veel van de nieuwe populaire tweaks, add-ons en scripts opgenomen</description>
    <description lang="pl">Zmodyfikowana wersja domyślne skóry XBMC, zawierająca wiele popularnych usprawnień, wtyczek i skryptów.</description>
    <description lang="pt">Uma modificação do tema predefinido do XBMC, incorporando muitos dos seus ajustes famosos, add-ons e scripts.</description>
    <description lang="pt_BR">Uma versão modificada da skin padrão do XBMC incorparando muitos dos populares add-on, scripts e tweaks.</description>
    <description lang="ru">Модификация Confluence, включающая в себя множество новых популярных настроек, дополнений и скриптов.</description>
    <description lang="sv">En version av XBMC's standardskal, med flera av de populära ändringarna, tilläggen och skripten.</description>
    <description lang="th">เป็นการปรับแต่งสกินเริ่มต้นของ XBMC, ที่รวมหลายอย่างที่นิยมในขณะนี้ การปรับแต่ง, ส่วนเสริม และ สคริปท์.</description>
    <description lang="zh">XBMC默认皮肤的一个修改版，集成了许多现在流行的调整、插件和脚本。</description>
    <disclaimer lang="da">Confluence Brugerstyret Mod er [B]IKKE[/B] den Officielle XBMC Standardskin fra Jezz_X.</disclaimer>
    <disclaimer lang="de">Confluence Customizable Mod ist [B]NICHT[/B] der offizielle XBMC Standard-Skin von Jezz_X.</disclaimer>
    <disclaimer lang="el">Η Τροποποίηση του Confluence [B]ΔΕΝ[/B] είναι το Επίσημο Προεπιλεγμένο Κέλυφος του XBMC από τον Jezz_X.</disclaimer>
    <disclaimer lang="en">Confluence Customizable Mod is [B]NOT[/B] the Official XBMC Default skin by Jezz_X.</disclaimer>
    <disclaimer lang="en_NZ">Confluence Customizable Mod is [B]NOT[/B] the Official XBMC Default skin by Jezz_X.</disclaimer>
    <disclaimer lang="en_US">Confluence Customizable Mod is [B]NOT[/B] the Official XBMC Default skin by Jezz_X.</disclaimer>
    <disclaimer lang="es">Confluence Customizable Mod [B]NO[/B] es el skin Official por defecto de XBMC de Jezz_X.</disclaimer>
    <disclaimer lang="fr">Confluence Customizable Mod [B]n'est pas[/B] le thème officiel XBMC fait par Jezz_X.</disclaimer>
    <disclaimer lang="fr_CA">La modification personnalisable de Confluence n'est[B]PAS[/B] l'habillage officiel par défaut de XBMC by Jezz_X.</disclaimer>
    <disclaimer lang="gl">Confluence Customizable Mod [B]NON É[/B] o tema predefinido oficial do XBMC de Jezz_X.</disclaimer>
    <disclaimer lang="hr">Confluence prilagođena presvlaka [B]NOT[/B] nije službena XBMC presvlaka od Jezz_X.</disclaimer>
    <disclaimer lang="hu">A Confluence Customizable Mod [B]NEM[/B] a hivatalos Jezz_X által készített XBMC alapértelmezett felszín.</disclaimer>
    <disclaimer lang="ko">Confluence Customizable Mod는 Jezz_X의 공식 XBMC 기본 스킨이 [B]아닙니다.[/B]</disclaimer>
    <disclaimer lang="lt">Confluence Customizable Mod [B]NĖRA[/B] oficiali XBMC numatytoji teminė išvaizda, sukurta Jezz_X.</disclaimer>
    <disclaimer lang="ms">Mod Boleh Suai Confluence [B]BUKANLAH[/B] kulit Lalai XBMC Rasmi oleh Jezz_X.</disclaimer>
    <disclaimer lang="nl">Confluence aanpasbare Mod is [B]NIET[/B] het officiele XBMC standaard ontwerp van Jezz_x</disclaimer>
    <disclaimer lang="pl">Confluence Customizable Mod [B]NIE[/B] jest oficjalną i domyślną skórą autorstwa Jezz_X.</disclaimer>
    <disclaimer lang="pt">Modificação Personalizável do Confluence [B]NÃO[/B] é o tema oficial do XBMC de Jezz_X.</disclaimer>
    <disclaimer lang="pt_BR">Versão personalizável da skin Confluence [B]NÃO[/B] é a skin padrão oficial do XBMC feita por Jezz_X.</disclaimer>
    <disclaimer lang="ru">Данная модификация обложки Confluence это [B]НЕ[/B] официальная обложка XBMC авторства  Jezz_X.</disclaimer>
    <disclaimer lang="sv">Confluence Customizable Mod är [B]INTE[/B] det officiella XBMC standardskalet av Jezz_X.</disclaimer>
    <disclaimer lang="th">Confluence Customizable Mod นี้ [B]ไม่ใช่[/B] สกินหลักอย่างเป็นทางการของ XBMC โดย Jezz_X.</disclaimer>
    <disclaimer lang="zh">Confluence定制修改版[B]不是[/B]Jezz_X制作的XBMC官方默认皮肤。</disclaimer>
    <platform>all</platform>
  </extension>
</addon>
