<?xml version="1.0" encoding="utf-8"?>
<window>
	<defaultcontrol always="true">9000</defaultcontrol>
	<allowoverlay>no</allowoverlay>
	<include condition="!Skin.HasSetting(InitialSetUpRun) | Skin.HasSetting(ToggleUPnPMode)">DefaultInitialSetup</include>
	<onload condition="!IsEmpty(Window(home).Property(MenuItemSelected))">ClearProperty(MenuItemSelected,Home)</onload>
	<onload condition="!IsEmpty(Window(home).Property(MenuItemActive))">ClearProperty(MenuItemActive,Home)</onload>
	<onload condition="!IsEmpty(Window(home).Property(SubMenuBackground))">ClearProperty(SubMenuBackground,Home)</onload>
	<onload condition="Skin.HasSetting(UPnP_Mode) + IsEmpty(Skin.String(UPnP_Path))">Skin.Reset(UPnP_Mode)</onload>
	<onload condition="Skin.HasSetting(HolidayEffects) + System.Date(1-7,11-23)">Skin.Reset(HolidayEffects)</onload>
	<onload condition="System.HasAddon(script.favourites)">XBMC.RunScript(script.favourites)</onload>
	<onload condition="System.HasAddon(script.artistslideshow) + IsEmpty(Window.Property(ArtistSlideshowRunning)) + Skin.HasSetting(AllowSlideShowArt)">RunScript(script.artistslideshow, daemon=True)</onload>
	<onload condition="!Skin.HasSetting(HideHomeSearch) + !System.HasAddon(script.globalsearch)">Skin.Setbool(HideHomeSearch)</onload>
	<onload condition="!Skin.HasSetting(DisableScriptPlayList) + !System.HasAddon(script.randomandlastitems)">Skin.Setbool(DisableScriptPlayList)</onload>
	<onload condition="IsEmpty(Skin.String(WeatherFanartDir))">Skin.SetString(WeatherFanartDir,special://skin/backgrounds/weather/)</onload>
	<onload condition="IsEmpty(Skin.String(UsrGenreFanartDir))">Skin.SetString(UsrGenreFanartDir,special://skin/backgrounds/moviegenre/)</onload>
	<onload condition="!Skin.HasSetting(DisableScriptPlayList) + Library.HasContent(Movies)">XBMC.RunScript(script.randomandlastitems,type=Movie,limit=10,method=Random,playlist=special://skin/extras/Playlists/UnwatchedMovies.xsp,menu=UnWatched)</onload>
	<onload condition="!Skin.HasSetting(DisableScriptPlayList) + !IsEmpty(Skin.String(HomeItem.1.Playlist))">XBMC.RunScript(script.randomandlastitems,playlist=$INFO[Skin.String(HomeItem.1.Playlist)],method=$VAR[RandomOrLastAction],limit=10,unwatched=$VAR[RandomOrLastUnWatched],resume=False,property=HomePlayListOne)</onload>
	<onload condition="!Skin.HasSetting(DisableScriptPlayList) + !IsEmpty(Skin.String(HomeItem.2.Playlist))">XBMC.RunScript(script.randomandlastitems,playlist=$INFO[Skin.String(HomeItem.2.Playlist)],method=$VAR[RandomOrLastAction],limit=10,unwatched=$VAR[RandomOrLastUnWatched],resume=False,property=HomePlayListTwo)</onload>
	<onload condition="!Skin.HasSetting(DisableScriptPlayList) + !IsEmpty(Skin.String(HomeItem.3.Playlist))">XBMC.RunScript(script.randomandlastitems,playlist=$INFO[Skin.String(HomeItem.3.Playlist)],method=$VAR[RandomOrLastAction],limit=10,unwatched=$VAR[RandomOrLastUnWatched],resume=False,property=HomePlayListThree)</onload>
	<onload condition="!Skin.HasSetting(DisableScriptPlayList) + !IsEmpty(Skin.String(HomeItem.4.Playlist))">XBMC.RunScript(script.randomandlastitems,playlist=$INFO[Skin.String(HomeItem.4.Playlist)],method=$VAR[RandomOrLastAction],limit=10,unwatched=$VAR[RandomOrLastUnWatched],resume=False,property=HomePlayListFour)</onload>
	<onload condition="!Skin.HasSetting(DisableScriptPlayList) + !IsEmpty(Skin.String(HomeItem.5.Playlist))">XBMC.RunScript(script.randomandlastitems,playlist=$INFO[Skin.String(HomeItem.5.Playlist)],method=$VAR[RandomOrLastAction],limit=10,unwatched=$VAR[RandomOrLastUnWatched],resume=False,property=HomePlayListFive)</onload>
	<onload condition="!Skin.HasSetting(DisableScriptPlayList) + !IsEmpty(Skin.String(HomeItem.6.Playlist))">XBMC.RunScript(script.randomandlastitems,playlist=$INFO[Skin.String(HomeItem.6.Playlist)],method=$VAR[RandomOrLastAction],limit=10,unwatched=$VAR[RandomOrLastUnWatched],resume=False,property=HomePlayListSix)</onload>
	<onload condition="!Skin.HasSetting(DisableScriptPlayList) + !IsEmpty(Skin.String(HomeItem.7.Playlist))">XBMC.RunScript(script.randomandlastitems,playlist=$INFO[Skin.String(HomeItem.7.Playlist)],method=$VAR[RandomOrLastAction],limit=10,unwatched=$VAR[RandomOrLastUnWatched],resume=False,property=HomePlayListSeven)</onload>
	<onload condition="!Skin.HasSetting(DisableScriptPlayList) + !IsEmpty(Skin.String(HomeItem.8.Playlist))">XBMC.RunScript(script.randomandlastitems,playlist=$INFO[Skin.String(HomeItem.8.Playlist)],method=$VAR[RandomOrLastAction],limit=10,unwatched=$VAR[RandomOrLastUnWatched],resume=False,property=HomePlayListEight)</onload>
	<onload condition="!Skin.HasSetting(DisableScriptPlayList) + !IsEmpty(Skin.String(HomeItem.9.Playlist))">XBMC.RunScript(script.randomandlastitems,playlist=$INFO[Skin.String(HomeItem.9.Playlist)],method=$VAR[RandomOrLastAction],limit=10,unwatched=$VAR[RandomOrLastUnWatched],resume=False,property=HomePlayListNine)</onload>
	<onload condition="!Skin.HasSetting(DisableScriptPlayList) + !IsEmpty(Skin.String(HomeItem.10.Playlist))">XBMC.RunScript(script.randomandlastitems,playlist=$INFO[Skin.String(HomeItem.10.Playlist)],method=$VAR[RandomOrLastAction],limit=10,unwatched=$VAR[RandomOrLastUnWatched],resume=False,property=HomePlayListTen)</onload>
	<controls>
		<include>CommonBackground</include>
		<include condition="!Skin.HasSetting(EnableMinSpec) | Skin.HasSetting(HolidayEffects)">BackgroundRainDropEffect</include>
		<control type="image">
			<posx>0</posx>
			<posy>100r</posy>
			<width>1280</width>
			<height>100</height>
			<texture>homefloor.png</texture>
			<animation effect="fade" time="250" condition="Window.Previous(Home)">WindowOpen</animation>
			<animation effect="fade" time="250" condition="Window.Next(Home)">WindowClose</animation>
		</control>
		<include condition="!Skin.HasSetting(HideNowPlayingInfo) + !Skin.HasSetting(EnableLargeWidget)">MediaNowPlaying</include>
		<include>HomeWidgetPanel</include>
		<control type="button" id="9003">
			<posx>-20</posx>
			<posy>-20</posy>
			<width>1</width>
			<height>1</height>
			<label>-</label>
			<font>-</font>
			<texturefocus>-</texturefocus>
			<texturenofocus>-</texturenofocus>
			<onleft>9000</onleft>
			<onright>9000</onright>
			<onup condition="!Skin.HasSetting(HideFavouritesBtn)">21</onup>
			<onup condition="Skin.HasSetting(HideFavouritesBtn) + !Skin.HasSetting(AutoHidePowerBtn)">20</onup>
			<ondown condition="Skin.HasSetting(RaiseMainMenuBar)">9004</ondown>
			<ondown condition="!Skin.HasSetting(RaiseMainMenuBar)">9002</ondown>
			<visible>false</visible>
		</control>
		<control type="button" id="9004">
			<posx>34r</posx>
			<posy>240</posy>
			<width>42</width>
			<height>128</height>
			<font>-</font>
			<texturefocus flipx="true">HasSubFO.png</texturefocus>
			<texturenofocus flipx="true">HasSub.png</texturenofocus>
			<onup condition="Skin.HasSetting(RaiseMainMenuBar)">9003</onup>
			<onup condition="!Skin.HasSetting(RaiseMainMenuBar)">9002</onup>
			<ondown condition="!Skin.HasSetting(HideHomeSearch) + Player.HasMedia">611</ondown>
			<ondown condition="!Skin.HasSetting(HideHomeSearch) + !Skin.HasSetting(UPnP_Mode) + !Player.HasMedia">612</ondown>
			<ondown condition="Skin.HasSetting(HideHomeSearch) | [Skin.HasSetting(UPnP_Mode) + !Player.HasMedia]">9000</ondown>
			<onleft>9000</onleft>
			<onright>9000</onright>
			<onclick condition="StringCompare(Container(9000).ListItem.Property(HiLiteItem),Movies)">ActivateWindow(2125)</onclick>
			<onclick condition="StringCompare(Container(9000).ListItem.Property(HiLiteItem),TVShows)">ActivateWindow(2124)</onclick>
			<onclick condition="StringCompare(Container(9000).ListItem.Property(HiLiteItem),Music)">ActivateWindow(2123)</onclick>
			<animation effect="slide" start="0,0" end="0,175" time="0" condition="!Skin.HasSetting(RaiseMainMenuBar)">Conditional</animation>
			<animation effect="slide" start="50,0" end="0,0" time="300" tween="quadratic" easing="out">WindowOpen</animation>
			<animation effect="fade" start="100" end="0" time="0" condition="Window.IsVisible(2123) | Window.IsVisible(2124) | Window.IsVisible(2125) | Window.IsVisible(Favourites)">Conditional</animation>
			<visible>StringCompare(Container(9000).ListItem.Property(HiLiteItem),Movies) | StringCompare(Container(9000).ListItem.Property(HiLiteItem),TVShows)  | StringCompare(Container(9000).ListItem.Property(HiLiteItem),Music)</visible>
			<visible>!Skin.HasSetting(HideSuggestedMedia) + !Skin.HasSetting(UPnP_Mode)</visible>
		</control>
		<control type="group">
			<description>Controls for currently playing media</description>
			<posx>545r</posx>
			<posy>370</posy>
			<animation effect="slide" start="0,0" end="0,175" time="0" condition="!Skin.HasSetting(RaiseMainMenuBar)">Conditional</animation>
			<animation effect="slide" start="0,0" end="-100,0" time="300" condition="!Player.HasMedia + !Skin.HasSetting(HideHomeStats)">conditional</animation>
			<animation effect="fade" start="100" end="65" time="200" condition="Window.IsVisible(2123) | Window.IsVisible(2124) | Window.IsVisible(2125) | Window.IsVisible(Favourites)">conditional</animation>
			<animation effect="slide" start="0,0" end="365,0" time="300" condition="!Player.HasMedia + Skin.HasSetting(HideHomeStats)">conditional</animation>
			<animation effect="slide" start="0,0" end="-60,0" time="0" condition="System.HasAddon(plugin.audio.lastfm) + Player.HasAudio">conditional</animation>
			<animation effect="slide" start="0,0" end="-60,0" time="0" condition="!Skin.HasSetting(DisableFloorVolumeButtons) + Player.HasMedia">conditional</animation>
			<animation type="WindowOpen" reversible="false">
				<effect type="zoom" start="80" end="100" center="640,360" easing="out" tween="back" time="300" />
				<effect type="fade" start="0" end="100" time="300" />
			</animation>
			<animation type="WindowClose" reversible="false">
				<effect type="zoom" start="100" end="80" center="640,360" easing="in" tween="back" time="300" />
				<effect type="fade" start="100" end="0" time="300" />
			</animation>
			<control type="image">
				<description>Background End image</description>
				<posx>0</posx>
				<posy>0</posy>
				<width>35</width>
				<height>35</height>
				<colordiffuse>CCFFFFFF</colordiffuse>
				<texture flipy="true" border="0,5,0,0" flipx="true">HomeSubEnd.png</texture>
				<animation effect="slide" start="0,0" end="145,0" time="0" condition="Skin.HasSetting(HideHomeSearch) | Skin.HasSetting(UPnP_Mode)">Conditional</animation>
			</control>
			<control type="radiobutton" id="612">
				<colordiffuse>CCFFFFFF</colordiffuse>
				<description>Global Search</description>
				<posx>35</posx>
				<posy>0</posy>
				<height>35</height>
				<width>145</width>
				<textwidth>150</textwidth>
				<textoffsetx>10</textoffsetx>
				<align>left</align>
				<aligny>center</aligny>
				<font>font12</font>
				<textcolor>grey2</textcolor>
				<focusedcolor>white</focusedcolor>
				<texturefocus flipy="true" border="5">HomeSubFO.png</texturefocus>
				<texturenofocus flipy="true" border="5">HomeSubNF.png</texturenofocus>
				<pulseonselect>false</pulseonselect>
				<label>137</label>
				<onclick>RunScript(script.globalsearch)</onclick>
				<textureradiofocus>icon_search.png</textureradiofocus>
				<textureradionofocus>icon_search.png</textureradionofocus>
				<onleft>611</onleft>
				<onright>601</onright>
				<onup>9004</onup>
				<ondown>9000</ondown>
				<visible>!Skin.HasSetting(HideHomeSearch) + !Skin.HasSetting(UPnP_Mode)</visible>
			</control>
			<control type="group" id="600">
				<posx>180</posx>
				<onup>9004</onup>
				<ondown>9000</ondown>
				<defaultcontrol>-</defaultcontrol>
				<enable>Player.HasMedia</enable>
				<control type="image">
					<description>Background image</description>
					<posx>0</posx>
					<posy>0</posy>
					<width>205</width>
					<height>35</height>
					<texture flipy="true" border="0,5,0,0">HomeSubNF.png</texture>
					<colordiffuse>CCFFFFFF</colordiffuse>
					<animation effect="zoom" start="0,0,205,35" end="0,0,465,35" delay="0" time="300" condition="!Player.HasMedia + !Skin.HasSetting(HideHomeStats)">conditional</animation>
					<animation effect="zoom" start="0,0,205,35" end="0,0,265,35" delay="0" time="0" condition="!Skin.HasSetting(DisableFloorVolumeButtons) + Player.HasVideo">conditional</animation>
					<animation effect="zoom" start="0,0,205,35" end="0,0,265,35" delay="0" time="0" condition="Skin.HasSetting(DisableFloorVolumeButtons) + System.HasAddon(plugin.audio.lastfm) + Player.HasAudio">conditional</animation>
					<animation effect="zoom" start="0,0,205,35" end="0,0,325,35" delay="0" time="0" condition="!Skin.HasSetting(DisableFloorVolumeButtons) + System.HasAddon(plugin.audio.lastfm) + Player.HasAudio">conditional</animation>
					<animation effect="zoom" start="0,0,205,35" end="0,0,265,35" delay="0" time="0" condition="!Skin.HasSetting(DisableFloorVolumeButtons) + !System.HasAddon(plugin.audio.lastfm) + Player.HasAudio">conditional</animation>
					<visible>Player.HasMedia | !Skin.HasSetting(HideHomeStats)</visible>
				</control>
				<control type="group">
					<animation effect="slide" end="0,35" time="300" condition="!Player.HasMedia">conditional</animation>
					<visible>!VideoPlayer.Content(LiveTV)</visible>
					<control type="button" id="601">
						<posx>10</posx>
						<posy>2</posy>
						<width>30</width>
						<height>30</height>
						<label>-</label>
						<texturefocus>OSDPrevTrackFO.png</texturefocus>
						<texturenofocus>OSDPrevTrackNF.png</texturenofocus>
						<onleft>612</onleft>
						<onright>602</onright>
						<onup>9004</onup>
						<ondown>9000</ondown>
						<onclick>XBMC.PlayerControl(Previous)</onclick>
					</control>
					<control type="button" id="602">
						<posx>40</posx>
						<posy>2</posy>
						<width>30</width>
						<height>30</height>
						<label>-</label>
						<texturefocus>OSDRewindFO.png</texturefocus>
						<texturenofocus>OSDRewindNF.png</texturenofocus>
						<onleft>601</onleft>
						<onright>603</onright>
						<onup>9004</onup>
						<ondown>9000</ondown>
						<onclick>XBMC.PlayerControl(Rewind)</onclick>
					</control>
					<control type="togglebutton" id="603">
						<posx>70</posx>
						<posy>2</posy>
						<width>30</width>
						<height>30</height>
						<label>-</label>
						<texturefocus>OSDPauseFO.png</texturefocus>
						<texturenofocus>OSDPauseNF.png</texturenofocus>
						<usealttexture>Player.Paused | Player.Forwarding | Player.Rewinding</usealttexture>
						<alttexturefocus>OSDPlayFO.png</alttexturefocus>
						<alttexturenofocus>OSDPlayNF.png</alttexturenofocus>
						<onleft>602</onleft>
						<onright>604</onright>
						<onup>9004</onup>
						<ondown>9000</ondown>
						<onclick>XBMC.PlayerControl(Play)</onclick>
					</control>
					<control type="button" id="604">
						<posx>100</posx>
						<posy>2</posy>
						<width>30</width>
						<height>30</height>
						<label>-</label>
						<texturefocus>OSDStopFO.png</texturefocus>
						<texturenofocus>OSDStopNF.png</texturenofocus>
						<onleft>603</onleft>
						<onright>605</onright>
						<onup>9004</onup>
						<ondown>9000</ondown>
						<onclick>down</onclick>
						<onclick>XBMC.PlayerControl(Stop)</onclick>
					</control>
					<control type="button" id="605">
						<posx>130</posx>
						<posy>2</posy>
						<width>30</width>
						<height>30</height>
						<label>-</label>
						<texturefocus>OSDForwardFO.png</texturefocus>
						<texturenofocus>OSDForwardNF.png</texturenofocus>
						<onleft>604</onleft>
						<onright>606</onright>
						<onup>9004</onup>
						<ondown>9000</ondown>
						<onclick>XBMC.PlayerControl(Forward)</onclick>
					</control>
					<control type="button" id="606">
						<posx>160</posx>
						<posy>2</posy>
						<width>30</width>
						<height>30</height>
						<label>-</label>
						<texturefocus>OSDNextTrackFO.png</texturefocus>
						<texturenofocus>OSDNextTrackNF.png</texturenofocus>
						<onleft>605</onleft>
						<onright>607</onright>
						<onup>9004</onup>
						<ondown>9000</ondown>
						<onclick>XBMC.PlayerControl(Next)</onclick>
					</control>
					<control type="button" id="607">
						<posx>190</posx>
						<posy>2</posy>
						<width>30</width>
						<height>30</height>
						<label>-</label>
						<texturefocus>OSDVolUpFO.png</texturefocus>
						<texturenofocus>OSDVolUpNF.png</texturenofocus>
						<onleft>606</onleft>
						<onright>608</onright>
						<onup>9004</onup>
						<ondown>9000</ondown>
						<onclick>$VAR[VolumeStepUp]</onclick>
						<onclick>VolumeUp</onclick>
						<visible>!Skin.HasSetting(DisableFloorVolumeButtons)</visible>
					</control>
					<control type="button" id="608">
						<posx>220</posx>
						<posy>2</posy>
						<width>30</width>
						<height>30</height>
						<label>-</label>
						<texturefocus>OSDVolDownFO.png</texturefocus>
						<texturenofocus>OSDVolDownNF.png</texturenofocus>
						<onleft>607</onleft>
						<onright>609</onright>
						<onup>9004</onup>
						<ondown>9000</ondown>
						<onclick>$VAR[VolumeStepDown]</onclick>
						<onclick>VolumeDown</onclick>
						<visible>!Skin.HasSetting(DisableFloorVolumeButtons)</visible>
					</control>
					<control type="button" id="609">
						<posx>250</posx>
						<posy>2</posy>
						<width>30</width>
						<height>30</height>
						<label>-</label>
						<texturefocus>lastfm/lastfm-love-focus.png</texturefocus>
						<texturenofocus>lastfm/lastfm-love-nofocus.png</texturenofocus>
						<onleft>608</onleft>
						<onright>610</onright>
						<onup>9004</onup>
						<ondown>9000</ondown>
						<onclick>RunScript(plugin.audio.lastfm,action=LastFM.Love&amp;artist=$INFO[MusicPlayer.Artist]&amp;song=$INFO[MusicPlayer.Title])</onclick>
						<enable>SubString(Window(Home).Property(LastFM.CanLove),true)</enable>
						<visible>System.HasAddon(plugin.audio.lastfm) + Player.HasAudio</visible>
						<animation effect="slide" start="0,0" end="-60,0" time="0" condition="Skin.HasSetting(DisableFloorVolumeButtons)">conditional</animation>
					</control>
					<control type="button" id="610">
						<posx>280</posx>
						<posy>2</posy>
						<width>30</width>
						<height>30</height>
						<label>-</label>
						<texturefocus>lastfm/lastfm-hate-focus.png</texturefocus>
						<texturenofocus>lastfm/lastfm-hate-nofocus.png</texturenofocus>
						<onleft>609</onleft>
						<onright>611</onright>
						<onup>9004</onup>
						<ondown>9000</ondown>
						<onclick>RunScript(plugin.audio.lastfm,action=LastFM.Ban&amp;artist=$INFO[MusicPlayer.Artist]&amp;song=$INFO[MusicPlayer.Title])</onclick>
						<enable>SubString(Window(Home).Property(LastFM.CanBan),true)</enable>
						<visible>System.HasAddon(plugin.audio.lastfm) + Player.HasAudio</visible>
						<animation effect="slide" start="0,0" end="-60,0" time="0" condition="Skin.HasSetting(DisableFloorVolumeButtons)">conditional</animation>
					</control>
				</control>
				<control type="group" id="600">
					<visible>VideoPlayer.Content(LiveTV)</visible>
					<control type="button" id="601">
						<posx>10</posx>
						<posy>2</posy>
						<width>30</width>
						<height>30</height>
						<label>-</label>
						<texturefocus>OSDChannelUPFO.png</texturefocus>
						<texturenofocus>OSDChannelUPNF.png</texturenofocus>
						<onleft>612</onleft>
						<onright>602</onright>
						<onup>9004</onup>
						<ondown>9000</ondown>
						<onclick>XBMC.PlayerControl(Previous)</onclick>
					</control>
					<control type="button" id="602">
						<posx>40</posx>
						<posy>2</posy>
						<width>30</width>
						<height>30</height>
						<label>-</label>
						<texturefocus>OSDChannelDownFO.png</texturefocus>
						<texturenofocus>OSDChannelDownNF.png</texturenofocus>
						<onleft>601</onleft>
						<onright>603</onright>
						<onup>9004</onup>
						<ondown>9000</ondown>
						<onclick>XBMC.PlayerControl(Next)</onclick>
					</control>
					<control type="button" id="603">
						<posx>70</posx>
						<posy>2</posy>
						<width>30</width>
						<height>30</height>
						<label>-</label>
						<texturefocus>OSDStopFO.png</texturefocus>
						<texturenofocus>OSDStopNF.png</texturenofocus>
						<onleft>602</onleft>
						<onright>604</onright>
						<onup>9004</onup>
						<ondown>9000</ondown>
						<onclick>down</onclick>
						<onclick>XBMC.PlayerControl(Stop)</onclick>
					</control>
					<control type="togglebutton" id="604">
						<posx>100</posx>
						<posy>2</posy>
						<width>30</width>
						<height>30</height>
						<label>-</label>
						<texturefocus>OSDPauseFO.png</texturefocus>
						<texturenofocus>OSDPauseNF.png</texturenofocus>
						<usealttexture>Player.Paused | Player.Forwarding | Player.Rewinding</usealttexture>
						<alttexturefocus>OSDPlayFO.png</alttexturefocus>
						<alttexturenofocus>OSDPlayNF.png</alttexturenofocus>
						<onleft>603</onleft>
						<onright>605</onright>
						<onup>9004</onup>
						<ondown>9000</ondown>
						<onclick>XBMC.PlayerControl(Play)</onclick>
						<enable>Player.PauseEnabled</enable>
						<animation effect="fade" start="100" end="30" time="100" condition="!Player.PauseEnabled">Conditional</animation>
					</control>
					<control type="button" id="605">
						<posx>145</posx>
						<posy>2</posy>
						<width>30</width>
						<height>30</height>
						<label>-</label>
						<texturefocus>OSDVolUpFO.png</texturefocus>
						<texturenofocus>OSDVolUpNF.png</texturenofocus>
						<onleft>604</onleft>
						<onright>606</onright>
						<onup>9004</onup>
						<ondown>9000</ondown>
						<onclick>$VAR[VolumeStepUp]</onclick>
						<onclick>VolumeUp</onclick>
						<visible>!Skin.HasSetting(DisableFloorVolumeButtons)</visible>
					</control>
					<control type="button" id="606">
						<posx>175</posx>
						<posy>2</posy>
						<width>30</width>
						<height>30</height>
						<label>-</label>
						<texturefocus>OSDVolDownFO.png</texturefocus>
						<texturenofocus>OSDVolDownNF.png</texturenofocus>
						<onleft>605</onleft>
						<onright>607</onright>
						<onup>9004</onup>
						<ondown>9000</ondown>
						<onclick>$VAR[VolumeStepDown]</onclick>
						<onclick>VolumeDown</onclick>
						<visible>!Skin.HasSetting(DisableFloorVolumeButtons)</visible>
					</control>
					<control type="button" id="607">
						<posx>220</posx>
						<posy>2</posy>
						<width>30</width>
						<height>30</height>
						<label>-</label>
						<texturefocus>OSDRecordOffFO.png</texturefocus>
						<texturenofocus>OSDRecordOffNF.png</texturenofocus>
						<onleft>606</onleft>
						<onright>611</onright>
						<onup>9004</onup>
						<ondown>9000</ondown>
						<onclick>XBMC.PlayerControl(record)</onclick>
						<animation effect="slide" start="0,0" end="-60,0" time="0" condition="Skin.HasSetting(DisableFloorVolumeButtons)">conditional</animation>
					</control>
				</control>
			</control>
			<control type="radiobutton" id="611">
				<animation effect="slide" end="0,35" time="300" condition="!Player.HasMedia">conditional</animation>
				<animation effect="slide" start="0,0" end="60,0" time="0" condition="System.HasAddon(plugin.audio.lastfm) + Player.HasAudio">Conditional</animation>
				<animation effect="slide" start="0,0" end="60,0" time="0" condition="!Skin.HasSetting(DisableFloorVolumeButtons)">conditional</animation>
				<colordiffuse>CCFFFFFF</colordiffuse>
				<description>Go to fullscreen Playback</description>
				<posx>385</posx>
				<posy>0</posy>
				<height>35</height>
				<width>160</width>
				<textwidth>150</textwidth>
				<textoffsetx>10</textoffsetx>
				<align>left</align>
				<aligny>center</aligny>
				<font>font12</font>
				<textcolor>grey2</textcolor>
				<focusedcolor>white</focusedcolor>
				<texturefocus flipy="true" border="5">HomeSubFO.png</texturefocus>
				<texturenofocus flipy="true" border="5">HomeSubNF.png</texturenofocus>
				<pulseonselect>false</pulseonselect>
				<label>31008</label>
				<onclick>fullscreen</onclick>
				<textureradiofocus>GoFullscreen.png</textureradiofocus>
				<textureradionofocus>GoFullscreen.png</textureradionofocus>
				<onleft>603</onleft>
				<onright>612</onright>
				<onup>9004</onup>
				<ondown>9000</ondown>
				<enable>Player.HasMedia</enable>
			</control>
			<control type="label">
				<posx>190</posx>
				<posy>7</posy>
				<height>20</height>
				<width>450</width>
				<label>$VAR[InfoBarStats]</label>
				<align>center</align>
				<aligny>center</aligny>
				<font>font12_title</font>
				<textcolor>white</textcolor>
				<shadowcolor>black</shadowcolor>
				<visible>!Player.HasMedia + !Skin.HasSetting(HideHomeStats)</visible>
			</control>
		</control>
		<control type="group">
			<posy>400</posy>
			<animation effect="slide" start="0,0" end="0,175" time="0" condition="!Skin.HasSetting(RaiseMainMenuBar)">Conditional</animation>
			<animation type="WindowOpen" reversible="false">
				<effect type="zoom" start="80" end="100" center="640,360" easing="out" tween="back" time="300" />
				<effect type="fade" start="0" end="100" time="300" />
			</animation>
			<animation type="WindowClose" reversible="false">
				<effect type="zoom" start="100" end="80" center="640,360" easing="in" tween="back" time="300" />
				<effect type="fade" start="100" end="0" time="300" />
			</animation>
			<include>HomeSubMenuControl</include>
			<control type="image">
				<posx>-100</posx>
				<posy>0</posy>
				<width>1480</width>
				<height>75</height>
				<texture border="0,6,0,6">HomeBack.png</texture>
			</control>
			<control type="image">
				<posx>0</posx>
				<posy>5</posy>
				<width>1280</width>
				<height>6</height>
				<texture>HomeOverlay1.png</texture>
			</control>
			<include condition="Skin.HasSetting(WrapAroundHomeMenu)">WrapHomeMainMenu</include>
			<include condition="!Skin.HasSetting(WrapAroundHomeMenu)">FixedHomeMainMenu</include>
			<control type="image">
				<posx>0</posx>
				<posy>6</posy>
				<width>128</width>
				<height>50</height>
				<texture>SideFade.png</texture>
			</control>
			<control type="image">
				<posx>128r</posx>
				<posy>6</posy>
				<width>128</width>
				<height>60</height>
				<texture flipx="true">SideFade.png</texture>
			</control>
		</control>
		<include>HomeAddonSystem</include>
		<control type="group">
			<posx>0</posx>
			<posy>33r</posy>
			<visible>system.getbool(lookandfeel.enablerssfeeds) | [Player.HasAudio + !IsEmpty(MusicPlayer.offset(1).Artist) + !Skin.HasSetting(HideNextSongsInfo)]</visible>
			<animation effect="fade" start="100" end="65" time="200" condition="Window.IsVisible(2123) | Window.IsVisible(2124) | Window.IsVisible(2125) | Window.IsVisible(Favourites)">conditional</animation>
			<include>Window_OpenClose_Animation</include>
			<control type="rss">
				<description>RSS feed</description>
				<posx>100</posx>
				<posy>0</posy>
				<height>30</height>
				<width>1045</width>
				<font>font12</font>
				<urlset>1</urlset>
				<textcolor>blue</textcolor>
				<titlecolor>blue</titlecolor>
				<headlinecolor>white</headlinecolor>
				<visible>!Skin.HasSetting(AutoHidePowerBtn) + [!Player.HasAudio | IsEmpty(MusicPlayer.offset(1).Artist) | Skin.HasSetting(HideNextSongsInfo)]</visible>
			</control>
			<control type="rss">
				<description>RSS feed</description>
				<posx>45</posx>
				<posy>0</posy>
				<height>30</height>
				<width>1100</width>
				<font>font12</font>
				<urlset>1</urlset>
				<textcolor>blue</textcolor>
				<titlecolor>blue</titlecolor>
				<headlinecolor>white</headlinecolor>
				<visible>Skin.HasSetting(AutoHidePowerBtn) + [!Player.HasAudio | IsEmpty(MusicPlayer.offset(1).Artist) | Skin.HasSetting(HideNextSongsInfo)]</visible>
			</control>
			<control type="fadelabel" id="1">
				<description>Next Five Songs</description>
				<posx>100</posx>
				<posy>0</posy>
				<height>30</height>
				<width>1045</width>
				<scroll>true</scroll>
				<scrollout>true</scrollout>
				<pauseatend>200</pauseatend>
				<label>$VAR[NextFiveSongScroller]</label>
				<font>font12</font>
				<textcolor>white</textcolor>
				<shadowcolor>black</shadowcolor>
				<textoffsetx>20</textoffsetx>
				<visible>!Skin.HasSetting(AutoHidePowerBtn) + Player.HasAudio + !IsEmpty(MusicPlayer.offset(1).Artist) + !Skin.HasSetting(HideNextSongsInfo)</visible>
			</control>
			<control type="fadelabel" id="1">
				<description>Next Five Songs</description>
				<posx>45</posx>
				<posy>0</posy>
				<height>30</height>
				<width>1100</width>
				<scroll>true</scroll>
				<scrollout>true</scrollout>
				<pauseatend>200</pauseatend>
				<label>$VAR[NextFiveSongScroller]</label>
				<font>font12</font>
				<textcolor>white</textcolor>
				<shadowcolor>black</shadowcolor>
				<textoffsetx>20</textoffsetx>
				<visible>Skin.HasSetting(AutoHidePowerBtn) + Player.HasAudio + !IsEmpty(MusicPlayer.offset(1).Artist) + !Skin.HasSetting(HideNextSongsInfo)</visible>
			</control>
			<control type="image">
				<description>RSS background</description>
				<posx>1150</posx>
				<posy>2</posy>
				<width>24</width>
				<height>24</height>
				<texture>icon-rss.png</texture>
			</control>
		</control>
		<control type="group" id="10">
			<posx>20</posx>
			<posy>55r</posy>
			<include>Window_OpenClose_Animation</include>
			<control type="button" id="20">
				<description>Power push button</description>
				<posx>55</posx>
				<posy>0</posy>
				<width>45</width>
				<height>45</height>
				<label>31003</label>
				<font>-</font>
				<onclick>$VAR[HomePowerBtnCommand]</onclick>
				<texturefocus border="5">floor_buttonFO.png</texturefocus>
				<texturenofocus border="5">floor_button.png</texturenofocus>
				<onleft>21</onleft>
				<onright>21</onright>
				<onup condition="Skin.HasSetting(RaiseMainMenuBar)">9002</onup>
				<onup condition="!Skin.HasSetting(RaiseMainMenuBar)">9001</onup>
				<ondown>9003</ondown>
				<visible>!Skin.HasSetting(AutoHidePowerBtn) + !Skin.HasSetting(HideFavouritesBtn)</visible>
			</control>
			<control type="image">
				<description>Power Icon</description>
				<posx>60</posx>
				<posy>5</posy>
				<width>35</width>
				<height>35</height>
				<aspectratio>keep</aspectratio>
				<texture>icon_power.png</texture>
				<visible>!Skin.HasSetting(AutoHidePowerBtn) + !Skin.HasSetting(HideFavouritesBtn)</visible>
			</control>
			<control type="button" id="20">
				<description>Power push button</description>
				<posx>0</posx>
				<posy>0</posy>
				<width>45</width>
				<height>45</height>
				<label>31003</label>
				<font>-</font>
				<onclick>$VAR[HomePowerBtnCommand]</onclick>
				<texturefocus border="5">floor_buttonFO.png</texturefocus>
				<texturenofocus border="5">floor_button.png</texturenofocus>
				<onup condition="Skin.HasSetting(RaiseMainMenuBar)">9002</onup>
				<onup condition="!Skin.HasSetting(RaiseMainMenuBar)">9001</onup>
				<ondown>9003</ondown>
				<visible>!Skin.HasSetting(AutoHidePowerBtn) + Skin.HasSetting(HideFavouritesBtn)</visible>
			</control>
			<control type="image">
				<description>Power Icon</description>
				<posx>5</posx>
				<posy>5</posy>
				<width>35</width>
				<height>35</height>
				<aspectratio>keep</aspectratio>
				<texture>icon_power.png</texture>
				<visible>!Skin.HasSetting(AutoHidePowerBtn) + Skin.HasSetting(HideFavouritesBtn)</visible>
			</control>
			<control type="button" id="21">
				<description>Favourites push button</description>
				<posx>0</posx>
				<posy>0</posy>
				<width>45</width>
				<height>45</height>
				<label>1036</label>
				<font>-</font>
				<aligny>-</aligny>
				<onclick>ActivateWindow(Favourites)</onclick>
				<texturefocus border="5">floor_buttonFO.png</texturefocus>
				<texturenofocus border="5">floor_button.png</texturenofocus>
				<onleft condition="!Skin.HasSetting(AutoHidePowerBtn)">20</onleft>
				<onright condition="!Skin.HasSetting(AutoHidePowerBtn)">20</onright>
				<onup condition="Skin.HasSetting(RaiseMainMenuBar)">9002</onup>
				<onup condition="!Skin.HasSetting(RaiseMainMenuBar)">9001</onup>
				<ondown>9003</ondown>
				<visible>!Skin.HasSetting(HideFavouritesBtn)</visible>
			</control>
			<control type="image">
				<description>Favourites Icon</description>
				<posx>5</posx>
				<posy>5</posy>
				<width>35</width>
				<height>35</height>
				<aspectratio>keep</aspectratio>
				<texture>icon_favourites.png</texture>
				<visible>!Skin.HasSetting(HideFavouritesBtn)</visible>
			</control>
		</control>
		<include>UserLocalInfo</include>
	</controls>
</window>