<?xml version="1.0" encoding="utf-8"?>
<includes>
	<include name="AlbumArtMusicVizWall">
		<control type="group">
			<visible>Player.HasAudio + !IsEmpty(Skin.String(UsrAlbumThumbsDir)) + [Skin.HasSetting(ShowBackgroundAlbumWall) | Skin.HasSetting(AllowSlideShowArt)]</visible>
			<posx>-35</posx>
			<posy>-15</posy>
			<control type="multiimage">
				<posx>0</posx>
				<posy>0</posy>
				<width>150</width>
				<height>150</height>
				<aspectratio>stretch</aspectratio>
				<imagepath background="true">$INFO[Skin.String(UsrAlbumThumbsDir)]</imagepath>
				<timeperimage>6300</timeperimage>
				<fadetime>500</fadetime>
				<randomize>true</randomize>
			</control>
			<control type="multiimage">
				<posx>150</posx>
				<posy>0</posy>
				<width>150</width>
				<height>150</height>
				<aspectratio>stretch</aspectratio>
				<imagepath background="true">$INFO[Skin.String(UsrAlbumThumbsDir)]</imagepath>
				<timeperimage>7700</timeperimage>
				<fadetime>500</fadetime>
				<randomize>true</randomize>
			</control>
			<control type="multiimage">
				<posx>300</posx>
				<posy>0</posy>
				<width>150</width>
				<height>150</height>
				<aspectratio>stretch</aspectratio>
				<imagepath background="true">$INFO[Skin.String(UsrAlbumThumbsDir)]</imagepath>
				<timeperimage>8000</timeperimage>
				<fadetime>500</fadetime>
				<randomize>true</randomize>
			</control>
			<control type="multiimage">
				<posx>450</posx>
				<posy>0</posy>
				<width>150</width>
				<height>150</height>
				<aspectratio>stretch</aspectratio>
				<imagepath background="true">$INFO[Skin.String(UsrAlbumThumbsDir)]</imagepath>
				<timeperimage>6000</timeperimage>
				<fadetime>500</fadetime>
				<randomize>true</randomize>
			</control>
			<control type="multiimage">
				<posx>600</posx>
				<posy>0</posy>
				<width>150</width>
				<height>150</height>
				<aspectratio>stretch</aspectratio>
				<imagepath background="true">$INFO[Skin.String(UsrAlbumThumbsDir)]</imagepath>
				<timeperimage>4000</timeperimage>
				<fadetime>500</fadetime>
				<randomize>true</randomize>
			</control>
			<control type="multiimage">
				<posx>750</posx>
				<posy>0</posy>
				<width>150</width>
				<height>150</height>
				<aspectratio>stretch</aspectratio>
				<imagepath background="true">$INFO[Skin.String(UsrAlbumThumbsDir)]</imagepath>
				<timeperimage>5500</timeperimage>
				<fadetime>500</fadetime>
				<randomize>true</randomize>
			</control>
			<control type="multiimage">
				<posx>900</posx>
				<posy>0</posy>
				<width>150</width>
				<height>150</height>
				<aspectratio>stretch</aspectratio>
				<imagepath background="true">$INFO[Skin.String(UsrAlbumThumbsDir)]</imagepath>
				<timeperimage>5000</timeperimage>
				<fadetime>500</fadetime>
				<randomize>true</randomize>
			</control>
			<control type="multiimage">
				<posx>1050</posx>
				<posy>0</posy>
				<width>150</width>
				<height>150</height>
				<aspectratio>stretch</aspectratio>
				<imagepath background="true">$INFO[Skin.String(UsrAlbumThumbsDir)]</imagepath>
				<timeperimage>6200</timeperimage>
				<fadetime>500</fadetime>
				<randomize>true</randomize>
			</control>
			<control type="multiimage">
				<posx>1200</posx>
				<posy>0</posy>
				<width>150</width>
				<height>150</height>
				<aspectratio>stretch</aspectratio>
				<imagepath background="true">$INFO[Skin.String(UsrAlbumThumbsDir)]</imagepath>
				<timeperimage>6600</timeperimage>
				<fadetime>500</fadetime>
				<randomize>true</randomize>
			</control>
			<control type="multiimage">
				<posx>0</posx>
				<posy>150</posy>
				<width>150</width>
				<height>150</height>
				<aspectratio>stretch</aspectratio>
				<imagepath background="true">$INFO[Skin.String(UsrAlbumThumbsDir)]</imagepath>
				<timeperimage>6500</timeperimage>
				<fadetime>500</fadetime>
				<randomize>true</randomize>
			</control>
			<control type="multiimage">
				<posx>150</posx>
				<posy>150</posy>
				<width>150</width>
				<height>150</height>
				<aspectratio>stretch</aspectratio>
				<imagepath background="true">$INFO[Skin.String(UsrAlbumThumbsDir)]</imagepath>
				<timeperimage>7200</timeperimage>
				<fadetime>500</fadetime>
				<randomize>true</randomize>
			</control>
			<control type="multiimage">
				<posx>300</posx>
				<posy>150</posy>
				<width>150</width>
				<height>150</height>
				<aspectratio>stretch</aspectratio>
				<imagepath background="true">$INFO[Skin.String(UsrAlbumThumbsDir)]</imagepath>
				<timeperimage>5100</timeperimage>
				<fadetime>500</fadetime>
				<randomize>true</randomize>
			</control>
			<control type="multiimage">
				<posx>450</posx>
				<posy>150</posy>
				<width>150</width>
				<height>150</height>
				<aspectratio>stretch</aspectratio>
				<imagepath background="true">$INFO[Skin.String(UsrAlbumThumbsDir)]</imagepath>
				<timeperimage>5200</timeperimage>
				<fadetime>500</fadetime>
				<randomize>true</randomize>
			</control>
			<control type="multiimage">
				<posx>600</posx>
				<posy>150</posy>
				<width>150</width>
				<height>150</height>
				<aspectratio>stretch</aspectratio>
				<imagepath background="true">$INFO[Skin.String(UsrAlbumThumbsDir)]</imagepath>
				<timeperimage>4100</timeperimage>
				<fadetime>500</fadetime>
				<randomize>true</randomize>
			</control>
			<control type="multiimage">
				<posx>750</posx>
				<posy>150</posy>
				<width>150</width>
				<height>150</height>
				<aspectratio>stretch</aspectratio>
				<imagepath background="true">$INFO[Skin.String(UsrAlbumThumbsDir)]</imagepath>
				<timeperimage>5700</timeperimage>
				<fadetime>500</fadetime>
				<randomize>true</randomize>
			</control>
			<control type="multiimage">
				<posx>900</posx>
				<posy>150</posy>
				<width>150</width>
				<height>150</height>
				<aspectratio>stretch</aspectratio>
				<imagepath background="true">$INFO[Skin.String(UsrAlbumThumbsDir)]</imagepath>
				<timeperimage>4400</timeperimage>
				<fadetime>500</fadetime>
				<randomize>true</randomize>
			</control>
			<control type="multiimage">
				<posx>1050</posx>
				<posy>150</posy>
				<width>150</width>
				<height>150</height>
				<aspectratio>stretch</aspectratio>
				<imagepath background="true">$INFO[Skin.String(UsrAlbumThumbsDir)]</imagepath>
				<timeperimage>6800</timeperimage>
				<fadetime>500</fadetime>
				<randomize>true</randomize>
			</control>
			<control type="multiimage">
				<posx>1200</posx>
				<posy>150</posy>
				<width>150</width>
				<height>150</height>
				<aspectratio>stretch</aspectratio>
				<imagepath background="true">$INFO[Skin.String(UsrAlbumThumbsDir)]</imagepath>
				<timeperimage>7800</timeperimage>
				<fadetime>500</fadetime>
				<randomize>true</randomize>
			</control>
			<control type="multiimage">
				<posx>0</posx>
				<posy>300</posy>
				<width>150</width>
				<height>150</height>
				<aspectratio>stretch</aspectratio>
				<imagepath background="true">$INFO[Skin.String(UsrAlbumThumbsDir)]</imagepath>
				<timeperimage>8100</timeperimage>
				<fadetime>500</fadetime>
				<randomize>true</randomize>
			</control>
			<control type="multiimage">
				<posx>150</posx>
				<posy>300</posy>
				<width>150</width>
				<height>150</height>
				<aspectratio>stretch</aspectratio>
				<imagepath background="true">$INFO[Skin.String(UsrAlbumThumbsDir)]</imagepath>
				<timeperimage>4900</timeperimage>
				<fadetime>500</fadetime>
				<randomize>true</randomize>
			</control>
			<control type="multiimage">
				<posx>300</posx>
				<posy>300</posy>
				<width>150</width>
				<height>150</height>
				<aspectratio>stretch</aspectratio>
				<imagepath background="true">$INFO[Skin.String(UsrAlbumThumbsDir)]</imagepath>
				<timeperimage>5300</timeperimage>
				<fadetime>500</fadetime>
				<randomize>true</randomize>
			</control>
			<control type="multiimage">
				<posx>450</posx>
				<posy>300</posy>
				<width>150</width>
				<height>150</height>
				<aspectratio>stretch</aspectratio>
				<imagepath background="true">$INFO[Skin.String(UsrAlbumThumbsDir)]</imagepath>
				<timeperimage>4500</timeperimage>
				<fadetime>500</fadetime>
				<randomize>true</randomize>
			</control>
			<control type="multiimage">
				<posx>600</posx>
				<posy>300</posy>
				<width>150</width>
				<height>150</height>
				<aspectratio>stretch</aspectratio>
				<imagepath background="true">$INFO[Skin.String(UsrAlbumThumbsDir)]</imagepath>
				<timeperimage>7000</timeperimage>
				<fadetime>500</fadetime>
				<randomize>true</randomize>
			</control>
			<control type="multiimage">
				<posx>750</posx>
				<posy>300</posy>
				<width>150</width>
				<height>150</height>
				<aspectratio>stretch</aspectratio>
				<imagepath background="true">$INFO[Skin.String(UsrAlbumThumbsDir)]</imagepath>
				<timeperimage>6400</timeperimage>
				<fadetime>500</fadetime>
				<randomize>true</randomize>
			</control>
			<control type="multiimage">
				<posx>900</posx>
				<posy>300</posy>
				<width>150</width>
				<height>150</height>
				<aspectratio>stretch</aspectratio>
				<imagepath background="true">$INFO[Skin.String(UsrAlbumThumbsDir)]</imagepath>
				<timeperimage>8300</timeperimage>
				<fadetime>500</fadetime>
				<randomize>true</randomize>
			</control>
			<control type="multiimage">
				<posx>1050</posx>
				<posy>300</posy>
				<width>150</width>
				<height>150</height>
				<aspectratio>stretch</aspectratio>
				<imagepath background="true">$INFO[Skin.String(UsrAlbumThumbsDir)]</imagepath>
				<timeperimage>7500</timeperimage>
				<fadetime>500</fadetime>
				<randomize>true</randomize>
			</control>
			<control type="multiimage">
				<posx>1200</posx>
				<posy>300</posy>
				<width>150</width>
				<height>150</height>
				<aspectratio>stretch</aspectratio>
				<imagepath background="true">$INFO[Skin.String(UsrAlbumThumbsDir)]</imagepath>
				<timeperimage>6900</timeperimage>
				<fadetime>500</fadetime>
				<randomize>true</randomize>
			</control>
			<control type="multiimage">
				<posx>0</posx>
				<posy>450</posy>
				<width>150</width>
				<height>150</height>
				<aspectratio>stretch</aspectratio>
				<imagepath background="true">$INFO[Skin.String(UsrAlbumThumbsDir)]</imagepath>
				<timeperimage>4200</timeperimage>
				<fadetime>500</fadetime>
				<randomize>true</randomize>
			</control>
			<control type="multiimage">
				<posx>150</posx>
				<posy>450</posy>
				<width>150</width>
				<height>150</height>
				<aspectratio>stretch</aspectratio>
				<imagepath background="true">$INFO[Skin.String(UsrAlbumThumbsDir)]</imagepath>
				<timeperimage>5800</timeperimage>
				<fadetime>500</fadetime>
				<randomize>true</randomize>
			</control>
			<control type="multiimage">
				<posx>300</posx>
				<posy>450</posy>
				<width>150</width>
				<height>150</height>
				<aspectratio>stretch</aspectratio>
				<imagepath background="true">$INFO[Skin.String(UsrAlbumThumbsDir)]</imagepath>
				<timeperimage>5600</timeperimage>
				<fadetime>500</fadetime>
				<randomize>true</randomize>
			</control>
			<control type="multiimage">
				<posx>450</posx>
				<posy>450</posy>
				<width>150</width>
				<height>150</height>
				<aspectratio>stretch</aspectratio>
				<imagepath background="true">$INFO[Skin.String(UsrAlbumThumbsDir)]</imagepath>
				<timeperimage>7300</timeperimage>
				<fadetime>500</fadetime>
				<randomize>true</randomize>
			</control>
			<control type="multiimage">
				<posx>600</posx>
				<posy>450</posy>
				<width>150</width>
				<height>150</height>
				<aspectratio>stretch</aspectratio>
				<imagepath background="true">$INFO[Skin.String(UsrAlbumThumbsDir)]</imagepath>
				<timeperimage>4700</timeperimage>
				<fadetime>500</fadetime>
				<randomize>true</randomize>
			</control>
			<control type="multiimage">
				<posx>750</posx>
				<posy>450</posy>
				<width>150</width>
				<height>150</height>
				<aspectratio>stretch</aspectratio>
				<imagepath background="true">$INFO[Skin.String(UsrAlbumThumbsDir)]</imagepath>
				<timeperimage>4800</timeperimage>
				<fadetime>500</fadetime>
				<randomize>true</randomize>
			</control>
			<control type="multiimage">
				<posx>900</posx>
				<posy>450</posy>
				<width>150</width>
				<height>150</height>
				<aspectratio>stretch</aspectratio>
				<imagepath background="true">$INFO[Skin.String(UsrAlbumThumbsDir)]</imagepath>
				<timeperimage>5400</timeperimage>
				<fadetime>500</fadetime>
				<randomize>true</randomize>
			</control>
			<control type="multiimage">
				<posx>1050</posx>
				<posy>450</posy>
				<width>150</width>
				<height>150</height>
				<aspectratio>stretch</aspectratio>
				<imagepath background="true">$INFO[Skin.String(UsrAlbumThumbsDir)]</imagepath>
				<timeperimage>7100</timeperimage>
				<fadetime>500</fadetime>
				<randomize>true</randomize>
			</control>
			<control type="multiimage">
				<posx>1200</posx>
				<posy>450</posy>
				<width>150</width>
				<height>150</height>
				<aspectratio>stretch</aspectratio>
				<imagepath background="true">$INFO[Skin.String(UsrAlbumThumbsDir)]</imagepath>
				<timeperimage>5200</timeperimage>
				<fadetime>500</fadetime>
				<randomize>true</randomize>
			</control>
			<control type="multiimage">
				<posx>0</posx>
				<posy>600</posy>
				<width>150</width>
				<height>150</height>
				<aspectratio>stretch</aspectratio>
				<imagepath background="true">$INFO[Skin.String(UsrAlbumThumbsDir)]</imagepath>
				<timeperimage>7600</timeperimage>
				<fadetime>500</fadetime>
				<randomize>true</randomize>
			</control>
			<control type="multiimage">
				<posx>150</posx>
				<posy>600</posy>
				<width>150</width>
				<height>150</height>
				<aspectratio>stretch</aspectratio>
				<imagepath background="true">$INFO[Skin.String(UsrAlbumThumbsDir)]</imagepath>
				<timeperimage>4300</timeperimage>
				<fadetime>500</fadetime>
				<randomize>true</randomize>
			</control>
			<control type="multiimage">
				<posx>300</posx>
				<posy>600</posy>
				<width>150</width>
				<height>150</height>
				<aspectratio>stretch</aspectratio>
				<imagepath background="true">$INFO[Skin.String(UsrAlbumThumbsDir)]</imagepath>
				<timeperimage>5900</timeperimage>
				<fadetime>500</fadetime>
				<randomize>true</randomize>
			</control>
			<control type="multiimage">
				<posx>450</posx>
				<posy>600</posy>
				<width>150</width>
				<height>150</height>
				<aspectratio>stretch</aspectratio>
				<imagepath background="true">$INFO[Skin.String(UsrAlbumThumbsDir)]</imagepath>
				<timeperimage>6100</timeperimage>
				<fadetime>500</fadetime>
				<randomize>true</randomize>
			</control>
			<control type="multiimage">
				<posx>600</posx>
				<posy>600</posy>
				<width>150</width>
				<height>150</height>
				<aspectratio>stretch</aspectratio>
				<imagepath background="true">$INFO[Skin.String(UsrAlbumThumbsDir)]</imagepath>
				<timeperimage>8200</timeperimage>
				<fadetime>500</fadetime>
				<randomize>true</randomize>
			</control>
			<control type="multiimage">
				<posx>750</posx>
				<posy>600</posy>
				<width>150</width>
				<height>150</height>
				<aspectratio>stretch</aspectratio>
				<imagepath background="true">$INFO[Skin.String(UsrAlbumThumbsDir)]</imagepath>
				<timeperimage>6700</timeperimage>
				<fadetime>500</fadetime>
				<randomize>true</randomize>
			</control>
			<control type="multiimage">
				<posx>900</posx>
				<posy>600</posy>
				<width>150</width>
				<height>150</height>
				<aspectratio>stretch</aspectratio>
				<imagepath background="true">$INFO[Skin.String(UsrAlbumThumbsDir)]</imagepath>
				<timeperimage>4600</timeperimage>
				<fadetime>500</fadetime>
				<randomize>true</randomize>
			</control>
			<control type="multiimage">
				<posx>1050</posx>
				<posy>600</posy>
				<width>150</width>
				<height>150</height>
				<aspectratio>stretch</aspectratio>
				<imagepath background="true">$INFO[Skin.String(UsrAlbumThumbsDir)]</imagepath>
				<timeperimage>7900</timeperimage>
				<fadetime>500</fadetime>
				<randomize>true</randomize>
			</control>
			<control type="multiimage">
				<posx>1200</posx>
				<posy>600</posy>
				<width>150</width>
				<height>150</height>
				<aspectratio>stretch</aspectratio>
				<imagepath background="true">$INFO[Skin.String(UsrAlbumThumbsDir)]</imagepath>
				<timeperimage>7400</timeperimage>
				<fadetime>500</fadetime>
				<randomize>true</randomize>
			</control>
		</control>
		<control type="group">
			<visible>
				[Player.HasAudio + IsEmpty(Skin.String(UsrAlbumThumbsDir)) + Skin.HasSetting(ShowBackgroundAlbumWall)] | 
				[Player.HasAudio + IsEmpty(Skin.String(UsrAlbumThumbsDir)) + Skin.HasSetting(AllowSlideShowArt)] | 
				[Player.HasAudio + IsEmpty(MusicPlayer.Property(Fanart_Image)) + !Skin.HasSetting(ShowBackgroundAlbumWall)] |
				[!Player.HasAudio + Skin.HasSetting(GlobalCDwallBackdrop)]
			</visible>
			<posx>-35</posx>
			<posy>-15</posy>
			<control type="image">
				<posx>0</posx>
				<posy>0</posy>
				<width>150</width>
				<height>150</height>
				<aspectratio>stretch</aspectratio>
				<texture background="true" fallback="FallbackAlbumCover.png">$INFO[Window(home).Property(RandomAlbum.2.Thumb )]</texture>
				<visible>!IsEmpty(Window(home).Property(RandomAlbum.2.Thumb ))</visible>
			</control>
			<control type="image">
				<posx>0</posx>
				<posy>0</posy>
				<width>150</width>
				<height>150</height>
				<aspectratio>stretch</aspectratio>
				<texture background="true" fallback="FallbackAlbumCover.png">$INFO[Window(home).Property(LatestAlbum.9.Thumb)]</texture>
				<visible>IsEmpty(Window(home).Property(RandomAlbum.2.Thumb ))</visible>
			</control>
			<control type="image">
				<posx>150</posx>
				<posy>0</posy>
				<width>150</width>
				<height>150</height>
				<aspectratio>stretch</aspectratio>
				<texture background="true" fallback="FallbackAlbumCover.png">$INFO[Window(home).Property(RandomAlbum.15.Thumb )]</texture>
				<visible>!IsEmpty(Window(home).Property(RandomAlbum.15.Thumb ))</visible>
			</control>
			<control type="image">
				<posx>150</posx>
				<posy>0</posy>
				<width>150</width>
				<height>150</height>
				<aspectratio>stretch</aspectratio>
				<texture background="true" fallback="FallbackAlbumCover.png">$INFO[Window(home).Property(LatestAlbum.4.Thumb)]</texture>
				<visible>IsEmpty(Window(home).Property(RandomAlbum.15.Thumb ))</visible>
			</control>
			<control type="image">
				<posx>300</posx>
				<posy>0</posy>
				<width>150</width>
				<height>150</height>
				<aspectratio>stretch</aspectratio>
				<texture background="true" fallback="FallbackAlbumCover.png">$INFO[Window(home).Property(RandomAlbum.10.Thumb )]</texture>
				<visible>!IsEmpty(Window(home).Property(RandomAlbum.10.Thumb ))</visible>
			</control>
			<control type="image">
				<posx>300</posx>
				<posy>0</posy>
				<width>150</width>
				<height>150</height>
				<aspectratio>stretch</aspectratio>
				<texture background="true" fallback="FallbackAlbumCover.png">$INFO[Window(home).Property(LatestAlbum.4.Thumb)]</texture>
				<visible>IsEmpty(Window(home).Property(RandomAlbum.10.Thumb ))</visible>
			</control>
			<control type="image">
				<posx>450</posx>
				<posy>0</posy>
				<width>150</width>
				<height>150</height>
				<aspectratio>stretch</aspectratio>
				<texture background="true" fallback="FallbackAlbumCover.png">$INFO[Window(home).Property(RandomAlbum.9.Thumb )]</texture>
				<visible>!IsEmpty(Window(home).Property(RandomAlbum.9.Thumb ))</visible>
			</control>
			<control type="image">
				<posx>450</posx>
				<posy>0</posy>
				<width>150</width>
				<height>150</height>
				<aspectratio>stretch</aspectratio>
				<texture background="true" fallback="FallbackAlbumCover.png">$INFO[Window(home).Property(LatestAlbum.2.Thumb)]</texture>
				<visible>IsEmpty(Window(home).Property(RandomAlbum.9.Thumb ))</visible>
			</control>
			<control type="image">
				<posx>600</posx>
				<posy>0</posy>
				<width>150</width>
				<height>150</height>
				<aspectratio>stretch</aspectratio>
				<texture background="true" fallback="FallbackAlbumCover.png">$INFO[Window(home).Property(RandomAlbum.5.Thumb )]</texture>
				<visible>!IsEmpty(Window(home).Property(RandomAlbum.5.Thumb ))</visible>
			</control>
			<control type="image">
				<posx>600</posx>
				<posy>0</posy>
				<width>150</width>
				<height>150</height>
				<aspectratio>stretch</aspectratio>
				<texture background="true" fallback="FallbackAlbumCover.png">$INFO[Window(home).Property(LatestAlbum.5.Thumb)]</texture>
				<visible>IsEmpty(Window(home).Property(RandomAlbum.5.Thumb ))</visible>
			</control>
			<control type="image">
				<posx>750</posx>
				<posy>0</posy>
				<width>150</width>
				<height>150</height>
				<aspectratio>stretch</aspectratio>
				<texture background="true" fallback="FallbackAlbumCover.png">$INFO[Window(home).Property(RandomAlbum.19.Thumb )]</texture>
				<visible>!IsEmpty(Window(home).Property(RandomAlbum.19.Thumb ))</visible>
			</control>
			<control type="image">
				<posx>750</posx>
				<posy>0</posy>
				<width>150</width>
				<height>150</height>
				<aspectratio>stretch</aspectratio>
				<texture background="true" fallback="FallbackAlbumCover.png">$INFO[Window(home).Property(LatestAlbum.8.Thumb)]</texture>
				<visible>IsEmpty(Window(home).Property(RandomAlbum.19.Thumb ))</visible>
			</control>
			<control type="image">
				<posx>900</posx>
				<posy>0</posy>
				<width>150</width>
				<height>150</height>
				<aspectratio>stretch</aspectratio>
				<texture background="true" fallback="FallbackAlbumCover.png">$INFO[Window(home).Property(RandomAlbum.12.Thumb )]</texture>
				<visible>!IsEmpty(Window(home).Property(RandomAlbum.12.Thumb ))</visible>
			</control>
			<control type="image">
				<posx>900</posx>
				<posy>0</posy>
				<width>150</width>
				<height>150</height>
				<aspectratio>stretch</aspectratio>
				<texture background="true" fallback="FallbackAlbumCover.png">$INFO[Window(home).Property(LatestAlbum.1.Thumb)]</texture>
				<visible>IsEmpty(Window(home).Property(RandomAlbum.12.Thumb ))</visible>
			</control>
			<control type="image">
				<posx>1050</posx>
				<posy>0</posy>
				<width>150</width>
				<height>150</height>
				<aspectratio>stretch</aspectratio>
				<texture background="true" fallback="FallbackAlbumCover.png">$INFO[Window(home).Property(RandomAlbum.16.Thumb )]</texture>
				<visible>!IsEmpty(Window(home).Property(RandomAlbum.16.Thumb ))</visible>
			</control>
			<control type="image">
				<posx>1050</posx>
				<posy>0</posy>
				<width>150</width>
				<height>150</height>
				<aspectratio>stretch</aspectratio>
				<texture background="true" fallback="FallbackAlbumCover.png">$INFO[Window(home).Property(LatestAlbum.6.Thumb)]</texture>
				<visible>IsEmpty(Window(home).Property(RandomAlbum.16.Thumb ))</visible>
			</control>
			<control type="image">
				<posx>1200</posx>
				<posy>0</posy>
				<width>150</width>
				<height>150</height>
				<aspectratio>stretch</aspectratio>
				<texture background="true" fallback="FallbackAlbumCover.png">$INFO[Window(home).Property(RandomAlbum.8.Thumb )]</texture>
				<visible>!IsEmpty(Window(home).Property(RandomAlbum.8.Thumb ))</visible>
			</control>
			<control type="image">
				<posx>1200</posx>
				<posy>0</posy>
				<width>150</width>
				<height>150</height>
				<aspectratio>stretch</aspectratio>
				<texture background="true" fallback="FallbackAlbumCover.png">$INFO[Window(home).Property(LatestAlbum.10.Thumb)]</texture>
				<visible>IsEmpty(Window(home).Property(RandomAlbum.8.Thumb ))</visible>
			</control>
			<control type="image">
				<posx>0</posx>
				<posy>150</posy>
				<width>150</width>
				<height>150</height>
				<aspectratio>stretch</aspectratio>
				<texture background="true" fallback="FallbackAlbumCover.png">$INFO[Window(home).Property(RandomAlbum.7.Thumb )]</texture>
				<visible>!IsEmpty(Window(home).Property(RandomAlbum.7.Thumb ))</visible>
			</control>
			<control type="image">
				<posx>0</posx>
				<posy>150</posy>
				<width>150</width>
				<height>150</height>
				<aspectratio>stretch</aspectratio>
				<texture background="true" fallback="FallbackAlbumCover.png">$INFO[Window(home).Property(LatestAlbum.3.Thumb)]</texture>
				<visible>IsEmpty(Window(home).Property(RandomAlbum.7.Thumb ))</visible>
			</control>
			<control type="image">
				<posx>150</posx>
				<posy>150</posy>
				<width>150</width>
				<height>150</height>
				<aspectratio>stretch</aspectratio>
				<texture background="true" fallback="FallbackAlbumCover.png">$INFO[Window(home).Property(RandomAlbum.13.Thumb )]</texture>
				<visible>!IsEmpty(Window(home).Property(RandomAlbum.13.Thumb ))</visible>
			</control>
			<control type="image">
				<posx>150</posx>
				<posy>150</posy>
				<width>150</width>
				<height>150</height>
				<aspectratio>stretch</aspectratio>
				<texture background="true" fallback="FallbackAlbumCover.png">$INFO[Window(home).Property(LatestAlbum.7.Thumb)]</texture>
				<visible>IsEmpty(Window(home).Property(RandomAlbum.13.Thumb ))</visible>
			</control>
			<control type="image">
				<posx>300</posx>
				<posy>150</posy>
				<width>150</width>
				<height>150</height>
				<aspectratio>stretch</aspectratio>
				<texture background="true" fallback="FallbackAlbumCover.png">$INFO[Window(home).Property(RandomAlbum.17.Thumb )]</texture>
				<visible>!IsEmpty(Window(home).Property(RandomAlbum.17.Thumb ))</visible>
			</control>
			<control type="image">
				<posx>300</posx>
				<posy>150</posy>
				<width>150</width>
				<height>150</height>
				<aspectratio>stretch</aspectratio>
				<texture background="true" fallback="FallbackAlbumCover.png">$INFO[Window(home).Property(LatestAlbum.2.Thumb)]</texture>
				<visible>IsEmpty(Window(home).Property(RandomAlbum.17.Thumb ))</visible>
			</control>
			<control type="image">
				<posx>450</posx>
				<posy>150</posy>
				<width>150</width>
				<height>150</height>
				<aspectratio>stretch</aspectratio>
				<texture background="true" fallback="FallbackAlbumCover.png">$INFO[Window(home).Property(RandomAlbum.11.Thumb )]</texture>
				<visible>!IsEmpty(Window(home).Property(RandomAlbum.11.Thumb ))</visible>
			</control>
			<control type="image">
				<posx>450</posx>
				<posy>150</posy>
				<width>150</width>
				<height>150</height>
				<aspectratio>stretch</aspectratio>
				<texture background="true" fallback="FallbackAlbumCover.png">$INFO[Window(home).Property(LatestAlbum.6.Thumb)]</texture>
				<visible>IsEmpty(Window(home).Property(RandomAlbum.11.Thumb ))</visible>
			</control>
			<control type="image">
				<posx>600</posx>
				<posy>150</posy>
				<width>150</width>
				<height>150</height>
				<aspectratio>stretch</aspectratio>
				<texture background="true" fallback="FallbackAlbumCover.png">$INFO[Window(home).Property(RandomAlbum.3.Thumb )]</texture>
				<visible>!IsEmpty(Window(home).Property(RandomAlbum.3.Thumb ))</visible>
			</control>
			<control type="image">
				<posx>600</posx>
				<posy>150</posy>
				<width>150</width>
				<height>150</height>
				<aspectratio>stretch</aspectratio>
				<texture background="true" fallback="FallbackAlbumCover.png">$INFO[Window(home).Property(LatestAlbum.1.Thumb)]</texture>
				<visible>IsEmpty(Window(home).Property(RandomAlbum.3.Thumb ))</visible>
			</control>
			<control type="image">
				<posx>750</posx>
				<posy>150</posy>
				<width>150</width>
				<height>150</height>
				<aspectratio>stretch</aspectratio>
				<texture background="true" fallback="FallbackAlbumCover.png">$INFO[Window(home).Property(RandomAlbum.1.Thumb )]</texture>
				<visible>!IsEmpty(Window(home).Property(RandomAlbum.1.Thumb ))</visible>
			</control>
			<control type="image">
				<posx>750</posx>
				<posy>150</posy>
				<width>150</width>
				<height>150</height>
				<aspectratio>stretch</aspectratio>
				<texture background="true" fallback="FallbackAlbumCover.png">$INFO[Window(home).Property(LatestAlbum.5.Thumb)]</texture>
				<visible>IsEmpty(Window(home).Property(RandomAlbum.1.Thumb ))</visible>
			</control>
			<control type="image">
				<posx>900</posx>
				<posy>150</posy>
				<width>150</width>
				<height>150</height>
				<aspectratio>stretch</aspectratio>
				<texture background="true" fallback="FallbackAlbumCover.png">$INFO[Window(home).Property(RandomAlbum.20.Thumb )]</texture>
				<visible>!IsEmpty(Window(home).Property(RandomAlbum.20.Thumb ))</visible>
			</control>
			<control type="image">
				<posx>900</posx>
				<posy>150</posy>
				<width>150</width>
				<height>150</height>
				<aspectratio>stretch</aspectratio>
				<texture background="true" fallback="FallbackAlbumCover.png">$INFO[Window(home).Property(LatestAlbum.4.Thumb)]</texture>
				<visible>IsEmpty(Window(home).Property(RandomAlbum.20.Thumb ))</visible>
			</control>
			<control type="image">
				<posx>1050</posx>
				<posy>150</posy>
				<width>150</width>
				<height>150</height>
				<aspectratio>stretch</aspectratio>
				<texture background="true" fallback="FallbackAlbumCover.png">$INFO[Window(home).Property(RandomAlbum.4.Thumb )]</texture>
				<visible>!IsEmpty(Window(home).Property(RandomAlbum.4.Thumb ))</visible>
			</control>
			<control type="image">
				<posx>1050</posx>
				<posy>150</posy>
				<width>150</width>
				<height>150</height>
				<aspectratio>stretch</aspectratio>
				<texture background="true" fallback="FallbackAlbumCover.png">$INFO[Window(home).Property(LatestAlbum.3.Thumb)]</texture>
				<visible>IsEmpty(Window(home).Property(RandomAlbum.4.Thumb ))</visible>
			</control>
			<control type="image">
				<posx>1200</posx>
				<posy>150</posy>
				<width>150</width>
				<height>150</height>
				<aspectratio>stretch</aspectratio>
				<texture background="true" fallback="FallbackAlbumCover.png">$INFO[Window(home).Property(RandomAlbum.14.Thumb )]</texture>
				<visible>!IsEmpty(Window(home).Property(RandomAlbum.14.Thumb ))</visible>
			</control>
			<control type="image">
				<posx>1200</posx>
				<posy>150</posy>
				<width>150</width>
				<height>150</height>
				<aspectratio>stretch</aspectratio>
				<texture background="true" fallback="FallbackAlbumCover.png">$INFO[Window(home).Property(LatestAlbum.10.Thumb)]</texture>
				<visible>IsEmpty(Window(home).Property(RandomAlbum.14.Thumb ))</visible>
			</control>
			<control type="image">
				<posx>0</posx>
				<posy>300</posy>
				<width>150</width>
				<height>150</height>
				<aspectratio>stretch</aspectratio>
				<texture background="true" fallback="FallbackAlbumCover.png">$INFO[Window(home).Property(RandomAlbum.6.Thumb )]</texture>
				<visible>!IsEmpty(Window(home).Property(RandomAlbum.6.Thumb ))</visible>
			</control>
			<control type="image">
				<posx>0</posx>
				<posy>300</posy>
				<width>150</width>
				<height>150</height>
				<aspectratio>stretch</aspectratio>
				<texture background="true" fallback="FallbackAlbumCover.png">$INFO[Window(home).Property(LatestAlbum.7.Thumb)]</texture>
				<visible>IsEmpty(Window(home).Property(RandomAlbum.6.Thumb ))</visible>
			</control>
			<control type="image">
				<posx>150</posx>
				<posy>300</posy>
				<width>150</width>
				<height>150</height>
				<aspectratio>stretch</aspectratio>
				<texture background="true" fallback="FallbackAlbumCover.png">$INFO[Window(home).Property(RandomAlbum.18.Thumb )]</texture>
				<visible>!IsEmpty(Window(home).Property(RandomAlbum.18.Thumb ))</visible>
			</control>
			<control type="image">
				<posx>150</posx>
				<posy>300</posy>
				<width>150</width>
				<height>150</height>
				<aspectratio>stretch</aspectratio>
				<texture background="true" fallback="FallbackAlbumCover.png">$INFO[Window(home).Property(LatestAlbum.8.Thumb)]</texture>
				<visible>IsEmpty(Window(home).Property(RandomAlbum.18.Thumb ))</visible>
			</control>
			<control type="image">
				<posx>300</posx>
				<posy>300</posy>
				<width>150</width>
				<height>150</height>
				<aspectratio>stretch</aspectratio>
				<texture background="true" fallback="FallbackAlbumCover.png">$INFO[Window(home).Property(RandomAlbum.13.Thumb )]</texture>
				<visible>!IsEmpty(Window(home).Property(RandomAlbum.13.Thumb ))</visible>
			</control>
			<control type="image">
				<posx>300</posx>
				<posy>300</posy>
				<width>150</width>
				<height>150</height>
				<aspectratio>stretch</aspectratio>
				<texture background="true" fallback="FallbackAlbumCover.png">$INFO[Window(home).Property(LatestAlbum.9.Thumb)]</texture>
				<visible>IsEmpty(Window(home).Property(RandomAlbum.13.Thumb ))</visible>
			</control>
			<control type="image">
				<posx>450</posx>
				<posy>300</posy>
				<width>150</width>
				<height>150</height>
				<aspectratio>stretch</aspectratio>
				<texture background="true" fallback="FallbackAlbumCover.png">$INFO[Window(home).Property(RandomAlbum.9.Thumb )]</texture>
				<visible>!IsEmpty(Window(home).Property(RandomAlbum.9.Thumb ))</visible>
			</control>
			<control type="image">
				<posx>450</posx>
				<posy>300</posy>
				<width>150</width>
				<height>150</height>
				<aspectratio>stretch</aspectratio>
				<texture background="true" fallback="FallbackAlbumCover.png">$INFO[Window(home).Property(LatestAlbum.5.Thumb)]</texture>
				<visible>IsEmpty(Window(home).Property(RandomAlbum.9.Thumb ))</visible>
			</control>
			<control type="image">
				<posx>600</posx>
				<posy>300</posy>
				<width>150</width>
				<height>150</height>
				<aspectratio>stretch</aspectratio>
				<texture background="true" fallback="FallbackAlbumCover.png">$INFO[Window(home).Property(RandomAlbum.5.Thumb )]</texture>
				<visible>!IsEmpty(Window(home).Property(RandomAlbum.5.Thumb ))</visible>
			</control>
			<control type="image">
				<posx>600</posx>
				<posy>300</posy>
				<width>150</width>
				<height>150</height>
				<aspectratio>stretch</aspectratio>
				<texture background="true" fallback="FallbackAlbumCover.png">$INFO[Window(home).Property(LatestAlbum.3.Thumb)]</texture>
				<visible>IsEmpty(Window(home).Property(RandomAlbum.5.Thumb ))</visible>
			</control>
			<control type="image">
				<posx>750</posx>
				<posy>300</posy>
				<width>150</width>
				<height>150</height>
				<aspectratio>stretch</aspectratio>
				<texture background="true" fallback="FallbackAlbumCover.png">$INFO[Window(home).Property(RandomAlbum.20.Thumb )]</texture>
				<visible>!IsEmpty(Window(home).Property(RandomAlbum.20.Thumb ))</visible>
			</control>
			<control type="image">
				<posx>750</posx>
				<posy>300</posy>
				<width>150</width>
				<height>150</height>
				<aspectratio>stretch</aspectratio>
				<texture background="true" fallback="FallbackAlbumCover.png">$INFO[Window(home).Property(LatestAlbum.2.Thumb)]</texture>
				<visible>IsEmpty(Window(home).Property(RandomAlbum.20.Thumb ))</visible>
			</control>
			<control type="image">
				<posx>900</posx>
				<posy>300</posy>
				<width>150</width>
				<height>150</height>
				<aspectratio>stretch</aspectratio>
				<texture background="true" fallback="FallbackAlbumCover.png">$INFO[Window(home).Property(RandomAlbum.17.Thumb )]</texture>
				<visible>!IsEmpty(Window(home).Property(RandomAlbum.17.Thumb ))</visible>
			</control>
			<control type="image">
				<posx>900</posx>
				<posy>300</posy>
				<width>150</width>
				<height>150</height>
				<aspectratio>stretch</aspectratio>
				<texture background="true" fallback="FallbackAlbumCover.png">$INFO[Window(home).Property(LatestAlbum.10.Thumb)]</texture>
				<visible>IsEmpty(Window(home).Property(RandomAlbum.17.Thumb ))</visible>
			</control>
			<control type="image">
				<posx>1050</posx>
				<posy>300</posy>
				<width>150</width>
				<height>150</height>
				<aspectratio>stretch</aspectratio>
				<texture background="true" fallback="FallbackAlbumCover.png">$INFO[Window(home).Property(RandomAlbum.7.Thumb )]</texture>
				<visible>!IsEmpty(Window(home).Property(RandomAlbum.7.Thumb ))</visible>
			</control>
			<control type="image">
				<posx>1050</posx>
				<posy>300</posy>
				<width>150</width>
				<height>150</height>
				<aspectratio>stretch</aspectratio>
				<texture background="true" fallback="FallbackAlbumCover.png">$INFO[Window(home).Property(LatestAlbum.9.Thumb)]</texture>
				<visible>IsEmpty(Window(home).Property(RandomAlbum.7.Thumb ))</visible>
			</control>
			<control type="image">
				<posx>1200</posx>
				<posy>300</posy>
				<width>150</width>
				<height>150</height>
				<aspectratio>stretch</aspectratio>
				<texture background="true" fallback="FallbackAlbumCover.png">$INFO[Window(home).Property(RandomAlbum.16.Thumb )]</texture>
				<visible>!IsEmpty(Window(home).Property(RandomAlbum.16.Thumb ))</visible>
			</control>
			<control type="image">
				<posx>1200</posx>
				<posy>300</posy>
				<width>150</width>
				<height>150</height>
				<aspectratio>stretch</aspectratio>
				<texture background="true" fallback="FallbackAlbumCover.png">$INFO[Window(home).Property(LatestAlbum.8.Thumb)]</texture>
				<visible>IsEmpty(Window(home).Property(RandomAlbum.16.Thumb ))</visible>
			</control>
			<control type="image">
				<posx>0</posx>
				<posy>450</posy>
				<width>150</width>
				<height>150</height>
				<aspectratio>stretch</aspectratio>
				<texture background="true" fallback="FallbackAlbumCover.png">$INFO[Window(home).Property(RandomAlbum.11.Thumb )]</texture>
				<visible>!IsEmpty(Window(home).Property(RandomAlbum.11.Thumb ))</visible>
			</control>
			<control type="image">
				<posx>0</posx>
				<posy>450</posy>
				<width>150</width>
				<height>150</height>
				<aspectratio>stretch</aspectratio>
				<texture background="true" fallback="FallbackAlbumCover.png">$INFO[Window(home).Property(LatestAlbum.4.Thumb)]</texture>
				<visible>IsEmpty(Window(home).Property(RandomAlbum.11.Thumb ))</visible>
			</control>
			<control type="image">
				<posx>150</posx>
				<posy>450</posy>
				<width>150</width>
				<height>150</height>
				<aspectratio>stretch</aspectratio>
				<texture background="true" fallback="FallbackAlbumCover.png">$INFO[Window(home).Property(RandomAlbum.3.Thumb )]</texture>
				<visible>!IsEmpty(Window(home).Property(RandomAlbum.3.Thumb ))</visible>
			</control>
			<control type="image">
				<posx>150</posx>
				<posy>450</posy>
				<width>150</width>
				<height>150</height>
				<aspectratio>stretch</aspectratio>
				<texture background="true" fallback="FallbackAlbumCover.png">$INFO[Window(home).Property(LatestAlbum.7.Thumb)]</texture>
				<visible>IsEmpty(Window(home).Property(RandomAlbum.3.Thumb ))</visible>
			</control>
			<control type="image">
				<posx>300</posx>
				<posy>450</posy>
				<width>150</width>
				<height>150</height>
				<aspectratio>stretch</aspectratio>
				<texture background="true" fallback="FallbackAlbumCover.png">$INFO[Window(home).Property(RandomAlbum.12.Thumb )]</texture>
				<visible>!IsEmpty(Window(home).Property(RandomAlbum.12.Thumb ))</visible>
			</control>
			<control type="image">
				<posx>300</posx>
				<posy>450</posy>
				<width>150</width>
				<height>150</height>
				<aspectratio>stretch</aspectratio>
				<texture background="true" fallback="FallbackAlbumCover.png">$INFO[Window(home).Property(LatestAlbum.1.Thumb)]</texture>
				<visible>IsEmpty(Window(home).Property(RandomAlbum.12.Thumb ))</visible>
			</control>
			<control type="image">
				<posx>450</posx>
				<posy>450</posy>
				<width>150</width>
				<height>150</height>
				<aspectratio>stretch</aspectratio>
				<texture background="true" fallback="FallbackAlbumCover.png">$INFO[Window(home).Property(RandomAlbum.2.Thumb )]</texture>
				<visible>!IsEmpty(Window(home).Property(RandomAlbum.2.Thumb ))</visible>
			</control>
			<control type="image">
				<posx>450</posx>
				<posy>450</posy>
				<width>150</width>
				<height>150</height>
				<aspectratio>stretch</aspectratio>
				<texture background="true" fallback="FallbackAlbumCover.png">$INFO[Window(home).Property(LatestAlbum.6.Thumb)]</texture>
				<visible>IsEmpty(Window(home).Property(RandomAlbum.2.Thumb ))</visible>
			</control>
			<control type="image">
				<posx>600</posx>
				<posy>450</posy>
				<width>150</width>
				<height>150</height>
				<aspectratio>stretch</aspectratio>
				<texture background="true" fallback="FallbackAlbumCover.png">$INFO[Window(home).Property(RandomAlbum.1.Thumb )]</texture>
				<visible>!IsEmpty(Window(home).Property(RandomAlbum.1.Thumb ))</visible>
			</control>
			<control type="image">
				<posx>600</posx>
				<posy>450</posy>
				<width>150</width>
				<height>150</height>
				<aspectratio>stretch</aspectratio>
				<texture background="true" fallback="FallbackAlbumCover.png">$INFO[Window(home).Property(LatestAlbum.8.Thumb)]</texture>
				<visible>IsEmpty(Window(home).Property(RandomAlbum.1.Thumb ))</visible>
			</control>
			<control type="image">
				<posx>750</posx>
				<posy>450</posy>
				<width>150</width>
				<height>150</height>
				<aspectratio>stretch</aspectratio>
				<texture background="true" fallback="FallbackAlbumCover.png">$INFO[Window(home).Property(RandomAlbum.10.Thumb )]</texture>
				<visible>!IsEmpty(Window(home).Property(RandomAlbum.10.Thumb ))</visible>
			</control>
			<control type="image">
				<posx>750</posx>
				<posy>450</posy>
				<width>150</width>
				<height>150</height>
				<aspectratio>stretch</aspectratio>
				<texture background="true" fallback="FallbackAlbumCover.png">$INFO[Window(home).Property(LatestAlbum.7.Thumb)]</texture>
				<visible>IsEmpty(Window(home).Property(RandomAlbum.10.Thumb ))</visible>
			</control>
			<control type="image">
				<posx>900</posx>
				<posy>450</posy>
				<width>150</width>
				<height>150</height>
				<aspectratio>stretch</aspectratio>
				<texture background="true" fallback="FallbackAlbumCover.png">$INFO[Window(home).Property(RandomAlbum.18.Thumb )]</texture>
				<visible>!IsEmpty(Window(home).Property(RandomAlbum.18.Thumb ))</visible>
			</control>
			<control type="image">
				<posx>900</posx>
				<posy>450</posy>
				<width>150</width>
				<height>150</height>
				<aspectratio>stretch</aspectratio>
				<texture background="true" fallback="FallbackAlbumCover.png">$INFO[Window(home).Property(LatestAlbum.9.Thumb)]</texture>
				<visible>IsEmpty(Window(home).Property(RandomAlbum.18.Thumb ))</visible>
			</control>
			<control type="image">
				<posx>1050</posx>
				<posy>450</posy>
				<width>150</width>
				<height>150</height>
				<aspectratio>stretch</aspectratio>
				<texture background="true" fallback="FallbackAlbumCover.png">$INFO[Window(home).Property(RandomAlbum.6.Thumb )]</texture>
				<visible>!IsEmpty(Window(home).Property(RandomAlbum.6.Thumb ))</visible>
			</control>
			<control type="image">
				<posx>1050</posx>
				<posy>450</posy>
				<width>150</width>
				<height>150</height>
				<aspectratio>stretch</aspectratio>
				<texture background="true" fallback="FallbackAlbumCover.png">$INFO[Window(home).Property(LatestAlbum.2.Thumb)]</texture>
				<visible>IsEmpty(Window(home).Property(RandomAlbum.6.Thumb ))</visible>
			</control>
			<control type="image">
				<posx>1200</posx>
				<posy>450</posy>
				<width>150</width>
				<height>150</height>
				<aspectratio>stretch</aspectratio>
				<texture background="true" fallback="FallbackAlbumCover.png">$INFO[Window(home).Property(RandomAlbum.19.Thumb )]</texture>
				<visible>!IsEmpty(Window(home).Property(RandomAlbum.19.Thumb ))</visible>
			</control>
			<control type="image">
				<posx>1200</posx>
				<posy>450</posy>
				<width>150</width>
				<height>150</height>
				<aspectratio>stretch</aspectratio>
				<texture background="true" fallback="FallbackAlbumCover.png">$INFO[Window(home).Property(LatestAlbum.10.Thumb)]</texture>
				<visible>IsEmpty(Window(home).Property(RandomAlbum.19.Thumb ))</visible>
			</control>
			<control type="image">
				<posx>0</posx>
				<posy>600</posy>
				<width>150</width>
				<height>150</height>
				<aspectratio>stretch</aspectratio>
				<texture background="true" fallback="FallbackAlbumCover.png">$INFO[Window(home).Property(RandomAlbum.14.Thumb )]</texture>
				<visible>!IsEmpty(Window(home).Property(RandomAlbum.14.Thumb ))</visible>
			</control>
			<control type="image">
				<posx>0</posx>
				<posy>600</posy>
				<width>150</width>
				<height>150</height>
				<aspectratio>stretch</aspectratio>
				<texture background="true" fallback="FallbackAlbumCover.png">$INFO[Window(home).Property(LatestAlbum.3.Thumb)]</texture>
				<visible>IsEmpty(Window(home).Property(RandomAlbum.14.Thumb ))</visible>
			</control>
			<control type="image">
				<posx>150</posx>
				<posy>600</posy>
				<width>150</width>
				<height>150</height>
				<aspectratio>stretch</aspectratio>
				<texture background="true" fallback="FallbackAlbumCover.png">$INFO[Window(home).Property(RandomAlbum.15.Thumb )]</texture>
				<visible>!IsEmpty(Window(home).Property(RandomAlbum.15.Thumb ))</visible>
			</control>
			<control type="image">
				<posx>150</posx>
				<posy>600</posy>
				<width>150</width>
				<height>150</height>
				<aspectratio>stretch</aspectratio>
				<texture background="true" fallback="FallbackAlbumCover.png">$INFO[Window(home).Property(LatestAlbum.5.Thumb)]</texture>
				<visible>IsEmpty(Window(home).Property(RandomAlbum.15.Thumb ))</visible>
			</control>
			<control type="image">
				<posx>300</posx>
				<posy>600</posy>
				<width>150</width>
				<height>150</height>
				<aspectratio>stretch</aspectratio>
				<texture background="true" fallback="FallbackAlbumCover.png">$INFO[Window(home).Property(RandomAlbum.8.Thumb )]</texture>
				<visible>!IsEmpty(Window(home).Property(RandomAlbum.8.Thumb ))</visible>
			</control>
			<control type="image">
				<posx>300</posx>
				<posy>600</posy>
				<width>150</width>
				<height>150</height>
				<aspectratio>stretch</aspectratio>
				<texture background="true" fallback="FallbackAlbumCover.png">$INFO[Window(home).Property(LatestAlbum.8.Thumb)]</texture>
				<visible>IsEmpty(Window(home).Property(RandomAlbum.8.Thumb ))</visible>
			</control>
			<control type="image">
				<posx>450</posx>
				<posy>600</posy>
				<width>150</width>
				<height>150</height>
				<aspectratio>stretch</aspectratio>
				<texture background="true" fallback="FallbackAlbumCover.png">$INFO[Window(home).Property(RandomAlbum.4.Thumb )]</texture>
				<visible>!IsEmpty(Window(home).Property(RandomAlbum.4.Thumb ))</visible>
			</control>
			<control type="image">
				<posx>450</posx>
				<posy>600</posy>
				<width>150</width>
				<height>150</height>
				<aspectratio>stretch</aspectratio>
				<texture background="true" fallback="FallbackAlbumCover.png">$INFO[Window(home).Property(LatestAlbum.1.Thumb)]</texture>
				<visible>IsEmpty(Window(home).Property(RandomAlbum.4.Thumb ))</visible>
			</control>
			<control type="image">
				<posx>600</posx>
				<posy>600</posy>
				<width>150</width>
				<height>150</height>
				<aspectratio>stretch</aspectratio>
				<texture background="true" fallback="FallbackAlbumCover.png">$INFO[Window(home).Property(RandomAlbum.6.Thumb )]</texture>
				<visible>!IsEmpty(Window(home).Property(RandomAlbum.6.Thumb ))</visible>
			</control>
			<control type="image">
				<posx>600</posx>
				<posy>600</posy>
				<width>150</width>
				<height>150</height>
				<aspectratio>stretch</aspectratio>
				<texture background="true" fallback="FallbackAlbumCover.png">$INFO[Window(home).Property(LatestAlbum.4.Thumb)]</texture>
				<visible>IsEmpty(Window(home).Property(RandomAlbum.6.Thumb ))</visible>
			</control>
			<control type="image">
				<posx>750</posx>
				<posy>600</posy>
				<width>150</width>
				<height>150</height>
				<aspectratio>stretch</aspectratio>
				<texture background="true" fallback="FallbackAlbumCover.png">$INFO[Window(home).Property(RandomAlbum.3.Thumb )]</texture>
				<visible>!IsEmpty(Window(home).Property(RandomAlbum.3.Thumb ))</visible>
			</control>
			<control type="image">
				<posx>750</posx>
				<posy>600</posy>
				<width>150</width>
				<height>150</height>
				<aspectratio>stretch</aspectratio>
				<texture background="true" fallback="FallbackAlbumCover.png">$INFO[Window(home).Property(LatestAlbum.5.Thumb)]</texture>
				<visible>IsEmpty(Window(home).Property(RandomAlbum.3.Thumb ))</visible>
			</control>
			<control type="image">
				<posx>900</posx>
				<posy>600</posy>
				<width>150</width>
				<height>150</height>
				<aspectratio>stretch</aspectratio>
				<texture background="true" fallback="FallbackAlbumCover.png">$INFO[Window(home).Property(RandomAlbum.1.Thumb )]</texture>
				<visible>!IsEmpty(Window(home).Property(RandomAlbum.1.Thumb ))</visible>
			</control>
			<control type="image">
				<posx>900</posx>
				<posy>600</posy>
				<width>150</width>
				<height>150</height>
				<aspectratio>stretch</aspectratio>
				<texture background="true" fallback="FallbackAlbumCover.png">$INFO[Window(home).Property(LatestAlbum.7.Thumb)]</texture>
				<visible>IsEmpty(Window(home).Property(RandomAlbum.1.Thumb ))</visible>
			</control>
			<control type="image">
				<posx>1050</posx>
				<posy>600</posy>
				<width>150</width>
				<height>150</height>
				<aspectratio>stretch</aspectratio>
				<texture background="true" fallback="FallbackAlbumCover.png">$INFO[Window(home).Property(RandomAlbum.10.Thumb )]</texture>
				<visible>!IsEmpty(Window(home).Property(RandomAlbum.10.Thumb ))</visible>
			</control>
			<control type="image">
				<posx>1050</posx>
				<posy>600</posy>
				<width>150</width>
				<height>150</height>
				<aspectratio>stretch</aspectratio>
				<texture background="true" fallback="FallbackAlbumCover.png">$INFO[Window(home).Property(LatestAlbum.10.Thumb)]</texture>
				<visible>IsEmpty(Window(home).Property(RandomAlbum.10.Thumb ))</visible>
			</control>
			<control type="image">
				<posx>1200</posx>
				<posy>600</posy>
				<width>150</width>
				<height>150</height>
				<aspectratio>stretch</aspectratio>
				<texture background="true" fallback="FallbackAlbumCover.png">$INFO[Window(home).Property(RandomAlbum.16.Thumb )]</texture>
				<visible>!IsEmpty(Window(home).Property(RandomAlbum.16.Thumb ))</visible>
			</control>
			<control type="image">
				<posx>1200</posx>
				<posy>600</posy>
				<width>150</width>
				<height>150</height>
				<aspectratio>stretch</aspectratio>
				<texture background="true" fallback="FallbackAlbumCover.png">$INFO[Window(home).Property(LatestAlbum.9.Thumb)]</texture>
				<visible>IsEmpty(Window(home).Property(RandomAlbum.16.Thumb ))</visible>
			</control>
		</control>
		<control type="image">
			<posx>0</posx>
			<posy>0</posy>
			<width>1280</width>
			<height>720</height>
			<texture background="true">cdwall-grid.png</texture>
		</control>
	</include>
</includes>