<?xml version="1.0" encoding="utf-8"?>
<window>
	<defaultcontrol>-</defaultcontrol>
	<controls>
		<control type="group" id="1">
			<visible>IntegerGreaterThan(Player.time,3) + !StringCompare(VideoPlayer.Title,XBMC-Intro-Video.mkv)</visible>
			<visible>[Player.ShowInfo | Window.IsActive(VideoOSD) | Window.IsVisible(infodialog)] | Player.Seeking | Player.DisplayAfterSeek | Player.Paused | Player.Forwarding | Player.Rewinding</visible>
			<visible>![Window.IsVisible(osdvideosettings) | Window.IsVisible(osdaudiosettings) | Window.IsVisible(videobookmarks) | Window.IsVisible(PVROSDChannels) | Window.IsVisible(PVROSDGuide)]</visible>
			<control type="image" id="1">
				<posx>0</posx>
				<posy>-150</posy>
				<width>1280</width>
				<height>256</height>
				<texture flipy="true">HomeNowPlayingBack.png</texture>
				<visible>!Skin.HasSetting(HideSeekBarOSD) | Window.IsActive(VideoOSD) | Player.ShowInfo</visible>
			</control>
			<control type="label" id="1">
				<description>Chapter Count Header label</description>
				<posx>30</posx>
				<posy>5</posy>
				<width>1000</width>
				<height>25</height>
				<align>left</align>
				<aligny>center</aligny>
				<font>font13</font>
				<textcolor>grey</textcolor>
				<shadowcolor>black</shadowcolor>
				<label>$INFO[Player.ChapterName,[B][COLOR=white]$LOCALIZE[21396]: [/COLOR][/B]]</label>
				<animation effect="fade" start="100" end="0" time="200" condition="Window.IsVisible(infodialog)">Conditional</animation>
				<visible>Player.ChapterCount + !VideoPlayer.Content(LiveTV) + [!Skin.HasSetting(HideSeekBarOSD) | Window.IsActive(VideoOSD) ]</visible>
				<visible>!SubString(Player.ChapterName,$LOCALIZE[21396],left)</visible>
			</control>
			<control type="label" id="1">
				<description>Chapter Count Header label</description>
				<posx>30</posx>
				<posy>5</posy>
				<width>1000</width>
				<height>25</height>
				<align>left</align>
				<aligny>center</aligny>
				<font>font13</font>
				<textcolor>white</textcolor>
				<shadowcolor>black</shadowcolor>
				<label>[B]$INFO[Player.ChapterName][/B]</label>
				<animation effect="fade" start="100" end="0" time="200" condition="Window.IsVisible(infodialog)">Conditional</animation>
				<visible>Player.ChapterCount + !VideoPlayer.Content(LiveTV) + [!Skin.HasSetting(HideSeekBarOSD) | Window.IsActive(VideoOSD)]</visible>
				<visible>SubString(Player.ChapterName,$LOCALIZE[21396],left)</visible>
			</control>
			<control type="label" id="1">
				<description>Channel Group label</description>
				<posx>30</posx>
				<posy>5</posy>
				<width>1000</width>
				<height>25</height>
				<align>left</align>
				<aligny>center</aligny>
				<font>font13</font>
				<textcolor>white</textcolor>
				<shadowcolor>black</shadowcolor>
				<animation effect="fade" start="100" end="0" time="200" condition="Window.IsVisible(infodialog)">Conditional</animation>
				<label>$INFO[VideoPlayer.ChannelGroup,$LOCALIZE[31509]: ]</label>
				<visible>VideoPlayer.Content(LiveTV)</visible>
			</control>
			<control type="label" id="1">
				<description>date label</description>
				<posx>15r</posx>
				<posy>5</posy>
				<width>345</width>
				<height>10</height>
				<align>right</align>
				<aligny>center</aligny>
				<font>font10_title</font>
				<textcolor>white</textcolor>
				<shadowcolor>black</shadowcolor>
				<info>System.Date</info>
				<animation effect="slide" start="0,0" end="-40,0" time="100" condition="Window.IsVisible(Mutebug)">conditional</animation>
				<animation effect="slide" start="0,0" end="0,-50" time="100" condition="Window.IsVisible(busydialog)">conditional</animation>
				<animation effect="fade" start="100" end="0" time="200" condition="Window.IsVisible(volumebar)">Conditional</animation>
				<visible>!Skin.HasSetting(HideSeekBarOSD) | Window.IsActive(VideoOSD) | Player.ShowInfo</visible>
				<visible>!Skin.HasSetting(HideSystemClock)</visible>
			</control>
			<control type="label" id="1">
				<description>time label</description>
				<posx>15r</posx>
				<posy>20</posy>
				<width>345</width>
				<height>30</height>
				<align>right</align>
				<aligny>center</aligny>
				<font>font35_title</font>
				<textcolor>white</textcolor>
				<shadowcolor>black</shadowcolor>
				<label>$INFO[System.Time]</label>
				<animation effect="slide" start="0,0" end="-40,0" time="100" condition="Window.IsVisible(Mutebug)">conditional</animation>
				<animation effect="slide" start="0,0" end="0,-50" time="100" condition="Window.IsVisible(busydialog)">conditional</animation>
				<animation effect="fade" start="100" end="0" time="200" condition="Window.IsVisible(volumebar)">Conditional</animation>
				<visible>!Skin.HasSetting(HideSeekBarOSD) | Window.IsActive(VideoOSD) | Player.ShowInfo</visible>
				<visible>!Skin.HasSetting(HideSystemClock)</visible>
			</control>
		</control>
		<control type="group" id="1">
			<visible>IntegerGreaterThan(Player.time,3) + !StringCompare(VideoPlayer.Title,XBMC-Intro-Video.mkv)</visible>
			<visible>[Player.ShowInfo | Window.IsActive(VideoOSD)] | Player.Seeking | Player.DisplayAfterSeek | Player.Paused | Player.Forwarding | Player.Rewinding | [!Skin.HasSetting(HideInfoStartOSD) + !IntegerGreaterThan(Player.time,8)]</visible>
			<visible>![Window.IsVisible(osdvideosettings) | Window.IsVisible(osdaudiosettings) | Window.IsVisible(videobookmarks) | Window.IsVisible(PVROSDChannels) | Window.IsVisible(PVROSDGuide)]</visible>
			<control type="group" id="1">
				<visible>!Skin.HasSetting(HidePauseInfo) + !IsEmpty(VideoPlayer.Plot) + Player.Paused + !Player.Caching</visible>
				<animation effect="slide" end="-300,160" time="100" tween="back" easing="out" condition="!Window.IsActive(VideoOSD) + !Player.ShowInfo + Skin.HasSetting(HideSeekBarOSD)" reversible="true">Conditional</animation>
				<posx>320</posx>
				<posy>395r</posy>
				<control type="image" id="1">
					<posx>0</posx>
					<posy>0</posy>
					<width>920</width>
					<height>200</height>
					<texture border="20">ContentPanel.png</texture>
					<colordiffuse>AAFFFFFF</colordiffuse>
				</control>
				<control type="textbox" id="1">
					<description>Description Value The Movie</description>
					<posx>20</posx>
					<posy>10</posy>
					<width>880</width>
					<height>180</height>
					<align>justify</align>
					<textcolor>white</textcolor>
					<font>font13</font>
					<label>$INFO[VideoPlayer.Plot]</label>
					<autoscroll time="4000" delay="3000" repeat="5000">Skin.HasSetting(AutoScroll)</autoscroll>
				</control>
			</control>
			<control type="image" id="1">
				<posx>0</posx>
				<posy>230r</posy>
				<width>1280</width>
				<height>230</height>
				<texture>HomeNowPlayingBack.png</texture>
				<visible>!Skin.HasSetting(HideSeekBarOSD) | Window.IsActive(VideoOSD) | Player.ShowInfo | [!Skin.HasSetting(HideInfoStartOSD) + !IntegerGreaterThan(Player.time,8)]</visible>
			</control>
			<control type="group" id="1">
				<control type="image" id="1">
					<description>clearart image</description>
					<posx>10</posx>
					<posy>300r</posy>
					<width>300</width>
					<height>230</height>
					<texture>$INFO[Player.Art(clearart)]</texture>
					<aspectratio aligny="bottom">keep</aspectratio>
					<visible>!IsEmpty(Player.Art(clearart)) + !Skin.HasSetting(OSDInfoLogo)</visible>
				</control>
				<control type="image" id="1">
					<description>logo image</description>
					<posx>10</posx>
					<posy>300r</posy>
					<width>300</width>
					<height>230</height>
					<texture>$INFO[Player.Art(clearlogo)]</texture>
					<aspectratio aligny="bottom">keep</aspectratio>
					<visible>!IsEmpty(Player.Art(clearlogo)) + [Skin.HasSetting(OSDInfoLogo) | IsEmpty(Player.Art(clearart))]</visible>
				</control>
				<control type="image" id="1">
					<description>Movie cover image</description>
					<posx>20</posx>
					<posy>390r</posy>
					<width>300</width>
					<height>330</height>
					<texture fallback="DefaultVideoCover.png">$INFO[Player.Art(thumb)]</texture>
					<aspectratio aligny="bottom">keep</aspectratio>
					<bordertexture border="8">ThumbShadow.png</bordertexture>
					<bordersize>8</bordersize>
					<visible>[IsEmpty(Player.Art(clearart)) + IsEmpty(Player.Art(clearlogo)) + !Skin.HasSetting(OSDInfoLogo)] | [IsEmpty(Player.Art(clearlogo)) + Skin.HasSetting(OSDInfoLogo)]</visible>
				</control>
				<visible>VideoPlayer.Content(Movies)</visible>
				<visible>!Skin.HasSetting(HideSeekBarOSD) | Window.IsActive(VideoOSD) | Player.ShowInfo | [!Skin.HasSetting(HideInfoStartOSD) + !IntegerGreaterThan(Player.time,8)]</visible>
			</control>
			<control type="group" id="1">
				<control type="image" id="1">
					<description>clearart image</description>
					<posx>10</posx>
					<posy>300r</posy>
					<width>300</width>
					<height>230</height>
					<texture>$INFO[Player.Art(tvshow.clearart)]</texture>
					<aspectratio aligny="bottom">keep</aspectratio>
					<visible>!IsEmpty(Player.Art(tvshow.clearart)) + !Skin.HasSetting(OSDInfoLogo)</visible>
				</control>
				<control type="image" id="1">
					<description>logo image</description>
					<posx>10</posx>
					<posy>300r</posy>
					<width>300</width>
					<height>230</height>
					<texture>$INFO[Player.Art(tvshow.clearlogo)]</texture>
					<aspectratio aligny="bottom">keep</aspectratio>
					<visible>!IsEmpty(Player.Art(tvshow.clearlogo)) + [Skin.HasSetting(OSDInfoLogo) | IsEmpty(Player.Art(tvshow.clearart))]</visible>
				</control>
				<control type="image" id="1">
					<description>cover image</description>
					<posx>20</posx>
					<posy>300r</posy>
					<width>300</width>
					<height>230</height>
					<texture fallback="DefaultVideoCover.png">$INFO[Player.Art(thumb)]</texture>
					<aspectratio aligny="bottom">keep</aspectratio>
					<bordertexture border="8">ThumbShadow.png</bordertexture>
					<bordersize>8</bordersize>
					<visible>[IsEmpty(Player.Art(tvshow.clearart)) + IsEmpty(Player.Art(tvshow.clearlogo)) + !Skin.HasSetting(OSDInfoLogo)] | [IsEmpty(Player.Art(tvshow.clearlogo)) + Skin.HasSetting(OSDInfoLogo)]</visible>
				</control>
				<visible>VideoPlayer.Content(Episodes)</visible>
				<visible>!Skin.HasSetting(HideSeekBarOSD) | Window.IsActive(VideoOSD) | Player.ShowInfo | [!Skin.HasSetting(HideInfoStartOSD) + !IntegerGreaterThan(Player.time,8)]</visible>
			</control>
			<control type="image" id="1">
				<description>cover image</description>
				<posx>20</posx>
				<posy>300r</posy>
				<width>300</width>
				<height>230</height>
				<texture fallback="DefaultVideoCover.png">$INFO[Player.Art(thumb)]</texture>
				<aspectratio aligny="bottom">keep</aspectratio>
				<bordertexture border="8">ThumbShadow.png</bordertexture>
				<bordersize>8</bordersize>
				<visible>!VideoPlayer.Content(Movies) + !VideoPlayer.Content(Episodes)</visible>
				<visible>!Skin.HasSetting(HideSeekBarOSD) | Window.IsActive(VideoOSD) | Player.ShowInfo | [!Skin.HasSetting(HideInfoStartOSD) + !IntegerGreaterThan(Player.time,8)]</visible>
			</control>
			<control type="group" id="1">
				<visible>!Skin.HasSetting(HideSeekBarOSD) | Window.IsActive(VideoOSD) | Player.ShowInfo | [!Skin.HasSetting(HideInfoStartOSD) + !IntegerGreaterThan(Player.time,8)]</visible>
				<posx>330</posx>
				<posy>190r</posy>
				<control type="label" id="1">
					<description>Heading label</description>
					<posx>0</posx>
					<posy>0</posy>
					<width>910</width>
					<height>25</height>
					<align>left</align>
					<aligny>center</aligny>
					<font>font13</font>
					<label>$LOCALIZE[31040]</label>
					<textcolor>white</textcolor>
					<shadowcolor>black</shadowcolor>
					<visible>![VideoPlayer.Content(LiveTV) + Player.Recording]</visible>
					<animation effect="slide" start="0,0" end="0,25" time="0" condition="!VideoPlayer.Content(Movies) + !VideoPlayer.Content(Episodes) + !VideoPlayer.Content(MusicVideos) + !VideoPlayer.Content(LiveTV)">conditional</animation>
				</control>
				<control type="image" id="1">
					<posy>0</posy>
					<width>50</width>
					<height>25</height>
					<aspectratio align="center" aligny="center">keep</aspectratio>
					<texture>PVR-IsRecording.png</texture>
					<visible>VideoPlayer.Content(LiveTV) + Player.Recording</visible>
				</control>
				<control type="label" id="1">
					<description>Heading label</description>
					<posx>50</posx>
					<posy>0</posy>
					<width>860</width>
					<height>25</height>
					<align>left</align>
					<aligny>center</aligny>
					<font>font13</font>
					<label>$LOCALIZE[19158]</label>
					<textcolor>white</textcolor>
					<shadowcolor>black</shadowcolor>
					<visible>VideoPlayer.Content(LiveTV) + Player.Recording</visible>
				</control>
				<control type="label" id="1">
					<description>Studio label</description>
					<posx>20</posx>
					<posy>30</posy>
					<width>910</width>
					<height>25</height>
					<align>left</align>
					<font>font12</font>
					<label>$INFO[VideoPlayer.Studio]</label>
					<textcolor>grey2</textcolor>
					<shadowcolor>black</shadowcolor>
					<visible>VideoPlayer.Content(Movies)</visible>
				</control>
				<control type="label" id="1">
					<description>TV Show label</description>
					<posx>20</posx>
					<posy>30</posy>
					<width>910</width>
					<height>25</height>
					<align>left</align>
					<font>font12</font>
					<label>$INFO[VideoPlayer.TVShowTitle] ($INFO[VideoPlayer.Season]x$INFO[VideoPlayer.Episode])</label>
					<textcolor>grey2</textcolor>
					<shadowcolor>black</shadowcolor>
					<visible>VideoPlayer.Content(Episodes)</visible>
				</control>
				<control type="label" id="1">
					<description>Music Info label</description>
					<posx>20</posx>
					<posy>30</posy>
					<width>910</width>
					<height>25</height>
					<align>left</align>
					<font>font12</font>
					<label>$INFO[VideoPlayer.Artist] $INFO[VideoPlayer.Album, - ]</label>
					<textcolor>grey2</textcolor>
					<shadowcolor>black</shadowcolor>
					<visible>VideoPlayer.Content(MusicVideos)</visible>
				</control>
				<control type="label" id="1">
					<description>LiveTV Info label</description>
					<posx>20</posx>
					<posy>30</posy>
					<width>910</width>
					<height>25</height>
					<align>left</align>
					<font>font12</font>
					<label>$INFO[VideoPlayer.ChannelName]$INFO[VideoPlayer.ChannelNumber, - ([COLOR=blue],[/COLOR])]</label>
					<textcolor>grey2</textcolor>
					<shadowcolor>black</shadowcolor>
					<visible>VideoPlayer.Content(LiveTV)</visible>
				</control>
				<control type="grouplist" id="1">
					<posx>20</posx>
					<posy>60</posy>
					<width>910</width>
					<height>35</height>
					<itemgap>5</itemgap>
					<orientation>horizontal</orientation>
					<control type="label" id="1">
						<width min="10" max="710">auto</width>
						<height>30</height>
						<font>font30</font>
						<align>left</align>
						<aligny>center</aligny>
						<label>$VAR[VideoNowPlaying]</label>
						<textcolor>orange</textcolor>
						<scroll>true</scroll>
					</control>
					<control type="image" id="1">
						<description>Video Resolution Image</description>
						<width>50</width>
						<height>35</height>
						<aspectratio align="center">keep</aspectratio>
						<texture>$INFO[VideoPlayer.VideoResolution,flagging/video/,.png]</texture>
					</control>
					<control type="image" id="1">
						<description>Audio Codec Image</description>
						<width>85</width>
						<height>35</height>
						<aspectratio align="center">keep</aspectratio>
						<texture>$INFO[VideoPlayer.AudioCodec,flagging/audio/,.png]</texture>
					</control>
					<control type="image" id="1">
						<description>Audio Channels Image</description>
						<width>50</width>
						<height>35</height>
						<aspectratio align="center">keep</aspectratio>
						<texture>$INFO[VideoPlayer.AudioChannels,flagging/audio/,.png]</texture>
					</control>
				</control>
				<control type="label" id="1">
					<posx>0</posx>
					<posy>120</posy>
					<width>910</width>
					<height>25</height>
					<label>$LOCALIZE[31049] $INFO[Player.FinishTime]</label>
					<align>center</align>
					<aligny>center</aligny>
					<font>font12</font>
					<textcolor>grey</textcolor>
					<scroll>true</scroll>
					<visible>!Window.IsVisible(VideoOSD) + !VideoPlayer.Content(LiveTV)</visible>
					<animation effect="fade" time="200">VisibleChange</animation>
				</control>
				<control type="label" id="1">
					<posx>0</posx>
					<posy>120</posy>
					<width>910</width>
					<height>25</height>
					<label>$INFO[VideoPlayer.NextTitle,$LOCALIZE[209]: ]</label>
					<align>center</align>
					<aligny>center</aligny>
					<font>font12</font>
					<textcolor>grey</textcolor>
					<scroll>true</scroll>
					<visible>!Window.IsVisible(VideoOSD) + VideoPlayer.Content(LiveTV)</visible>
					<animation effect="fade" time="200">VisibleChange</animation>
				</control>
			</control>
			<control type="group" id="1">
				<posx>330</posx>
				<posy>100r</posy>
				<visible>!Skin.HasSetting(HideSeekBarOSD) | Window.IsActive(VideoOSD) | Player.ShowInfo | [!Skin.HasSetting(HideInfoStartOSD) + !IntegerGreaterThan(Player.time,8)]</visible>
				<visible>!VideoPlayer.Content(LiveTV) | [VideoPlayer.Content(LiveTV) + VideoPlayer.HasEpg]</visible>
				<control type="label" id="1">
					<visible>!VideoPlayer.Content(LiveTV)</visible>
					<posx>0</posx>
					<posy>0</posy>
					<width>100</width>
					<height>40</height>
					<font>font13</font>
					<align>left</align>
					<aligny>center</aligny>
					<label>$INFO[Player.Time(hh:mm:ss)]</label>
				</control>
				<control type="label" id="1">
					<visible>VideoPlayer.Content(LiveTV)</visible>
					<posx>0</posx>
					<posy>0</posy>
					<width>100</width>
					<height>40</height>
					<font>font13</font>
					<align>left</align>
					<aligny>center</aligny>
					<label>$INFO[Player.StartTime(hh:mm)]</label>
				</control>
				<control type="progress" id="1">
					<description>ProgressbarCache</description>
					<posx>100</posx>
					<posy>15</posy>
					<width>720</width>
					<height>16</height>
					<info>Player.ProgressCache</info>
					<midtexture border="6,0,6,0">OSDProgressMidLight.png</midtexture>
				</control>
				<control type="progress" id="1">
					<description>Progressbar</description>
					<posx>100</posx>
					<posy>15</posy>
					<width>720</width>
					<height>16</height>
					<info>Player.Progress</info>
				</control>
				<control type="label" id="1">
					<visible>!VideoPlayer.Content(LiveTV)</visible>
					<posx>920</posx>
					<posy>0</posy>
					<width>100</width>
					<height>40</height>
					<font>font13</font>
					<align>right</align>
					<aligny>center</aligny>
					<label>$INFO[Player.Duration(hh:mm:ss)]</label>
				</control>
				<control type="label" id="1">
					<visible>VideoPlayer.Content(LiveTV)</visible>
					<posx>920</posx>
					<posy>0</posy>
					<width>100</width>
					<height>40</height>
					<font>font13</font>
					<align>right</align>
					<aligny>center</aligny>
					<label>$INFO[Player.FinishTime(hh:mm)]</label>
				</control>
			</control>
		</control>
		<control type="group" id="0">
			<left>0</left>
			<top>10</top>
			<animation effect="fade" time="200">VisibleChange</animation>
			<control type="image">
				<description>media info background image</description>
				<left>0</left>
				<top>0</top>
				<width>1280</width>
				<height>150</height>
				<texture>black-back.png</texture>
			</control>
			<control type="label" id="10">
				<description>row 1 label</description>
				<left>50</left>
				<top>10</top>
				<width>1180</width>
				<height>30</height>
				<align>left</align>
				<aligny>center</aligny>
				<font>font12</font>
				<label>-</label>
			</control>
			<control type="label" id="11">
				<description>row 2 label</description>
				<left>50</left>
				<top>55</top>
				<width>1180</width>
				<height>30</height>
				<align>left</align>
				<aligny>center</aligny>
				<font>font12</font>
				<label>-</label>
			</control>
			<control type="label" id="12">
				<description>row 3 label</description>
				<left>50</left>
				<top>100</top>
				<width>1180</width>
				<height>30</height>
				<align>left</align>
				<aligny>center</aligny>
				<font>font12</font>
				<label>-</label>
			</control>
		</control>
		<control type="selectbutton" id="503">
			<posx>440</posx>
			<posy>100</posy>
			<width>400</width>
			<height>100</height>
			<font>font13caps</font>
			<description>TV Channel Group Select Button</description>
			<texturebg border="20">OverlayDialogBackground.png</texturebg>
			<onleft>503</onleft>
			<onright>503</onright>
			<onup>500</onup>
			<ondown>500</ondown>
			<include>VisibleFadeEffect</include>
		</control>
		<control type="group">
			<visible>Player.ShowCodec + VideoPlayer.Content(LiveTV) + system.getbool(pvrplayback.signalquality)</visible>
			<posy>165</posy>
			<control type="image">
				<description>media info background image</description>
				<posx>0</posx>
				<posy>0</posy>
				<width>1280</width>
				<height>220</height>
				<texture>black-back.png</texture>
			</control>
			<control type="label">
				<description>Header</description>
				<posx>50</posx>
				<posy>5</posy>
				<width>1200</width>
				<height>25</height>
				<label>$LOCALIZE[19005]</label>
				<align>left</align>
				<aligny>center</aligny>
				<font>font13_title</font>
				<textcolor>blue</textcolor>
			</control>
			<control type="label">
				<description>Backend</description>
				<posx>50</posx>
				<posy>40</posy>
				<width>165</width>
				<height>25</height>
				<label>$LOCALIZE[19012]:</label>
				<align>left</align>
				<aligny>center</aligny>
				<font>font12</font>
				<textcolor>grey2</textcolor>
			</control>
			<control type="label">
				<description>Backend value</description>
				<posx>220</posx>
				<posy>40</posy>
				<width>1000</width>
				<height>25</height>
				<label>$INFO[PVR.ActStreamClient]</label>
				<align>left</align>
				<aligny>center</aligny>
				<font>font12</font>
				<textcolor>white</textcolor>
			</control>
			<control type="label">
				<description>Device</description>
				<posx>50</posx>
				<posy>65</posy>
				<width>165</width>
				<height>25</height>
				<label>$LOCALIZE[19006]:</label>
				<align>left</align>
				<aligny>center</aligny>
				<font>font12</font>
				<textcolor>grey2</textcolor>
			</control>
			<control type="label">
				<description>Device value</description>
				<posx>220</posx>
				<posy>65</posy>
				<width>1000</width>
				<height>25</height>
				<label>$INFO[PVR.ActStreamDevice]</label>
				<align>left</align>
				<aligny>center</aligny>
				<font>font12</font>
				<textcolor>white</textcolor>
			</control>
			<control type="label">
				<description>Status</description>
				<posx>50</posx>
				<posy>90</posy>
				<width>165</width>
				<height>25</height>
				<label>$LOCALIZE[19007]:</label>
				<align>left</align>
				<aligny>center</aligny>
				<font>font12</font>
				<textcolor>grey2</textcolor>
			</control>
			<control type="label">
				<description>Status value</description>
				<posx>220</posx>
				<posy>90</posy>
				<width>1000</width>
				<height>25</height>
				<label>$INFO[PVR.ActStreamStatus]</label>
				<align>left</align>
				<aligny>center</aligny>
				<font>font12</font>
				<textcolor>white</textcolor>
			</control>
			<control type="label">
				<description>Signal</description>
				<posx>50</posx>
				<posy>115</posy>
				<width>165</width>
				<height>25</height>
				<label>$LOCALIZE[19008]:</label>
				<align>left</align>
				<aligny>center</aligny>
				<font>font12</font>
				<textcolor>grey2</textcolor>
			</control>
			<control type="progress">
				<description>Progressbar</description>
				<posx>220</posx>
				<posy>122</posy>
				<width>910</width>
				<height>14</height>
				<info>PVR.ActStreamProgrSignal</info>
			</control>
			<control type="label">
				<description>Signal value</description>
				<posx>1200</posx>
				<posy>115</posy>
				<width>180</width>
				<height>25</height>
				<label>$INFO[PVR.ActStreamSignal]</label>
				<align>left</align>
				<aligny>center</aligny>
				<font>font12</font>
				<textcolor>white</textcolor>
			</control>
			<control type="label">
				<description>SNR</description>
				<posx>50</posx>
				<posy>140</posy>
				<width>165</width>
				<height>25</height>
				<label>$LOCALIZE[19009]:</label>
				<align>left</align>
				<aligny>center</aligny>
				<font>font12</font>
				<textcolor>grey2</textcolor>
			</control>
			<control type="progress">
				<description>Progressbar</description>
				<posx>220</posx>
				<posy>147</posy>
				<width>910</width>
				<height>14</height>
				<overlaytexture>-</overlaytexture>
				<info>PVR.ActStreamProgrSNR</info>
			</control>
			<control type="label">
				<description>SNR value</description>
				<posx>1200</posx>
				<posy>140</posy>
				<width>180</width>
				<height>25</height>
				<label>$INFO[PVR.ActStreamSNR]</label>
				<align>left</align>
				<aligny>center</aligny>
				<font>font12</font>
				<textcolor>white</textcolor>
			</control>
			<control type="label">
				<description>BER</description>
				<posx>50</posx>
				<posy>165</posy>
				<width>165</width>
				<height>25</height>
				<label>$LOCALIZE[19010]:</label>
				<align>left</align>
				<aligny>center</aligny>
				<font>font12</font>
				<textcolor>grey2</textcolor>
			</control>
			<control type="label">
				<description>BER value</description>
				<posx>220</posx>
				<posy>165</posy>
				<width>1000</width>
				<height>25</height>
				<label>$INFO[PVR.ActStreamBER]</label>
				<align>left</align>
				<aligny>center</aligny>
				<font>font12</font>
				<textcolor>white</textcolor>
			</control>
			<control type="label">
				<description>UNC</description>
				<posx>430</posx>
				<posy>165</posy>
				<width>165</width>
				<height>25</height>
				<label>$LOCALIZE[19011]:</label>
				<align>left</align>
				<aligny>center</aligny>
				<font>font12</font>
				<textcolor>grey2</textcolor>
			</control>
			<control type="label">
				<description>UNC value</description>
				<posx>600</posx>
				<posy>165</posy>
				<width>1000</width>
				<height>25</height>
				<label>$INFO[PVR.ActStreamUNC]</label>
				<align>left</align>
				<aligny>center</aligny>
				<font>font12</font>
				<textcolor>white</textcolor>
			</control>
			<control type="label">
				<description>Encryption</description>
				<posx>50</posx>
				<posy>190</posy>
				<width>165</width>
				<height>25</height>
				<label>$LOCALIZE[19015]:</label>
				<align>left</align>
				<aligny>center</aligny>
				<font>font12</font>
				<textcolor>grey2</textcolor>
			</control>
			<control type="label">
				<description>Encryption value</description>
				<posx>220</posx>
				<posy>190</posy>
				<width>1000</width>
				<height>25</height>
				<label>$INFO[PVR.ActStreamEncryptionName]</label>
				<align>left</align>
				<aligny>center</aligny>
				<font>font12</font>
				<textcolor>white</textcolor>
			</control>
		</control>
	</controls>
</window>