<?xml version="1.0" encoding="UTF-8"?>
<addon
  id="skin.convergence"
  version="2.0.1"
  name="Convergence"
  provider-name="Mudislander">
  <requires>
    <import addon="xbmc.gui" version="5.0.0"/>
	<import addon="script.favourites" version="5.0.2"/>
	<import addon="service.skin.widgets" version="0.0.27"/>
	<import addon="script.randomandlastitems" version="2.2.0"/>
  </requires>
  <extension
    point="xbmc.gui.skin"
    defaultthemename="textures.xbt"
    debugging="false"
    effectslowdown="0.75">
    <res width="1280" height="720" aspect="16:9" default="true" folder="720p" />
  </extension>
  <extension point="xbmc.addon.metadata">
    <summary lang="en">Convergence a customizable vertical skin</summary>
    <description lang="en">Convergence is a customizable skin incorporating many of the now popular tweaks, addons and scripts.</description>
    <disclaimer lang="en">You break it - You get to keep the pieces</disclaimer>
    <platform>all</platform>
  </extension>
</addon>
