<?xml version="1.0" encoding="utf-8"?>
<includes>
	<include name="HomeVerticalMainMenu">
		<control type="fixedlist" id="9000">
			<description>Home Wraplist</description>
			<hitrect x="50" y="50" w="330" h="620" />
			<left>-20</left>
			<top>0</top>
			<width>400</width>
			<height>720</height>
			<onup>9000</onup>
			<ondown>9000</ondown>
			<onleft>10</onleft>
			<onright>SetProperty(SideBladeOpen,True,Home)</onright>
			<onright>9001</onright>
			<pagecontrol>-</pagecontrol>
			<scrolltime>300</scrolltime>
			<focusposition>3</focusposition>
			<movement>2</movement>
			<animation effect="fade" start="0" end="100" time="200">Visible</animation>
			<animation effect="fade" start="100" end="30" time="200" condition="!IsEmpty(Window(Home).Property(SideBladeOpen))">conditional</animation>
			<itemlayout height="102" width="380">
				<control type="label">
					<left>0</left>
					<top>0</top>
					<width>380</width>
					<height>102</height>
					<font>font_MainMenu</font>
					<textcolor>MenuNoFocus</textcolor>
					<align>right</align>
					<aligny>center</aligny>
					<label>$INFO[ListItem.Label]</label>
					<animation effect="zoom" start="75" end="75" center="380,51" time="0" condition="true">Conditional</animation>
					<animation effect="fade" start="100" end="30" time="200" condition="!IsEmpty(Window(Home).Property(SideBladeOpen))">conditional</animation>
				</control>
			</itemlayout>
			<focusedlayout height="102" width="380">
				<include>HomeHasSub</include>
				<control type="label">
					<left>0</left>
					<top>0</top>
					<width>380</width>
					<height>102</height>
					<font>font_MainMenu</font>
					<textcolor>MenuFocus</textcolor>
					<align>right</align>
					<aligny>center</aligny>
					<animation effect="zoom" start="75" end="100" center="380,51" time="200">Focus</animation>
					<animation effect="zoom" start="100" end="75" center="380,51" time="200">UnFocus</animation>
					<label>$INFO[ListItem.Label]</label>
				</control>
			</focusedlayout>
			<include>HomeMainMenuContent</include>
			<visible>!Skin.HasSetting(HorizontalHomeScreen)</visible>
		</control>
	</include>
	<include name="HorizontalWrapMenu">
		<control type="wraplist" id="9000">
			<include>HomeMainMenuSys</include>
			<include>HomeMainMenuContent</include>
			<visible>Skin.HasSetting(WrapAroundHomeMenu)</visible>
			<visible>Skin.HasSetting(HorizontalHomeScreen)</visible>
		</control>
	</include>
	<include name="HorizontalFixedMenu">
		<control type="fixedlist" id="9000">
			<include>HomeMainMenuSys</include>
			<include>HomeMainMenuContent</include>
			<visible>!Skin.HasSetting(WrapAroundHomeMenu)</visible>
			<visible>Skin.HasSetting(HorizontalHomeScreen)</visible>
		</control>
	</include>
	<include name="HomeMainMenuSys">
		<left>-110</left>
		<top>5</top>
		<width>1500</width>
		<height>60</height>
		<onleft condition="!Skin.HasSetting(FixedEndingMenu)">9000</onleft>
		<onright condition="!Skin.HasSetting(FixedEndingMenu)">9000</onright>
		<onleft condition="Skin.HasSetting(FixedEndingMenu)">noop</onleft>
		<onright condition="Skin.HasSetting(FixedEndingMenu)">noop</onright>
		<onup>9003</onup>
		<ondown>9001</ondown>
		<pagecontrol>-</pagecontrol>
		<scrolltime>300</scrolltime>
		<focusposition>2</focusposition>
		<movement>1</movement>
		<orientation>Horizontal</orientation>
		<itemlayout height="60" width="300">
			<include>HomeSeperator</include>
			<control type="label">
				<left>5</left>
				<top>0</top>
				<width>290</width>
				<height>60</height>
				<font>font_HorzMainMenu</font>
				<textcolor>MenuNoFocus</textcolor>
				<align>center</align>
				<aligny>center</aligny>
				<label>$INFO[ListItem.Label]</label>
			</control>
		</itemlayout>
		<focusedlayout height="60" width="300">
			<include>HomeSeperator</include>
			<include>HomeHasSub</include>
			<control type="label">
				<left>5</left>
				<top>0</top>
				<width>290</width>
				<height>60</height>
				<font>font_HorzMainMenu</font>
				<textcolor>MenuNoFocus</textcolor>
				<align>center</align>
				<aligny>center</aligny>
				<label>$INFO[ListItem.Label]</label>
				<visible>!Control.HasFocus(9000)</visible>
			</control>
			<control type="label">
				<left>5</left>
				<top>0</top>
				<width>290</width>
				<height>60</height>
				<font>font_HorzMainMenu</font>
				<textcolor>MenuFocus</textcolor>
				<align>center</align>
				<aligny>center</aligny>
				<label>$INFO[ListItem.Label]</label>
				<visible>Control.HasFocus(9000)</visible>
			</control>
		</focusedlayout>
		<visible>Skin.HasSetting(HorizontalHomeScreen)</visible>
	</include>
	<include name="HomeMainMenuContent">
		<content>
			<item id="1">
				<description>Home Menu Item One</description>
				<label>$INFO[Skin.String(HomeMenu.1.Label)]</label>
				<onclick>SetProperty(MenuItemActive,ItemOne,Home)</onclick>
				<onclick>SetProperty(MenuItemSelected,$INFO[Skin.String(HomeMenu.1.Type)],Home)</onclick>
				<onclick>SetProperty(MenuBackground,$INFO[Skin.String(HomeMenu.1.Display)],Home)</onclick>
				<onclick>$VAR[HomeMenuOnePath]</onclick>
				<icon>$INFO[Skin.CurrentTheme,special://skin/backgrounds/,.jpg]</icon>
				<thumb>$INFO[Skin.String(HomeMenu.1.Fanart)]</thumb>
				<property name="SubMenu">$INFO[Skin.String(HomeMenu.1.Sub)]</property>
				<property name="HiLiteItem">$INFO[Skin.String(HomeMenu.1.Type)]</property>
				<property name="AddOnSet">$INFO[Skin.String(HomeMenu.1.Addon)]</property>
				<property name="WidgetSet">$INFO[Skin.String(HomeMenu.1.Widget)]</property>
				<property name="PlayListType">$INFO[Window(Home).Property(HomePlaylistOne.Type)]</property>
				<property name="Background">$INFO[Skin.String(HomeMenu.1.Display)]</property>
				<visible>!stringcompare(Skin.String(HomeMenu.1.Path),Hidden)</visible>
			</item>
			<item id="2">
				<description>Home Menu Item Two</description>
				<label>$INFO[Skin.String(HomeMenu.2.Label)]</label>
				<onclick>SetProperty(MenuItemActive,ItemTwo,Home)</onclick>
				<onclick>SetProperty(MenuItemSelected,$INFO[Skin.String(HomeMenu.2.Type)],Home)</onclick>
				<onclick>SetProperty(MenuBackground,$INFO[Skin.String(HomeMenu.2.Display)],Home)</onclick>
				<onclick>$VAR[HomeMenuTwoPath]</onclick>
				<icon>$INFO[Skin.CurrentTheme,special://skin/backgrounds/,.jpg]</icon>
				<thumb>$INFO[Skin.String(HomeMenu.2.Fanart)]</thumb>
				<property name="SubMenu">$INFO[Skin.String(HomeMenu.2.Sub)]</property>
				<property name="HiLiteItem">$INFO[Skin.String(HomeMenu.2.Type)]</property>
				<property name="AddOnSet">$INFO[Skin.String(HomeMenu.2.Addon)]</property>
				<property name="WidgetSet">$INFO[Skin.String(HomeMenu.2.Widget)]</property>
				<property name="PlayListType">$INFO[Window(Home).Property(HomePlaylistTwo.Type)]</property>
				<property name="Background">$INFO[Skin.String(HomeMenu.2.Display)]</property>
				<visible>!stringcompare(Skin.String(HomeMenu.2.Path),Hidden)</visible>
			</item>
			<item id="3">
				<description>Home Menu Item Three</description>
				<label>$INFO[Skin.String(HomeMenu.3.Label)]</label>
				<onclick>SetProperty(MenuItemActive,ItemThree,Home)</onclick>
				<onclick>SetProperty(MenuItemSelected,$INFO[Skin.String(HomeMenu.3.Type)],Home)</onclick>
				<onclick>SetProperty(MenuBackground,$INFO[Skin.String(HomeMenu.3.Display)],Home)</onclick>
				<onclick>$VAR[HomeMenuThreePath]</onclick>
				<icon>$INFO[Skin.CurrentTheme,special://skin/backgrounds/,.jpg]</icon>
				<thumb>$INFO[Skin.String(HomeMenu.3.Fanart)]</thumb>
				<property name="SubMenu">$INFO[Skin.String(HomeMenu.3.Sub)]</property>
				<property name="HiLiteItem">$INFO[Skin.String(HomeMenu.3.Type)]</property>
				<property name="AddOnSet">$INFO[Skin.String(HomeMenu.3.Addon)]</property>
				<property name="WidgetSet">$INFO[Skin.String(HomeMenu.3.Widget)]</property>
				<property name="PlayListType">$INFO[Window(Home).Property(HomePlaylistThree.Type)]</property>
				<property name="Background">$INFO[Skin.String(HomeMenu.3.Display)]</property>
				<visible>!stringcompare(Skin.String(HomeMenu.3.Path),Hidden)</visible>
			</item>
			<item id="4">
				<description>Home Menu Item Four</description>
				<label>$INFO[Skin.String(HomeMenu.4.Label)]</label>
				<onclick>SetProperty(MenuItemActive,ItemFour,Home)</onclick>
				<onclick>SetProperty(MenuItemSelected,$INFO[Skin.String(HomeMenu.4.Type)],Home)</onclick>
				<onclick>SetProperty(MenuBackground,$INFO[Skin.String(HomeMenu.4.Display)],Home)</onclick>
				<onclick>$VAR[HomeMenuFourPath]</onclick>
				<icon>$INFO[Skin.CurrentTheme,special://skin/backgrounds/,.jpg]</icon>
				<thumb>$INFO[Skin.String(HomeMenu.4.Fanart)]</thumb>
				<property name="SubMenu">$INFO[Skin.String(HomeMenu.4.Sub)]</property>
				<property name="HiLiteItem">$INFO[Skin.String(HomeMenu.4.Type)]</property>
				<property name="AddOnSet">$INFO[Skin.String(HomeMenu.4.Addon)]</property>
				<property name="WidgetSet">$INFO[Skin.String(HomeMenu.4.Widget)]</property>
				<property name="PlayListType">$INFO[Window(Home).Property(HomePlaylistFour.Type)]</property>
				<property name="Background">$INFO[Skin.String(HomeMenu.4.Display)]</property>
				<visible>!stringcompare(Skin.String(HomeMenu.4.Path),Hidden)</visible>
			</item>
			<item id="5">
				<description>Home Menu Item Five</description>
				<label>$INFO[Skin.String(HomeMenu.5.Label)]</label>
				<onclick>SetProperty(MenuItemActive,ItemFive,Home)</onclick>
				<onclick>SetProperty(MenuItemSelected,$INFO[Skin.String(HomeMenu.5.Type)],Home)</onclick>
				<onclick>SetProperty(MenuBackground,$INFO[Skin.String(HomeMenu.5.Display)],Home)</onclick>
				<onclick>$VAR[HomeMenuFivePath]</onclick>
				<icon>$INFO[Skin.CurrentTheme,special://skin/backgrounds/,.jpg]</icon>
				<thumb>$INFO[Skin.String(HomeMenu.5.Fanart)]</thumb>
				<property name="SubMenu">$INFO[Skin.String(HomeMenu.5.Sub)]</property>
				<property name="HiLiteItem">$INFO[Skin.String(HomeMenu.5.Type)]</property>
				<property name="AddOnSet">$INFO[Skin.String(HomeMenu.5.Addon)]</property>
				<property name="WidgetSet">$INFO[Skin.String(HomeMenu.5.Widget)]</property>
				<property name="PlayListType">$INFO[Window(Home).Property(HomePlaylistFive.Type)]</property>
				<property name="Background">$INFO[Skin.String(HomeMenu.5.Display)]</property>
				<visible>!stringcompare(Skin.String(HomeMenu.5.Path),Hidden)</visible>
			</item>
			<item id="6">
				<description>Home Menu Item Six</description>
				<label>$INFO[Skin.String(HomeMenu.6.Label)]</label>
				<onclick>SetProperty(MenuItemActive,ItemSix,Home)</onclick>
				<onclick>SetProperty(MenuItemSelected,$INFO[Skin.String(HomeMenu.6.Type)],Home)</onclick>
				<onclick>SetProperty(MenuBackground,$INFO[Skin.String(HomeMenu.6.Display)],Home)</onclick>
				<onclick>$VAR[HomeMenuSixPath]</onclick>
				<icon>$INFO[Skin.CurrentTheme,special://skin/backgrounds/,.jpg]</icon>
				<thumb>$INFO[Skin.String(HomeMenu.6.Fanart)]</thumb>
				<property name="SubMenu">$INFO[Skin.String(HomeMenu.6.Sub)]</property>
				<property name="HiLiteItem">$INFO[Skin.String(HomeMenu.6.Type)]</property>
				<property name="AddOnSet">$INFO[Skin.String(HomeMenu.6.Addon)]</property>
				<property name="WidgetSet">$INFO[Skin.String(HomeMenu.6.Widget)]</property>
				<property name="PlayListType">$INFO[Window(Home).Property(HomePlaylistSix.Type)]</property>
				<property name="Background">$INFO[Skin.String(HomeMenu.6.Display)]</property>
				<visible>!stringcompare(Skin.String(HomeMenu.6.Path),Hidden)</visible>
			</item>
			<item id="7">
				<description>Home Menu Item Seven</description>
				<label>$INFO[Skin.String(HomeMenu.7.Label)]</label>
				<onclick>SetProperty(MenuItemActive,ItemSeven,Home)</onclick>
				<onclick>SetProperty(MenuItemSelected,$INFO[Skin.String(HomeMenu.7.Type)],Home)</onclick>
				<onclick>SetProperty(MenuBackground,$INFO[Skin.String(HomeMenu.7.Display)],Home)</onclick>
				<onclick>$VAR[HomeMenuSevenPath]</onclick>
				<icon>$INFO[Skin.CurrentTheme,special://skin/backgrounds/,.jpg]</icon>
				<thumb>$INFO[Skin.String(HomeMenu.7.Fanart)]</thumb>
				<property name="SubMenu">$INFO[Skin.String(HomeMenu.7.Sub)]</property>
				<property name="HiLiteItem">$INFO[Skin.String(HomeMenu.7.Type)]</property>
				<property name="AddOnSet">$INFO[Skin.String(HomeMenu.7.Addon)]</property>
				<property name="WidgetSet">$INFO[Skin.String(HomeMenu.7.Widget)]</property>
				<property name="PlayListType">$INFO[Window(Home).Property(HomePlaylistSeven.Type)]</property>
				<property name="Background">$INFO[Skin.String(HomeMenu.7.Display)]</property>
				<visible>!stringcompare(Skin.String(HomeMenu.7.Path),Hidden)</visible>
			</item>
			<item id="8">
				<description>Home Menu Item Eight</description>
				<label>$INFO[Skin.String(HomeMenu.8.Label)]</label>
				<onclick>SetProperty(MenuItemActive,ItemEight,Home)</onclick>
				<onclick>SetProperty(MenuItemSelected,$INFO[Skin.String(HomeMenu.8.Type)],Home)</onclick>
				<onclick>SetProperty(MenuBackground,$INFO[Skin.String(HomeMenu.8.Display)],Home)</onclick>
				<onclick>$VAR[HomeMenuEightPath]</onclick>
				<icon>$INFO[Skin.CurrentTheme,special://skin/backgrounds/,.jpg]</icon>
				<thumb>$INFO[Skin.String(HomeMenu.8.Fanart)]</thumb>
				<property name="SubMenu">$INFO[Skin.String(HomeMenu.8.Sub)]</property>
				<property name="HiLiteItem">$INFO[Skin.String(HomeMenu.8.Type)]</property>
				<property name="AddOnSet">$INFO[Skin.String(HomeMenu.8.Addon)]</property>
				<property name="WidgetSet">$INFO[Skin.String(HomeMenu.8.Widget)]</property>
				<property name="PlayListType">$INFO[Window(Home).Property(HomePlaylistEight.Type)]</property>
				<property name="Background">$INFO[Skin.String(HomeMenu.8.Display)]</property>
				<visible>!stringcompare(Skin.String(HomeMenu.8.Path),Hidden)</visible>
			</item>
			<item id="9">
				<description>Home Menu Item Nine</description>
				<label>$INFO[Skin.String(HomeMenu.9.Label)]</label>
				<onclick>SetProperty(MenuItemActive,ItemNine,Home)</onclick>
				<onclick>SetProperty(MenuItemSelected,$INFO[Skin.String(HomeMenu.9.Type)],Home)</onclick>
				<onclick>SetProperty(MenuBackground,$INFO[Skin.String(HomeMenu.9.Display)],Home)</onclick>
				<onclick>$VAR[HomeMenuNinePath]</onclick>
				<icon>$INFO[Skin.CurrentTheme,special://skin/backgrounds/,.jpg]</icon>
				<thumb>$INFO[Skin.String(HomeMenu.9.Fanart)]</thumb>
				<property name="SubMenu">$INFO[Skin.String(HomeMenu.9.Sub)]</property>
				<property name="HiLiteItem">$INFO[Skin.String(HomeMenu.9.Type)]</property>
				<property name="AddOnSet">$INFO[Skin.String(HomeMenu.9.Addon)]</property>
				<property name="WidgetSet">$INFO[Skin.String(HomeMenu.9.Widget)]</property>
				<property name="PlayListType">$INFO[Window(Home).Property(HomePlaylistNine.Type)]</property>
				<property name="Background">$INFO[Skin.String(HomeMenu.9.Display)]</property>
				<visible>!stringcompare(Skin.String(HomeMenu.9.Path),Hidden)</visible>
			</item>
			<item id="10">
				<description>Home Menu Item Ten</description>
				<label>$INFO[Skin.String(HomeMenu.10.Label)]</label>
				<onclick>SetProperty(MenuItemActive,ItemTen,Home)</onclick>
				<onclick>SetProperty(MenuItemSelected,$INFO[Skin.String(HomeMenu.10.Type)],Home)</onclick>
				<onclick>SetProperty(MenuBackground,$INFO[Skin.String(HomeMenu.10.Display)],Home)</onclick>
				<onclick>$VAR[HomeMenuTenPath]</onclick>
				<icon>$INFO[Skin.CurrentTheme,special://skin/backgrounds/,.jpg]</icon>
				<thumb>$INFO[Skin.String(HomeMenu.10.Fanart)]</thumb>
				<property name="SubMenu">$INFO[Skin.String(HomeMenu.10.Sub)]</property>
				<property name="HiLiteItem">$INFO[Skin.String(HomeMenu.10.Type)]</property>
				<property name="AddOnSet">$INFO[Skin.String(HomeMenu.10.Addon)]</property>
				<property name="WidgetSet">$INFO[Skin.String(HomeMenu.10.Widget)]</property>
				<property name="PlayListType">$INFO[Window(Home).Property(HomePlaylistTen.Type)]</property>
				<property name="Background">$INFO[Skin.String(HomeMenu.10.Display)]</property>
				<visible>!stringcompare(Skin.String(HomeMenu.10.Path),Hidden)</visible>
			</item>
			<item id="11">
				<description>Home Menu Fullscreen</description>
				<label>$LOCALIZE[31008]</label>
				<onclick>fullscreen</onclick>
				<icon>-</icon>
				<thumb>-</thumb>
				<property name="SubMenu">FullScreen</property>
				<property name="PanelType">None</property>
				<property name="HiLiteItem">None</property>
				<visible>Player.HasMedia + !Skin.HasSetting(HideHomeFullScreen)</visible>
			</item>
			<item id="12">
				<description>Home Menu Settings</description>
				<label>$LOCALIZE[13000]</label>
				<onclick>SetProperty(MenuItemActive,Settings,Home)</onclick>
				<onclick>SetProperty(MenuItemSelected,Settings,Home)</onclick>
				<onclick>ActivateWindow(Settings)</onclick>
				<icon>$INFO[Skin.CurrentTheme,special://skin/backgrounds/,.jpg]</icon>
				<thumb>$INFO[Skin.String(SettingsMenu.FanArt)]</thumb>
				<property name="SubMenu">$INFO[Skin.String(SettingsMenu.Sub)]</property>
				<property name="HiLiteItem">Settings</property>
				<property name="AddOnSet">$INFO[Skin.String(SettingsMenu.Addon)]</property>
				<property name="WidgetSet">$INFO[Skin.String(SettingsMenu.Widget)]</property>
				<visible>!Skin.HasSetting(HideSytemMenuItem)</visible>
			</item>
		</content>
	</include>
	<include name="HomeVerticalSubBlade">
		<control type="group">
			<animation effect="slide" end="-220,0" time="300" tween="quadratic" easing="out">WindowClose</animation>
			<control type="image">
				<left>379</left>
				<top>0</top>
				<width>1</width>
				<height>720</height>
				<texture>HomeBladeSubPart1.png</texture>
				<animation effect="zoom" start="379,0,1,720" end="379,0,202,720" time="300" tween="quadratic" easing="out" condition="!IsEmpty(Window(Home).Property(SideBladeOpen))">Conditional</animation>
			</control>
			<control type="button" id="9002">
				<left>380</left>
				<top>296</top>
				<width>42</width>
				<height>128</height>
				<font>-</font>
				<texturefocus>HasSubFocus.png</texturefocus>
				<texturenofocus>HasSub.png</texturenofocus>
				<onright>ClearProperty(SideBladeOpen,Home)</onright>
				<onright>9000</onright>
				<onleft>ClearProperty(SideBladeOpen,Home)</onleft>
				<onleft>9000</onleft>
				<onup>ClearProperty(SideBladeOpen,Home)</onup>
				<onup>9000</onup>
				<ondown>ClearProperty(SideBladeOpen,Home)</ondown>
				<ondown>9000</ondown>
				<onclick condition="IsEmpty(Window(Home).Property(SideBladeOpen))">SetProperty(SideBladeOpen,True,Home)</onclick>
				<onclick condition="!IsEmpty(Window(Home).Property(SideBladeOpen))">ClearProperty(SideBladeOpen,Home)</onclick>
				<animation effect="slide" end="200,0" time="300" tween="quadratic" easing="out" condition="!IsEmpty(Window(Home).Property(SideBladeOpen))">Conditional</animation>
				<include>VisibleFadeEffect</include>
				<include>SubMenuAdvise</include>
				<visible>system.getbool(input.enablemouse)</visible>
			</control>
			<control type="image">
				<left>380</left>
				<top>0</top>
				<width>12</width>
				<height>720</height>
				<texture>HomeBladeSubPart2.png</texture>
				<animation effect="slide" end="200,0" time="300" tween="quadratic" easing="out" condition="!IsEmpty(Window(Home).Property(SideBladeOpen))">Conditional</animation>
			</control>
		</control>
	</include>
	<include name="HomeVerticalBottomBlade">
		<control type="image">
			<left>-450</left>
			<top>0</top>
			<width>846</width>
			<height>720</height>
			<colordiffuse>DAFFFFFF</colordiffuse>
			<texture>$VAR[TransHomeBladeBtm]</texture>
		</control>
	</include>
	<include name="HomeVerticalMenuBlade">
		<control type="group">
			<control type="image">
				<left>0</left>
				<top>-205</top>
				<width>385</width>
				<height>1130</height>
				<texture>$VAR[TransHomeBladeMid]</texture>
				<animation effect="slide" end="0,-204" time="300" condition="Container(9000).Row(1)">conditional</animation>
				<animation effect="slide" end="0,-102" time="300" condition="Container(9000).Row(2)">conditional</animation>
				<animation effect="slide" end="0,102" time="300" condition="Container(9000).Row(4)">conditional</animation>
				<animation effect="slide" end="0,204" time="300" condition="Container(9000).Row(5)">conditional</animation>
			</control>
			<control type="image">
				<left>-450</left>
				<top>0</top>
				<width>846</width>
				<height>720</height>
				<texture>$VAR[TransHomeBladeTop]</texture>
			</control>
		</control>
	</include>
	<include name="HomeHorizontalOverlay">
		<control type="image">
			<left>-100</left>
			<top>0</top>
			<width>1480</width>
			<height>75</height>
			<texture border="0,6,0,6">HomeBack.png</texture>
		</control>
		<control type="image">
			<left>0</left>
			<top>5</top>
			<width>1280</width>
			<height>6</height>
			<texture>HomeOverlay1.png</texture>
		</control>
	</include>
	<include name="HomeHorizontalSideFade">
		<control type="image">
			<left>0</left>
			<top>6</top>
			<width>128</width>
			<height>63</height>
			<texture>SideFade.png</texture>
		</control>
		<control type="image">
			<left>128r</left>
			<top>6</top>
			<width>128</width>
			<height>63</height>
			<texture flipx="true">SideFade.png</texture>
		</control>
	</include>
	<include name="HomeSeperator">
		<control type="image">
			<left>0</left>
			<top>4</top>
			<width>1</width>
			<height>52</height>
			<texture>HomeSeperator.png</texture>
		</control>
		<control type="image">
			<left>299</left>
			<top>4</top>
			<width>1</width>
			<height>52</height>
			<texture>HomeSeperator.png</texture>
		</control>
	</include>
	<include name="SubMenuAdvise">
		<visible>!StringCompare(Container(9000).ListItem.Property(SubMenu),None)</visible>
		<visible>
		[StringCompare(Container(9000).ListItem.Property(SubMenu),SubSetOne) + IntegerGreaterThan(Container(9010).NumItems,0)] |
		[StringCompare(Container(9000).ListItem.Property(SubMenu),SubSetFour) + IntegerGreaterThan(Container(9011).NumItems,0)] |
		[StringCompare(Container(9000).ListItem.Property(SubMenu),SubSetSeven) + IntegerGreaterThan(Container(9012).NumItems,0)] |
		[StringCompare(Container(9000).ListItem.Property(SubMenu),SubSetSix) + IntegerGreaterThan(Container(9014).NumItems,0)] |
		[StringCompare(Container(9000).ListItem.Property(SubMenu),SubSetEight) + IntegerGreaterThan(Container(9015).NumItems,0)] |
		[StringCompare(Container(9000).ListItem.Property(SubMenu),SubSetTwo) + IntegerGreaterThan(Container(9016).NumItems,0)] |
		[StringCompare(Container(9000).ListItem.Property(SubMenu),SubSetThree) + IntegerGreaterThan(Container(9017).NumItems,0)] |
		[StringCompare(Container(9000).ListItem.Property(SubMenu),SubSetFive) + IntegerGreaterThan(Container(9019).NumItems,0)] |
		[StringCompare(Container(9000).ListItem.Property(SubMenu),SubSetTen) + IntegerGreaterThan(Container(9021).NumItems,0)] |
		[StringCompare(Container(9000).ListItem.Property(SubMenu),SubSetEleven) + IntegerGreaterThan(Container(9022).NumItems,0)] |
		[StringCompare(Container(9000).ListItem.Property(SubMenu),SubSetNine) + IntegerGreaterThan(Container(9023).NumItems,0)] |
		[StringCompare(Container(9000).ListItem.Property(SubMenu),Radio) + IntegerGreaterThan(Container(9024).NumItems,0)]
		</visible>
	</include>
	<include name="HomeHasSub">
		<control type="group">
			<include>SubMenuAdvise</include>
			<control type="image">
				<left>4</left>
				<top>42</top>
				<width>18</width>
				<height>18</height>
				<texture>HorzHomeSub.png</texture>
				<animation effect="fade" start="0" end="100" time="200">Focus</animation>
				<animation effect="fade" start="100" end="0" time="0">UnFocus</animation>
				<visible>Skin.HasSetting(HorizontalHomeScreen) + Skin.HasSetting(HideHorzSubMenu) + !Skin.HasSetting(HideSubAdvisor)</visible>
			</control>
			<control type="image">
				<left>370</left>
				<top>75</top>
				<width>18</width>
				<height>18</height>
				<texture>HomeHasSub.png</texture>
				<animation effect="fade" start="0" end="100" time="200">Focus</animation>
				<animation effect="fade" start="100" end="0" time="0">UnFocus</animation>
				<visible>!Skin.HasSetting(HorizontalHomeScreen) + !Skin.HasSetting(HideSubAdvisor)</visible>
				<visible>!system.getbool(input.enablemouse)</visible>
			</control>
		</control>
	</include>
	<include name="DefaultInitialSetup">
		<onload>Skin.SetString(HomeMenu.1.Label,$LOCALIZE[8])</onload>
		<onload>Skin.SetString(HomeMenu.1.Sub,None)</onload>
		<onload>Skin.SetString(HomeMenu.1.Addon,None)</onload>
		<onload>Skin.SetString(HomeMenu.1.Widget,Weather)</onload>
		<onload>Skin.SetString(HomeMenu.1.Type,Weather)</onload>
		<onload>Skin.SetString(HomeMenu.1.Fanart,special://skin/backgrounds/weather.jpg)</onload>
		<onload>Skin.SetString(HomeMenu.1.Display,Live)</onload>
		<onload>Skin.SetString(HomeMenu.2.Label,$LOCALIZE[1213])</onload>
		<onload>Skin.SetString(HomeMenu.2.Sub,SubSetEight)</onload>
		<onload>Skin.SetString(HomeMenu.2.Addon,Pictures)</onload>
		<onload>Skin.SetString(HomeMenu.2.Widget,None)</onload>
		<onload>Skin.SetString(HomeMenu.2.Type,Pictures)</onload>
		<onload>Skin.SetString(HomeMenu.2.Fanart,special://skin/backgrounds/pictures.jpg)</onload>
		<onload>Skin.SetString(HomeMenu.2.Display,Default)</onload>
		<onload>Skin.SetString(HomeMenu.3.Label,$LOCALIZE[19020])</onload>
		<onload>Skin.SetString(HomeMenu.3.Sub,SubSetSix)</onload>
		<onload>Skin.SetString(HomeMenu.3.Addon,None)</onload>
		<onload>Skin.SetString(HomeMenu.3.Widget,None)</onload>
		<onload>Skin.SetString(HomeMenu.3.Type,LiveTV)</onload>
		<onload>Skin.SetString(HomeMenu.3.Fanart,special://skin/backgrounds/tv.jpg)</onload>
		<onload>Skin.SetString(HomeMenu.3.Display,Default)</onload>
		<onload>Skin.SetString(HomeMenu.4.Label,$LOCALIZE[3])</onload>
		<onload>Skin.SetString(HomeMenu.4.Sub,SubSetOne)</onload>
		<onload>Skin.SetString(HomeMenu.4.Addon,Videos)</onload>
		<onload>Skin.SetString(HomeMenu.4.Widget,UnWatched)</onload>
		<onload>Skin.SetString(HomeMenu.4.Type,Videos)</onload>
		<onload>Skin.SetString(HomeMenu.4.Fanart,special://skin/backgrounds/videos.jpg)</onload>
		<onload>Skin.SetString(HomeMenu.4.Display,Default)</onload>
		<onload>Skin.SetString(HomeMenu.5.Label,$LOCALIZE[342])</onload>
		<onload>Skin.SetString(HomeMenu.5.Sub,SubSetTwo)</onload>
		<onload>Skin.SetString(HomeMenu.5.Addon,Videos)</onload>
		<onload>Skin.SetString(HomeMenu.5.Widget,RecentMovies)</onload>
		<onload>Skin.SetString(HomeMenu.5.Type,Movies)</onload>
		<onload>Skin.SetString(HomeMenu.5.Fanart,special://skin/backgrounds/videos.jpg)</onload>
		<onload>Skin.SetString(HomeMenu.5.Display,Database)</onload>
		<onload>Skin.SetString(HomeMenu.6.Label,$LOCALIZE[31960])</onload>
		<onload>Skin.SetString(HomeMenu.6.Sub,SubSetThree)</onload>
		<onload>Skin.SetString(HomeMenu.6.Addon,Videos)</onload>
		<onload>Skin.SetString(HomeMenu.6.Widget,RecentEpisodes)</onload>
		<onload>Skin.SetString(HomeMenu.6.Type,TVShows)</onload>
		<onload>Skin.SetString(HomeMenu.6.Fanart,special://skin/backgrounds/videos.jpg)</onload>
		<onload>Skin.SetString(HomeMenu.6.Display,Database)</onload>
		<onload>Skin.SetString(HomeMenu.7.Label,$LOCALIZE[31959])</onload>
		<onload>Skin.SetString(HomeMenu.7.Sub,None)</onload>
		<onload>Skin.SetString(HomeMenu.7.Addon,None)</onload>
		<onload>Skin.SetString(HomeMenu.7.Widget,None)</onload>
		<onload>Skin.SetString(HomeMenu.7.Type,Streaming)</onload>
		<onload>Skin.SetString(HomeMenu.7.Fanart,special://skin/backgrounds/musicvideos.jpg)</onload>
		<onload>Skin.SetString(HomeMenu.7.Display,Default)</onload>
		<onload>Skin.SetString(HomeMenu.8.Label,$LOCALIZE[31201])</onload>
		<onload>Skin.SetString(HomeMenu.8.Sub,SubSetFive)</onload>
		<onload>Skin.SetString(HomeMenu.8.Addon,None)</onload>
		<onload>Skin.SetString(HomeMenu.8.Widget,RecentConcerts)</onload>
		<onload>Skin.SetString(HomeMenu.8.Type,Concerts)</onload>
		<onload>Skin.SetString(HomeMenu.8.Fanart,special://skin/backgrounds/musicvideos.jpg)</onload>
		<onload>Skin.SetString(HomeMenu.8.Display,Default)</onload>
		<onload>Skin.SetString(HomeMenu.9.Label,$LOCALIZE[2])</onload>
		<onload>Skin.SetString(HomeMenu.9.Sub,SubSetFour)</onload>
		<onload>Skin.SetString(HomeMenu.9.Addon,Music)</onload>
		<onload>Skin.SetString(HomeMenu.9.Widget,RecentAlbums)</onload>
		<onload>Skin.SetString(HomeMenu.9.Type,Music)</onload>
		<onload>Skin.SetString(HomeMenu.9.Fanart,special://skin/backgrounds/music.jpg)</onload>
		<onload>Skin.SetString(HomeMenu.9.Display,Default)</onload>
		<onload>Skin.SetString(HomeMenu.10.Label,$LOCALIZE[31219])</onload>
		<onload>Skin.SetString(HomeMenu.10.Sub,SubSetNine)</onload>
		<onload>Skin.SetString(HomeMenu.10.Addon,Programs)</onload>
		<onload>Skin.SetString(HomeMenu.10.Widget,None)</onload>
		<onload>Skin.SetString(HomeMenu.10.Type,Programs)</onload>
		<onload>Skin.SetString(HomeMenu.10.Fanart,special://skin/backgrounds/programs.jpg)</onload>
		<onload>Skin.SetString(HomeMenu.10.Display,Default)</onload>
		<!-- ######  Permanent  No 11 = Fullscreen ######## -->
		<!-- ###### Permanent  No 12 = Settings ######## -->
		<onload>Skin.SetString(SettingsMenu.Sub,SubSetSeven)</onload>
		<onload>Skin.SetString(SettingsMenu.Fanart,special://skin/backgrounds/settings.jpg)</onload>
		<onload>Skin.SetBool(EnableFanartScript)</onload>
		<onload condition="System.Date(11-24,1-6)">Skin.Setbool(EnableHolidayEffects)</onload>
		<onload>Skin.SetString(HolidayThemePath,special://skin/extras/Holiday/xmastree.jpg)</onload>
		<onload condition="!System.HasAddon(script.randomandlastitems)">Skin.Setbool(DisableScriptPlaylist)</onload>
		<onload>Skin.SetBool(InitialSetUpRun)</onload>
	</include>
</includes>