<?xml version="1.0" encoding="utf-8"?>
<includes>
	<include file="IncludesVariables.xml" />
	<include file="IncludesHomeMenuSys.xml" />
	<include file="IncludesCommonMedia.xml" />
	<include file="IncludesSubMenuItems.xml" />
	<include file="IncludesHomePanel.xml" />
	<include file="IncludesHomePanelContent.xml" />
	<include file="IncludesHomeWeather.xml" />
	<include file="defaults.xml" />
	<include file="ViewsVideoLibrary.xml" />
	<include file="ViewsMusicLibrary.xml" />
	<include file="ViewsFileMode.xml" />
	<include file="ViewsPictures.xml" />
	<include file="ViewsAddonBrowser.xml" />
	<include file="ViewsLiveTV.xml" />
	<include file="ViewsPVRGuide.xml" />
	<include file="ViewsWeather.xml" />
	<include file="ViewsFanArt.xml" />
	<include file="ViewsLogoVertical.xml" />
	<include file="IncludesListItemCount.xml" />
	<include file="IncludesCDWall.xml" />
	<include file="IncludesGenreFlagging.xml" />
	<include file="IncludesBackgroundEffect.xml" />
	<include file="IncludesCodecFlagging.xml" />
	<include file="IncludesHomeNowPlaying.xml" />
	<include file="IncludesMenuContentItems.xml" />
	<include file="IncludesPVR.xml" />
	<constant name="FanartCrossfadeTime">500</constant>
	<constant name="IconCrossfadeTime">400</constant>
	<include name="DimensionsPosterPanel">
		<left>90</left>
		<top>65</top>
		<width>700</width>
		<height>380</height>
	</include>
	<!--include name="DimensionsLandscapePanel">
		<left>15</left>
		<top>70</top>
		<width>840</width>
		<height>370</height>
	</include-->
	<include name="ClearButtonChoice">
		<onclick>Skin.Reset($INFO[Window(Home).Property(UsrSelectBtn)].Label)</onclick>
		<onclick>Skin.Reset($INFO[Window(Home).Property(UsrSelectBtn)].Path)</onclick>
		<onclick>Skin.Reset($INFO[Window(Home).Property(UsrSelectBtn)].Fanart)</onclick>
		<onclick condition="Window.IsVisible(2114)">Skin.Reset($INFO[Window(Home).Property(UsrSelectBtn)].Playlist)</onclick>
		<onclick condition="Window.IsVisible(2114)">Skin.Reset($INFO[Window(Home).Property(UsrSelectBtn)].Sub)</onclick>
		<onclick condition="Window.IsVisible(2114)">Skin.Reset($INFO[Window(Home).Property(UsrSelectBtn)].Addon)</onclick>
		<onclick condition="Window.IsVisible(2114)">Skin.Reset($INFO[Window(Home).Property(UsrSelectBtn)].Type)</onclick>
		<onclick condition="Window.IsVisible(2114)">Skin.Reset($INFO[Window(Home).Property(UsrSelectBtn)].Widget)</onclick>
		<onclick condition="Window.IsVisible(2114)">Skin.Reset($INFO[Window(Home).Property(UsrSelectBtn)].Display)</onclick>
	</include>
	<include name="CloseMenuChoice">
		<onclick condition="Window.IsVisible(2114)">Dialog.Close(2114)</onclick>
		<onclick condition="Window.IsVisible(2115)">Dialog.Close(2115)</onclick>
		<onclick>Skin.Reset(UsrSelectAddon)</onclick>
		<onclick>ClearProperty(UsrSelectBtn,Home)</onclick>
	</include>
	<include name="InvisibleButton">
		<left>1480</left>
		<top>920</top>
		<width>1</width>
		<height>1</height>
		<texturenofocus>-</texturenofocus>
		<texturefocus>-</texturefocus>
	</include>
	<include name="DimensionsMusicCDPanel">
		<left>80</left>
		<top>90</top>
		<width>728</width>
		<height>330</height>
	</include>
	<include name="ViewMovieDiskDefault">
		<texture diffuse="Disks/disc_mask.png" background="true">Disks/disc.png</texture>
	</include>
	<include name="ViewMovieDiskDVD">
		<texture fallback="Disks/disc-dvd.png" diffuse="Disks/disc_mask.png" background="true">$INFO[ListItem.Path,,disc.png]</texture>
		<visible>!stringcompare(ListItem.Label,..)</visible>
	</include>
	<include name="ViewMovieDiskBluRay">
		<texture fallback="Disks/disc-bluray.png" diffuse="Disks/disc_mask.png" background="true">$INFO[ListItem.Path,,disc.png]</texture>
		<visible>!stringcompare(ListItem.Label,..)</visible>
	</include>
	<include name="CDArtSpinner">
		<animation effect="slide" start="-70,0" end="0,0" time="900" delay="2000" condition="Player.HasMedia">conditional</animation>
		<animation effect="rotate" end="-360" center="auto" time="2400" loop="true" reversible="false" condition="Player.Playing">Conditional</animation>
		<animation effect="rotate" end="-360" center="auto" time="2000" loop="true" reversible="false" condition="Player.Forwarding2x">Conditional</animation>
		<animation effect="rotate" end="-360" center="auto" time="1600" loop="true" reversible="false" condition="Player.Forwarding4x">Conditional</animation>
		<animation effect="rotate" end="-360" center="auto" time="1200" loop="true" reversible="false" condition="Player.Forwarding8x">Conditional</animation>
		<animation effect="rotate" end="-360" center="auto" time="800" loop="true" reversible="false" condition="Player.Forwarding16x">Conditional</animation>
		<animation effect="rotate" end="-360" center="auto" time="400" loop="true" reversible="false" condition="Player.Forwarding32x">Conditional</animation>
		<animation effect="rotate" end="720" center="auto" time="2000" loop="true" reversible="false" condition="Player.Rewinding2x">Conditional</animation>
		<animation effect="rotate" end="720" center="auto" time="1600" loop="true" reversible="false" condition="Player.Rewinding4x">Conditional</animation>
		<animation effect="rotate" end="720" center="auto" time="1200" loop="true" reversible="false" condition="Player.Rewinding8x">Conditional</animation>
		<animation effect="rotate" end="720" center="auto" time="800" loop="true" reversible="false" condition="Player.Rewinding16x">Conditional</animation>
		<animation effect="rotate" end="720" center="auto" time="400" loop="true" reversible="false" condition="Player.Rewinding32x">Conditional</animation>
	</include>
	<include name="HomePanelBackground">
		<include>VisibleFadeEffect</include>
		<left>415</left>
		<top>5</top>
		<control type="image">
			<description>background</description>
			<!--left>5</left-->
			<left>45</left>
			<top>0</top>
			<!--width>860</width-->
			<width>780</width>
			<height>455</height>
			<texture border="20">ContentPanel.png</texture>
			<include condition="!IsEmpty(Skin.String(MediaPanelTrans))">TransparentEffect</include>
		</control>
		<control type="image">
			<left>15</left>
			<top>10</top>
			<width>820</width>
			<height>90</height>
			<aspectratio>stretch</aspectratio>
			<texture>GlassTitleBar.png</texture>
		</control>
	</include>
	<include name="TransparentEffect">
		<animation effect="fade" start="100" end="15" time="0" condition="SubString(skin.string(MediaPanelTrans),85)">Conditional</animation>
		<animation effect="fade" start="100" end="30" time="0" condition="SubString(skin.string(MediaPanelTrans),70)">Conditional</animation>
		<animation effect="fade" start="100" end="45" time="0" condition="SubString(skin.string(MediaPanelTrans),55)">Conditional</animation>
		<animation effect="fade" start="100" end="60" time="0" condition="SubString(skin.string(MediaPanelTrans),40)">Conditional</animation>
		<animation effect="fade" start="100" end="75" time="0" condition="SubString(skin.string(MediaPanelTrans),25)">Conditional</animation>
		<animation effect="fade" start="100" end="90" time="0" condition="SubString(skin.string(MediaPanelTrans),10)">Conditional</animation>
	</include>
	<!--include name="TransparentEffect"> 
		<colordiffuse>$INFO[Skin.String(MediaPanelTrans)]</colordiffuse>
	</include-->
	<include name="BackgroundFade">
		<animation effect="fade" time="600">Visible</animation>
		<animation effect="fade" time="600">Hidden</animation>
	</include>
	<include name="Window_OpenClose_Animation">
		<animation effect="fade" time="250">WindowOpen</animation>
		<animation effect="fade" time="250">WindowClose</animation>
	</include>
	<include name="DialogEffect">
		<animation effect="fade" time="250">WindowOpen</animation>
		<animation effect="fade" time="250">WindowClose</animation>
	</include>
	<include name="VisibleFadeEffect">
		<animation effect="fade" time="300">Visible</animation>
		<animation effect="fade" time="300">Hidden</animation>
	</include>
	<include name="KeyboardButton">
		<width>50</width>
		<height>50</height>
		<texturenofocus border="3">KeyboardKeyNF.png</texturenofocus>
		<texturefocus border="5">KeyboardKey.png</texturefocus>
		<align>center</align>
		<aligny>center</aligny>
		<font>font13</font>
		<focusedcolor>black</focusedcolor>
	</include>
	<include name="MediaInfoPopup">
		<animation effect="fade" start="0" end="100" time="1600" delay="2000" condition="IsEmpty(Skin.String(MediaPopUpControl))">Visible</animation>
		<animation effect="fade" start="0" end="100" time="300" delay="300" condition="Skin.String(MediaPopUpControl,Instant)">Visible</animation>
		<animation effect="fade" start="0" end="100" time="1600" delay="3000" condition="Skin.String(MediaPopUpControl,Delayed)">Visible</animation>
		<animation effect="fade" start="100" end="0" time="0">Hidden</animation>
	</include>
	<include name="KBurnsAnimateFanart">
		<animation effect="zoom" start="110" end="130" center="auto" time="16000" tween="cubic" easing="inout" pulse="true" condition="!Skin.HasSetting(NoAnimateFanArt)">Conditional</animation>
		<animation effect="slide" start="-10,-10" end="20,20" time="8000" tween="cubic" easing="inout" pulse="true" condition="!Skin.HasSetting(NoAnimateFanArt)">Conditional</animation>
	</include>
	<include name="Dimensions_Fullscreen">
		<left>0</left>
		<top>0</top>
		<width>1280</width>
		<height>720</height>
	</include>
	<include name="BehindDialogFadeOut">
		<control type="image">
			<left>0</left>
			<top>0</top>
			<width>1280</width>
			<height>720</height>
			<texture>black-back.png</texture>
			<animation effect="fade" time="400">Visible</animation>
			<animation effect="fade" time="200">Hidden</animation>
			<visible>Window.IsActive(MovieInformation) | Window.IsActive(MusicInformation) | Window.IsActive(SongInformation) | Window.IsActive(FileBrowser) | Window.IsActive(TextViewer) | Window.IsActive(AddonSettings) | Window.IsActive(ContentSettings) | Window.IsActive(SelectDialog) | Window.IsActive(FileStackingDialog) | Window.IsActive(MediaSource) | Window.IsActive(PictureInfo) | Window.IsActive(PlayerControls) | Window.IsActive(VirtualKeyboard) | Window.IsActive(NumericInput) | Window.IsActive(ProfileSettings) | Window.IsActive(LockSettings) | Window.IsActive(SmartPlaylistEditor) | Window.IsActive(SmartPlaylistRule) | Window.IsActive(script-RSS_Editor-rssEditor.xml) | Window.IsActive(script-RSS_Editor-setEditor.xml) | Window.IsActive(AddonInformation) | Window.IsActive(Peripherals) | Window.IsActive(PeripheralSettings) | Window.IsActive(script-cu-lrclyrics-main.xml) | Window.IsActive(PVRChannelManager) | Window.IsActive(MediaFilter)</visible>
		</control>
	</include>
	<include name="ButtonCommonValues">
		<height>40</height>
		<width>250</width>
		<textoffsetx>10</textoffsetx>
		<textwidth>200</textwidth>
		<aligny>center</aligny>
		<font>font12</font>
		<texturefocus border="5">button-focus.png</texturefocus>
		<texturenofocus>-</texturenofocus>
		<pulseonselect>false</pulseonselect>
	</include>
	<include name="ButtonMediaSubCommonValues">
		<height>40</height>
		<width>221</width>
		<textoffsetx>20</textoffsetx>
		<textwidth>195</textwidth>
		<aligny>center</aligny>
		<font>font12_title</font>
		<texturefocus border="5">button-focus.png</texturefocus>
		<texturenofocus border="5">button-nofocus.png</texturenofocus>
		<pulseonselect>false</pulseonselect>
	</include>
	<include name="ButtonHomeSubCommonValues">
		<height>35</height>
		<width>180</width>
		<textwidth>195</textwidth>
		<align>center</align>
		<aligny>center</aligny>
		<font>font12</font>
		<textcolor>grey2</textcolor>
		<focusedcolor>white</focusedcolor>
		<texturefocus border="5">HomeSubFO.png</texturefocus>
		<texturenofocus border="5">HomeSubNF.png</texturenofocus>
		<pulseonselect>false</pulseonselect>
	</include>
	<include name="ButtonInfoDialogsCommonValues">
		<height>40</height>
		<width>170</width>
		<textoffsetx>20</textoffsetx>
		<align>center</align>
		<aligny>center</aligny>
		<font>font12_title</font>
		<texturefocus border="5">button-focus.png</texturefocus>
		<texturenofocus border="5">button-nofocus.png</texturenofocus>
		<pulseonselect>false</pulseonselect>
	</include>
	<include name="SideBladeLeft">
		<animation effect="slide" start="0,0" end="250,0" time="400" tween="quadratic" easing="out" condition="!IsEmpty(Window(Home).Property(SideBladeOpen)) | ControlGroup(9000).HasFocus">Conditional</animation>
		<animation effect="slide" start="0,0" end="-300,0" time="400" tween="quadratic" easing="out" condition="!IsEmpty(Window(Home).Property(SideBladeOpen)) | ControlGroup(9000).HasFocus">WindowClose</animation>
		<animation effect="slide" start="0,0" end="-50,0" time="300" tween="quadratic" easing="out" condition="IsEmpty(Window(Home).Property(SideBladeOpen)) | !ControlGroup(9000).HasFocus">WindowClose</animation>
		<animation effect="slide" start="-50,0" end="0,0" time="300" tween="quadratic" easing="out">WindowOpen</animation>
		<control type="button" id="8999">
			<description>Fake button for mouse control</description>
			<left>0</left>
			<top>0</top>
			<width>1280</width>
			<height>720</height>
			<label>-</label>
			<font>-</font>
			<texturenofocus>-</texturenofocus>
			<texturefocus>-</texturefocus>
			<onfocus condition="IsEmpty(Window(Home).Property(SideBladeOpen))">SetProperty(SideBladeOpen,True,Home)</onfocus>
			<onup>9000</onup>
			<ondown>9000</ondown>
			<onleft>50</onleft>
			<onright>ClearProperty(SideBladeOpen,Home)</onright>
			<onback>ClearProperty(SideBladeOpen,Home)</onback>
			<visible>!IsEmpty(Window(Home).Property(SideBladeOpen))</visible>
		</control>
		<control type="button" id="9001">
			<left>250</left>
			<top>260</top>
			<width>42</width>
			<height>128</height>
			<font>-</font>
			<texturefocus>HasSubFocus.png</texturefocus>
			<texturenofocus>HasSub.png</texturenofocus>
			<onright>ClearProperty(SideBladeOpen,Home)</onright>
			<onleft>50</onleft>
			<onclick condition="IsEmpty(Window(Home).Property(SideBladeOpen))">SetProperty(SideBladeOpen,True,Home)</onclick>
			<onclick condition="!IsEmpty(Window(Home).Property(SideBladeOpen))">ClearProperty(SideBladeOpen,Home)</onclick>
		</control>
		<control type="image">
			<left>0</left>
			<top>0</top>
			<width>260</width>
			<height>720</height>
			<texture border="0,0,10,0">MediaBladeSub.png</texture>
		</control>
		<!--control type="image">
			<description>LOGO</description>
			<left>15</left>
			<top>0</top>
			<width>220</width>
			<height>80</height>
			<aspectratio>keep</aspectratio>
			<texture>Convergence_Logo.png</texture>
			
		</control-->
		<include>BottonLogoImage</include>
	</include>
	<include name="MainHeaderLabel">
		<control type="label">
			<left>55</left>
			<top>5</top>
			<width>1170</width>
			<height>30</height>
			<font>font30_title</font>
			<textcolor>blue</textcolor>
			<scroll>true</scroll>
			<align>center</align>
			<aligny>center</aligny>
			<include>Window_OpenClose_Animation</include>
			<label>[UPPERCASE]$VAR[ContentHeaderLabel][/UPPERCASE]</label>
			<visible>!Control.IsVisible(510)</visible>
		</control>
		<control type="label">
			<left>10</left>
			<top>45</top>
			<width>1260</width>
			<height>20</height>
			<font>font12_title</font>
			<textcolor>grey2</textcolor>
			<wrapmultiline>true</wrapmultiline>
			<scroll>false</scroll>
			<align>center</align>
			<aligny>center</aligny>
			<include>Window_OpenClose_Animation</include>
			<label>$INFO[ListItem.Tagline]</label>
			<visible>!Skin.HasSetting(EnableFullMPAA)</visible>
			<visible>!IsEmpty(ListItem.Tagline) + Container.Content(Movies)</visible>
		</control>
		<control type="label">
			<left>10</left>
			<top>45</top>
			<width>1260</width>
			<height>20</height>
			<font>font12_title</font>
			<textcolor>grey2</textcolor>
			<wrapmultiline>true</wrapmultiline>
			<scroll>false</scroll>
			<align>center</align>
			<aligny>center</aligny>
			<include>Window_OpenClose_Animation</include>
			<label>$INFO[Listitem.mpaa]</label>
			<visible>Skin.HasSetting(EnableFullMPAA)</visible>
			<visible>!IsEmpty(Listitem.mpaa) + Container.Content(Movies)</visible>
		</control>
		<control type="group">
			<include>Window_OpenClose_Animation</include>
			<visible>!StringCompare(ListItem.label,..) + [Container.Content(Seasons) | Container.Content(TVShows)]</visible>
			<control type="label">
				<description>Episodes Value</description>
				<left>10</left>
				<top>45</top>
				<width>1260</width>
				<height>20</height>
				<label>[B][COLOR=blue]$LOCALIZE[20360]$LOCALIZE[31999][/COLOR][/B] $INFO[listitem.episode] [COLOR=grey] ($INFO[ListItem.Property(WatchedEpisodes),, $LOCALIZE[16102]] - $INFO[ListItem.Property(UnWatchedEpisodes), , $LOCALIZE[16101]])[/COLOR]</label>
				<align>center</align>
				<aligny>center</aligny>
				<font>font12_title</font>
				<scroll>true</scroll>
				<visible>IntegerGreaterThan(ListItem.Property(TotalEpisodes),0)</visible>
			</control>
		</control>
		<control type="group">
			<include>Window_OpenClose_Animation</include>
			<visible>Container.Content(Episodes)</visible>
			<control type="label">
				<description>First Aired txt</description>
				<left>10</left>
				<top>45</top>
				<width>1260</width>
				<height>20</height>
				<label>[B][COLOR=blue]$LOCALIZE[20416]$LOCALIZE[31999][/COLOR][/B][COLOR=grey] $INFO[ListItem.Premiered][/COLOR]</label>
				<align>center</align>
				<aligny>center</aligny>
				<font>font12_title</font>
				<scroll>true</scroll>
				<visible>!IsEmpty(ListItem.Premiered)</visible>
			</control>
		</control>
		<control type="group">
			<include>Window_OpenClose_Animation</include>
			<visible>Window.IsVisible(MyPVR)</visible>
			<control type="label">
				<left>10</left>
				<top>45</top>
				<width>1260</width>
				<height>20</height>
				<font>font12_title</font>
				<textcolor>grey2</textcolor>
				<wrapmultiline>true</wrapmultiline>
				<scroll>false</scroll>
				<align>center</align>
				<aligny>center</aligny>
				<include>Window_OpenClose_Animation</include>
				<label>$INFO[ListItem.Title]</label>
				<visible>!Control.IsVisible(17) + !Control.IsVisible(14)</visible>
			</control>
			<control type="label">
				<left>10</left>
				<top>45</top>
				<width>1260</width>
				<height>20</height>
				<font>font12_title</font>
				<textcolor>grey2</textcolor>
				<scroll>false</scroll>
				<align>center</align>
				<aligny>center</aligny>
				<label>$INFO[PVR.NextTimer,[B]$LOCALIZE[31512]$LOCALIZE[31999] [/B]]</label>
				<visible>Control.IsVisible(14) + PVR.HasTimer</visible>
			</control>
		</control>
		<control type="group">
			<include>Window_OpenClose_Animation</include>
			<visible>Container.Content(Artists)</visible>
			<control type="label">
				<left>10</left>
				<top>45</top>
				<width>1260</width>
				<height>20</height>
				<font>font12_title</font>
				<textcolor>grey2</textcolor>
				<wrapmultiline>true</wrapmultiline>
				<scroll>false</scroll>
				<align>center</align>
				<aligny>center</aligny>
				<include>Window_OpenClose_Animation</include>
				<label>$INFO[ListItem.Property(Artist_Born), $LOCALIZE[21893]$LOCALIZE[31999] ]</label>
				<visible>!IsEmpty(ListItem.Property(Artist_Born))</visible>
			</control>
			<control type="label">
				<left>10</left>
				<top>45</top>
				<width>1260</width>
				<height>20</height>
				<font>font12_title</font>
				<textcolor>grey2</textcolor>
				<wrapmultiline>true</wrapmultiline>
				<scroll>false</scroll>
				<align>center</align>
				<aligny>center</aligny>
				<include>Window_OpenClose_Animation</include>
				<label>$INFO[ListItem.Property(Artist_Formed), $LOCALIZE[21894]$LOCALIZE[31999] ]</label>
				<visible>!IsEmpty(ListItem.Property(Artist_Formed))</visible>
			</control>
		</control>
		<control type="group">
			<include>Window_OpenClose_Animation</include>
			<visible>Container.Content(Songs) | Container.Content(Albums)</visible>
			<control type="label">
				<left>10</left>
				<top>45</top>
				<width>1260</width>
				<height>20</height>
				<font>font12_title</font>
				<textcolor>grey2</textcolor>
				<wrapmultiline>true</wrapmultiline>
				<scroll>false</scroll>
				<align>center</align>
				<aligny>center</aligny>
				<include>Window_OpenClose_Animation</include>
				<label>$INFO[ListItem.Artist, $LOCALIZE[31047]$LOCALIZE[31999] ]</label>
				<visible>!IsEmpty(ListItem.Artist)</visible>
			</control>
		</control>
		<control type="group">
			<include>Window_OpenClose_Animation</include>
			<visible>Window.IsVisible(AddonBrowser) | Container.Content(Addons)</visible>
			<control type="label">
				<left>10</left>
				<top>45</top>
				<width>1260</width>
				<height>20</height>
				<font>font12_title</font>
				<textcolor>grey2</textcolor>
				<scroll>false</scroll>
				<align>center</align>
				<aligny>center</aligny>
				<label fallback="416">$INFO[ListItem.Property(Addon.Creator),[B]$LOCALIZE[21863]$LOCALIZE[31999] [/B]]</label>
			</control>
		</control>
		<control type="group">
			<include>Window_OpenClose_Animation</include>
			<visible>Window.IsActive(script-globalsearch-main.xml)</visible>
			<control type="label">
				<left>10</left>
				<top>45</top>
				<width>1260</width>
				<height>20</height>
				<font>font12_title</font>
				<textcolor>grey2</textcolor>
				<scroll>false</scroll>
				<align>center</align>
				<aligny>center</aligny>
				<label>$VAR[GlobalSearchTag]</label>
			</control>
		</control>
	</include>
	<include name="FloorReturnButtons">
		<control type="group">
			<left>190r</left>
			<top>55r</top>
			<animation effect="fade" time="250" condition="Window.Previous(home)">WindowOpen</animation>
			<animation effect="fade" time="250" condition="Window.Next(home)">WindowClose</animation>
			<control type="button" id="801">
				<description>Now Playing</description>
				<left>45</left>
				<top>0</top>
				<width>45</width>
				<height>45</height>
				<onclick>ActivateWindow(PlayerControls)</onclick>
				<texturefocus border="5">FloorButtons/FloorPlayFO.png</texturefocus>
				<texturenofocus border="5">FloorButtons/FloorPlayNF.png</texturenofocus>
				<onleft>804</onleft>
				<onright>802</onright>
				<onup>800</onup>
				<ondown>800</ondown>
				<visible>Player.HasMedia + !SubString(Window(videolibrary).Property(TvTunesIsAlive),TRUE)</visible>
				<animation effect="slide" start="0,0" end="-45,00" time="0" condition="!Skin.HasSetting(DisableGlobalSearch) + [Window.IsVisible(musiclibrary) | Window.IsVisible(videolibrary)] | [Window.IsVisible(script-globalsearch-main.xml) + Control.IsVisible(198)] ">conditional</animation>
			</control>
			<control type="button" id="801">
				<description>Next Aired</description>
				<left>45</left>
				<top>0</top>
				<width>45</width>
				<height>45</height>
				<onclick>RunScript(script.tv.show.next.aired)</onclick>
				<texturefocus border="5">FloorButtons/FloorPlayFO.png</texturefocus>
				<texturenofocus border="5">FloorButtons/FloorPlayNF.png</texturenofocus>
				<onleft>804</onleft>
				<onright>802</onright>
				<onup>800</onup>
				<ondown>800</ondown>
				<visible>!Skin.HasSetting(DisableTVNextAired) + !Player.HasMedia + !IsEmpty(Window(Home).Property(NextAired.NextDate))</visible>
				<visible>Container.Content(TVShows) | Container.Content(Seasons) | Container.Content(Episodes)</visible>
				<animation effect="slide" start="0,0" end="-45,00" time="0" condition="!Skin.HasSetting(DisableGlobalSearch) + [Window.IsVisible(musiclibrary) | Window.IsVisible(videolibrary)] | [Window.IsVisible(script-globalsearch-main.xml) + Control.IsVisible(198)] ">conditional</animation>
			</control>
			<control type="button" id="801">
				<description>Trailer Button</description>
				<left>45</left>
				<top>0</top>
				<width>45</width>
				<height>45</height>
				<onclick>PlayMedia("$INFO[ListItem.Trailer]")</onclick>
				<texturefocus border="5">FloorButtons/FloorTrailerFO.png</texturefocus>
				<texturenofocus border="5">FloorButtons/FloorTrailerNF.png</texturenofocus>
				<onleft>804</onleft>
				<onright>802</onright>
				<onup>800</onup>
				<ondown>800</ondown>
				<visible>!Skin.HasSetting(HideTrailerBtn)</visible>
				<visible>!Player.HasMedia + !IsEmpty(ListItem.Trailer)</visible>
				<visible>!Container.Content(TVShows) + !Container.Content(Seasons) + !Container.Content(Episodes)</visible>
				<visible>![Control.IsVisible(500) | Control.IsVisible(529) | Control.IsVisible(594) | Control.IsVisible(732)]</visible>
				<animation effect="slide" start="0,0" end="-45,00" time="0" condition="!Skin.HasSetting(DisableGlobalSearch) + [Window.IsVisible(musiclibrary) | Window.IsVisible(videolibrary)] | [Window.IsVisible(script-globalsearch-main.xml) + Control.IsVisible(198)] ">conditional</animation>
			</control>
			<control type="button" id="802">
				<description>Search Button</description>
				<left>45</left>
				<top>0</top>
				<width>45</width>
				<height>45</height>
				<texturefocus border="5">FloorButtons/FloorSearchFO.png</texturefocus>
				<texturenofocus border="5">FloorButtons/FloorSearchNF.png</texturenofocus>
				<onleft>801</onleft>
				<onright>803</onright>
				<onup>800</onup>
				<ondown>800</ondown>
				<onclick>Control.Setfocus(9000,0)</onclick>
				<onclick>SendClick(198)</onclick>
				<visible>!Skin.HasSetting(DisableGlobalSearch)</visible>
				<visible>Window.IsVisible(script-globalsearch-main.xml) + Control.IsVisible(198)</visible>
			</control>
			<control type="button" id="802">
				<description>Search Button</description>
				<left>45</left>
				<top>0</top>
				<width>45</width>
				<height>45</height>
				<texturefocus border="5">FloorButtons/FloorSearchFO.png</texturefocus>
				<texturenofocus border="5">FloorButtons/FloorSearchNF.png</texturenofocus>
				<onleft>801</onleft>
				<onright>803</onright>
				<onup>800</onup>
				<ondown>800</ondown>
				<onclick>RunScript(script.globalsearch)</onclick>
				<visible>!Skin.HasSetting(DisableGlobalSearch)</visible>
				<visible>!Window.IsVisible(script-globalsearch-main.xml)</visible>
				<visible>Window.IsVisible(musiclibrary) | Window.IsVisible(videolibrary)</visible>
			</control>
			<control type="button" id="803">
				<description>Back push button</description>
				<left>90</left>
				<top>0</top>
				<width>45</width>
				<height>45</height>
				<onclick>back</onclick>
				<texturefocus border="5">FloorButtons/FloorBackFO.png</texturefocus>
				<texturenofocus border="5">FloorButtons/FloorBackNF.png</texturenofocus>
				<onleft>802</onleft>
				<onright>804</onright>
				<onup>800</onup>
				<ondown>800</ondown>
			</control>
			<control type="button" id="804">
				<description>Home push button</description>
				<left>135</left>
				<top>0</top>
				<width>45</width>
				<height>45</height>
				<onclick>Dialog.Close(all,true)</onclick>
				<onclick>ActivateWindow(home)</onclick>
				<texturefocus border="5">FloorButtons/FloorHomeFO.png</texturefocus>
				<texturenofocus border="5">FloorButtons/FloorHomeNF.png</texturenofocus>
				<onleft>803</onleft>
				<onright>801</onright>
				<onup>800</onup>
				<ondown>800</ondown>
			</control>
		</control>
	</include>
	<include name="BottomClock">
		<control type="label" id="1">
			<description>time label</description>
			<left>360r</left>
			<top>55r</top>
			<width>250</width>
			<height>30</height>
			<align>right</align>
			<aligny>center</aligny>
			<font>font28_title</font>
			<textcolor>C0FFFFFF</textcolor>
			<shadowcolor>black</shadowcolor>
			<label>$INFO[System.Time]</label>
			<include>Window_OpenClose_Animation</include>
			<animation effect="fade" start="100" end="0" time="100" condition="Window.IsVisible(movieinformation)">Conditional</animation>
			<animation effect="slide" start="0,0" end="-45,0" time="0" condition="!Window.IsVisible(loginscreen) + !Skin.HasSetting(DisableGlobalSearch) + [Window.IsVisible(musiclibrary) | Window.IsVisible(videolibrary)] | [Window.IsVisible(script-globalsearch-main.xml) + Control.IsVisible(198)] ">conditional</animation>
			<animation effect="slide" start="0,0" end="-45,0" time="0" condition="!Skin.HasSetting(HideTrailerBtn) + !IsEmpty(ListItem.Trailer) + ![Control.IsVisible(500) | Control.IsVisible(529) | Control.IsVisible(594) | Control.IsVisible(732)]">conditional</animation>
			<animation effect="slide" start="0,0" end="0,55" time="0" condition="!Skin.HasSetting(DisableTVNextAired) + !IsEmpty(Window(Home).Property(NextAired.NextDate))">conditional</animation>
			<visible>!Player.HasMedia | SubString(Window(videolibrary).Property(TvTunesIsAlive),TRUE)</visible>
		</control>
		<control type="label" id="1">
			<description>Date label</description>
			<left>360r</left>
			<top>25r</top>
			<width>250</width>
			<height>15</height>
			<align>right</align>
			<aligny>center</aligny>
			<font>font10</font>
			<textcolor>C0FFFFFF</textcolor>
			<shadowcolor>black</shadowcolor>
			<label>$INFO[System.Date]</label>
			<include>Window_OpenClose_Animation</include>
			<animation effect="fade" start="100" end="0" time="100" condition="Window.IsVisible(movieinformation)">Conditional</animation>
			<animation effect="slide" start="0,0" end="-45,00" time="0" condition="!Window.IsVisible(loginscreen) + !Skin.HasSetting(DisableGlobalSearch) + [Window.IsVisible(musiclibrary) | Window.IsVisible(videolibrary)] | [Window.IsVisible(script-globalsearch-main.xml) + Control.IsVisible(198)] ">conditional</animation>
			<animation effect="slide" start="0,0" end="-45,00" time="0" condition="!Skin.HasSetting(HideTrailerBtn) + !IsEmpty(ListItem.Trailer) + ![Control.IsVisible(500) | Control.IsVisible(529) | Control.IsVisible(594) | Control.IsVisible(732)]">conditional</animation>
			<animation effect="slide" start="0,0" end="0,55" time="0" condition="!Skin.HasSetting(DisableTVNextAired) + !IsEmpty(Window(Home).Property(NextAired.NextDate))">conditional</animation>
			<visible>!Player.HasMedia | SubString(Window(videolibrary).Property(TvTunesIsAlive),TRUE)</visible>
		</control>
	</include>
	<!--include name="MainWindowMouseButtons">
        <control type="group">
            <left>120r</left>
            <top>55r</top>
            <animation effect="fade" time="250" condition="Window.Previous(Home)">WindowOpen</animation>
            <animation effect="fade" time="250" condition="Window.Next(Home)">WindowClose</animation>
            <visible>system.getbool(input.enablemouse)</visible>
            <control type="button">
                <description>Back push button</description>
                <left>0</left>
                <top>0</top>
                <width>45</width>
                <height>45</height>
                <label>1036</label>
                <font>-</font>
                <onclick>back</onclick>
                <texturefocus border="5">floor_buttonFO.png</texturefocus>
                <texturenofocus border="5">floor_button.png</texturenofocus>
                <onleft>50</onleft>
                <onright>50</onright>
                <onup>50</onup>
                <ondown>50</ondown>
            </control>
            <control type="image">
                <description>Back Icon</description>
                <left>5</left>
                <top>5</top>
                <width>35</width>
                <height>35</height>
                <aspectratio>keep</aspectratio>
                <texture>icon_back.png</texture>
            </control>
            <control type="button">
                <description>Home push button</description>
                <left>55</left>
                <top>0</top>
                <width>45</width>
                <height>45</height>
                <label>31003</label>
                <font>-</font>
                <onclick>ActivateWindow(home)</onclick>
                <texturefocus border="5">floor_buttonFO.png</texturefocus>
                <texturenofocus border="5">floor_button.png</texturenofocus>
                <onleft>50</onleft>
                <onright>50</onright>
                <onup>50</onup>
                <ondown>50</ondown>
            </control>
            <control type="image">
                <description>Home Icon</description>
                <left>60</left>
                <top>5</top>
                <width>35</width>
                <height>35</height>
                <aspectratio>keep</aspectratio>
                <texture>icon_home.png</texture>
            </control>
        </control>
    </include-->
	<include name="CommonNowPlaying">
		<control type="group">
			<left>605r</left>
			<top>55r</top>
			<visible>Player.HasMedia + !SubString(Window(videolibrary).Property(TvTunesIsAlive),TRUE)</visible>
			<visible>!Window.IsVisible(loginscreen)</visible>
			<include>VisibleFadeEffect</include>
			<animation effect="fade" time="250" condition="Window.Previous(Home)">WindowOpen</animation>
			<animation effect="fade" time="250" condition="Window.Next(Home)">WindowClose</animation>
			<animation effect="slide" start="0,0" end="-45,00" time="0" condition="!Skin.HasSetting(DisableGlobalSearch) + [Window.IsVisible(musiclibrary) | Window.IsVisible(videolibrary)] | [Window.IsVisible(script-globalsearch-main.xml) + Control.IsVisible(198)] ">conditional</animation>
			<control type="label">
				<left>0</left>
				<top>2</top>
				<width>450</width>
				<height>20</height>
				<label>$VAR[CommonMediaPlaying]</label>
				<align>right</align>
				<aligny>center</aligny>
				<font>font12</font>
				<textcolor>grey</textcolor>
				<shadowcolor>black</shadowcolor>
			</control>
			<control type="label">
				<left>0</left>
				<top>25</top>
				<width>450</width>
				<height>20</height>
				<label>$INFO[MusicPlayer.Artist]$INFO[MusicPlayer.Album, - ]</label>
				<align>right</align>
				<aligny>center</aligny>
				<font>font10</font>
				<textcolor>grey</textcolor>
				<shadowcolor>black</shadowcolor>
				<visible>Player.HasAudio</visible>
			</control>
			<control type="label">
				<left>0</left>
				<top>25</top>
				<width>450</width>
				<height>20</height>
				<label>$INFO[VideoPlayer.Studio]</label>
				<align>right</align>
				<aligny>center</aligny>
				<font>font10</font>
				<textcolor>grey</textcolor>
				<shadowcolor>black</shadowcolor>
				<visible>Player.HasVideo + VideoPlayer.Content(Movies)</visible>
			</control>
			<control type="label">
				<left>0</left>
				<top>25</top>
				<width>450</width>
				<height>20</height>
				<label>$INFO[VideoPlayer.TVShowTitle]</label>
				<align>right</align>
				<aligny>center</aligny>
				<font>font10</font>
				<textcolor>grey</textcolor>
				<shadowcolor>black</shadowcolor>
				<visible>Player.HasVideo + VideoPlayer.Content(Episodes)</visible>
			</control>
			<control type="label">
				<left>0</left>
				<top>25</top>
				<width>450</width>
				<height>20</height>
				<label>$INFO[VideoPlayer.Artist]</label>
				<align>right</align>
				<aligny>center</aligny>
				<font>font10</font>
				<textcolor>grey</textcolor>
				<shadowcolor>black</shadowcolor>
				<visible>Player.HasVideo + VideoPlayer.Content(MusicVideos)</visible>
			</control>
			<control type="label">
				<left>0</left>
				<top>25</top>
				<width>450</width>
				<height>20</height>
				<label>$INFO[VideoPlayer.ChannelName]$INFO[VideoPlayer.ChannelNumber, - ([COLOR=blue],[/COLOR])]</label>
				<align>right</align>
				<aligny>center</aligny>
				<font>font12</font>
				<textcolor>grey</textcolor>
				<shadowcolor>black</shadowcolor>
				<visible>Player.HasVideo + VideoPlayer.Content(LiveTV)</visible>
			</control>
		</control>
	</include>
	<include name="NextAired">
		<control type="group">
			<left>605r</left>
			<top>55r</top>
			<visible>!Skin.HasSetting(DisableTVNextAired) + !Player.HasMedia + !IsEmpty(Window(Home).Property(NextAired.NextDate)) + [Container.Content(TVShows) | Container.Content(Seasons) | Container.Content(Episodes)]</visible>
			<include>VisibleFadeEffect</include>
			<animation effect="fade" time="250" condition="Window.Previous(Home)">WindowOpen</animation>
			<animation effect="fade" time="250" condition="Window.Next(Home)">WindowClose</animation>
			<animation effect="slide" start="0,0" end="-45,00" time="0" condition="!Skin.HasSetting(DisableGlobalSearch) + [Window.IsVisible(musiclibrary) | Window.IsVisible(videolibrary)] | [Window.IsVisible(script-globalsearch-main.xml) + Control.IsVisible(198)] ">conditional</animation>
			<control type="label">
				<left>0</left>
				<top>2</top>
				<width>450</width>
				<height>20</height>
				<align>right</align>
				<aligny>center</aligny>
				<font>font12</font>
				<textcolor>grey</textcolor>
				<shadowcolor>black</shadowcolor>
				<label>$INFO[Window(Home).Property(NextAired.NextNumber),[COLOR=blue]$LOCALIZE[209]:[/COLOR] ]$INFO[Window(Home).Property(NextAired.NextTitle), • ]</label>
				<visible>!IsEmpty(Window(Home).Property(NextAired.NextDate))</visible>
			</control>
			<control type="label">
				<left>0</left>
				<top>25</top>
				<width>450</width>
				<height>20</height>
				<align>right</align>
				<aligny>center</aligny>
				<font>font10</font>
				<textcolor>grey</textcolor>
				<shadowcolor>black</shadowcolor>
				<label>$INFO[Window(Home).Property(NextAired.NextDate),[COLOR=blue]$LOCALIZE[552]:[/COLOR] ]$INFO[Window(Home).Property(NextAired.AirTime), • ]</label>
				<visible>!IsEmpty(Window(Home).Property(NextAired.NextDate))</visible>
			</control>
		</control>
	</include>
	<include name="VideoBoxDimensions">
		<left>26</left>
		<top>6</top>
		<width>149</width>
		<height>223</height>
		<include>BackgroundFade</include>
		<fadetime>FanartCrossfadeTime</fadetime>
		<include>Window_OpenClose_Animation</include>
		<align>center</align>
		<aspectratio scalediffuse="false">scale</aspectratio>
	</include>
	<include name="VideoBoxGlass">
		<control type="image">
			<left>0</left>
			<top>0</top>
			<width>184</width>
			<height>240</height>
			<include>BackgroundFade</include>
			<fadetime>FanartCrossfadeTime</fadetime>
			<include>Window_OpenClose_Animation</include>
			<texture background="true">ClearCase/ClearCase.png</texture>
		</control>
	</include>
	<include name="CDBoxDimensions">
		<left>36</left>
		<top>11</top>
		<width>201</width>
		<height>201</height>
		<aspectratio scalediffuse="false">scale</aspectratio>
		<include>BackgroundFade</include>
		<fadetime>FanartCrossfadeTime</fadetime>
		<include>Window_OpenClose_Animation</include>
	</include>
	<include name="CDBoxGlass">
		<control type="image">
			<width>250</width>
			<height>228</height>
			<include>BackgroundFade</include>
			<fadetime>FanartCrossfadeTime</fadetime>
			<include>Window_OpenClose_Animation</include>
			<bordertexture>CDCase/cdshadow.png</bordertexture>
			<texture background="true">CDCase/cdglass.png</texture>
		</control>
	</include>
	<include name="LiveContentBackgrounds">
		<control type="group">
			<animation effect="fade" time="600">VisibleChange</animation>
			<include>Window_OpenClose_Animation</include>
			<control type="image">
				<include>Dimensions_Fullscreen</include>
				<aspectratio>scale</aspectratio>
				<texture fallback="special://skin/backgrounds/SKINDEFAULT.jpg">$INFO[Skin.String(GlobalBackGroundPath)]</texture>
				<visible>!IsEmpty(Skin.String(GlobalBackGroundPath))</visible>
			</control>
			<control type="image">
				<include>Dimensions_Fullscreen</include>
				<aspectratio>scale</aspectratio>
				<texture fallback="special://skin/backgrounds/SKINDEFAULT.jpg">$INFO[Skin.CurrentTheme,special://skin/backgrounds/,.jpg]</texture>
				<visible>IsEmpty(Skin.String(GlobalBackGroundPath))</visible>
			</control>
			<control type="group">
				<left>-133</left>
				<control type="group">
					<left>746</left>
					<top>356</top>
					<animation effect="zoom" start="150" end="150" center="auto" time="0" condition="true">Conditional</animation>
					<animation effect="rotate" center="auto" start="9" end="9" time="0" condition="true">Conditional</animation>
					<control type="image">
						<include>CDBoxDimensions</include>
						<texture background="true" diffuse="CDCase/cdmask.png" fallback="CDCase/DefaultCDCover.png">$VAR[LiveContentOne]</texture>
					</control>
					<include>CDBoxGlass</include>
				</control>
				<control type="group">
					<left>466</left>
					<top>-106</top>
					<animation effect="zoom" start="150" end="150" center="auto" time="0" condition="true">Conditional</animation>
					<animation effect="rotate" center="auto" start="65" end="65" time="0" condition="true">Conditional</animation>
					<control type="image">
						<include>CDBoxDimensions</include>
						<texture background="true" diffuse="CDCase/cdmask.png" fallback="CDCase/DefaultCDCover.png">$VAR[LiveContentTwo]</texture>
					</control>
					<include>CDBoxGlass</include>
				</control>
				<control type="group">
					<left>336</left>
					<top>110</top>
					<animation effect="zoom" start="150" end="150" center="auto" time="0" condition="true">Conditional</animation>
					<animation effect="rotate" center="auto" start="10" end="10" time="0" condition="true">Conditional</animation>
					<control type="image">
						<include>CDBoxDimensions</include>
						<texture background="true" diffuse="CDCase/cdmask.png" fallback="CDCase/DefaultCDCover.png">$VAR[LiveContentThree]</texture>
					</control>
					<include>CDBoxGlass</include>
				</control>
				<control type="group">
					<left>1026</left>
					<top>188</top>
					<animation effect="zoom" start="150" end="150" center="auto" time="0" condition="true">Conditional</animation>
					<animation effect="rotate" center="auto" start="-20" end="-20" time="0" condition="true">Conditional</animation>
					<control type="image">
						<include>CDBoxDimensions</include>
						<texture background="true" diffuse="CDCase/cdmask.png" fallback="CDCase/DefaultCDCover.png">$VAR[LiveContentFour]</texture>
					</control>
					<include>CDBoxGlass</include>
				</control>
				<control type="group">
					<left>606</left>
					<top>26</top>
					<animation effect="zoom" start="150" end="150" center="auto" time="0" condition="true">Conditional</animation>
					<animation effect="rotate" center="auto" start="25" end="25" time="0" condition="true">Conditional</animation>
					<control type="image">
						<include>CDBoxDimensions</include>
						<texture background="true" diffuse="CDCase/cdmask.png" fallback="CDCase/DefaultCDCover.png">$VAR[LiveContentFive]</texture>
					</control>
					<include>CDBoxGlass</include>
				</control>
				<control type="group">
					<left>1200</left>
					<top>51</top>
					<animation effect="zoom" start="150" end="150" center="auto" time="0" condition="true">Conditional</animation>
					<animation effect="rotate" center="auto" start="75" end="75" time="0" condition="true">Conditional</animation>
					<control type="image">
						<include>CDBoxDimensions</include>
						<texture background="true" diffuse="CDCase/cdmask.png" fallback="CDCase/DefaultCDCover.png">$VAR[LiveContentSix]</texture>
					</control>
					<include>CDBoxGlass</include>
				</control>
				<control type="group">
					<left>1113</left>
					<top>423</top>
					<animation effect="zoom" start="150" end="150" center="auto" time="0" condition="true">Conditional</animation>
					<animation effect="rotate" center="auto" start="45" end="45" time="0" condition="true">Conditional</animation>
					<control type="image">
						<include>CDBoxDimensions</include>
						<texture background="true" diffuse="CDCase/cdmask.png" fallback="CDCase/DefaultCDCover.png">$VAR[LiveContentSeven]</texture>
					</control>
					<include>CDBoxGlass</include>
				</control>
				<control type="group">
					<left>1130</left>
					<top>340</top>
					<animation effect="zoom" start="150" end="150" center="auto" time="0" condition="true">Conditional</animation>
					<animation effect="rotate" center="auto" start="-15" end="-15" time="0" condition="true">Conditional</animation>
					<control type="image">
						<include>CDBoxDimensions</include>
						<texture background="true" diffuse="CDCase/cdmask.png" fallback="CDCase/DefaultCDCover.png">$VAR[LiveContentEight]</texture>
					</control>
					<include>CDBoxGlass</include>
				</control>
				<control type="group">
					<left>700</left>
					<top>186</top>
					<animation effect="zoom" start="150" end="150" center="auto" time="0" condition="true">Conditional</animation>
					<animation effect="rotate" center="auto" start="-10" end="-10" time="0" condition="true">Conditional</animation>
					<control type="image">
						<include>CDBoxDimensions</include>
						<texture background="true" diffuse="CDCase/cdmask.png" fallback="CDCase/DefaultCDCover.png">$VAR[LiveContentNine]</texture>
					</control>
					<include>CDBoxGlass</include>
				</control>
				<control type="group">
					<left>500</left>
					<top>366</top>
					<animation effect="zoom" start="150" end="150" center="auto" time="0" condition="true">Conditional</animation>
					<animation effect="rotate" center="auto" start="3" end="3" time="0" condition="true">Conditional</animation>
					<control type="image">
						<left>36</left>
						<top>11</top>
						<width>201</width>
						<height>201</height>
						<texture background="true" diffuse="CDCase/cdmask.png" fallback="CDCase/DefaultCDCover.png">$VAR[LiveContentTen]</texture>
						<fadetime>600</fadetime>
						<aspectratio scalediffuse="false">scale</aspectratio>
					</control>
					<include>CDBoxGlass</include>
				</control>
				<visible>[Library.HasContent(Music) + [StringCompare(Container(9000).ListItem.Property(HiLiteItem),Music) | StringCompare(Container(9000).ListItem.Property(HiLiteItem),MusicPlayList)]]| StringCompare(Container(9000).ListItem.Property(HiLiteItem),Concerts)</visible>
			</control>
			<control type="group">
				<left>-133</left>
				<control type="group">
					<description>Case 1</description>
					<left>747</left>
					<top>422</top>
					<animation effect="zoom" start="180" end="180" center="auto" time="0" tween="linear" condition="true">Conditional</animation>
					<animation effect="rotate" center="auto" start="-65" end="-65" time="0" condition="true">Conditional</animation>
					<control type="image">
						<include>VideoBoxDimensions</include>
						<texture background="true" diffuse="ClearCase/EmptyCaseMask.png" fallback="DefaultVideoCover.png">$VAR[LiveContentOne]</texture>
					</control>
					<include>VideoBoxGlass</include>
				</control>
				<control type="group">
					<description>Case 2</description>
					<left>623</left>
					<top>0</top>
					<animation effect="zoom" start="180" end="180" center="auto" time="0" tween="linear" condition="true">Conditional</animation>
					<animation effect="rotate" center="auto" start="65" end="65" time="0" condition="true">Conditional</animation>
					<control type="image">
						<include>VideoBoxDimensions</include>
						<texture background="true" diffuse="ClearCase/EmptyCaseMask.png" fallback="DefaultVideoCover.png">$VAR[LiveContentTwo]</texture>
					</control>
					<include>VideoBoxGlass</include>
				</control>
				<control type="group">
					<description>Case 3</description>
					<left>453</left>
					<top>150</top>
					<animation effect="zoom" start="180" end="180" center="auto" time="0" tween="linear" condition="true">Conditional</animation>
					<animation effect="rotate" center="auto" start="10" end="10" time="0" condition="true">Conditional</animation>
					<control type="image">
						<include>VideoBoxDimensions</include>
						<texture background="true" diffuse="ClearCase/EmptyCaseMask.png" fallback="DefaultVideoCover.png">$VAR[LiveContentThree]</texture>
					</control>
					<include>VideoBoxGlass</include>
				</control>
				<control type="group">
					<description>Case 4</description>
					<left>1033</left>
					<top>250</top>
					<animation effect="zoom" start="180" end="180" center="auto" time="0" tween="linear" condition="true">Conditional</animation>
					<animation effect="rotate" center="auto" start="-20" end="-20" time="0" condition="true">Conditional</animation>
					<control type="image">
						<include>VideoBoxDimensions</include>
						<texture background="true" diffuse="ClearCase/EmptyCaseMask.png" fallback="DefaultVideoCover.png">$VAR[LiveContentFour]</texture>
					</control>
					<include>VideoBoxGlass</include>
				</control>
				<control type="group">
					<description>Case 5</description>
					<left>667</left>
					<top>113</top>
					<animation effect="zoom" start="180" end="180" center="auto" time="0" tween="linear" condition="true">Conditional</animation>
					<animation effect="rotate" center="auto" start="25" end="25" time="0" condition="true">Conditional</animation>
					<control type="image">
						<include>VideoBoxDimensions</include>
						<texture background="true" diffuse="ClearCase/EmptyCaseMask.png" fallback="DefaultVideoCover.png">$VAR[LiveContentFive]</texture>
					</control>
					<include>VideoBoxGlass</include>
				</control>
				<control type="group">
					<description>Case 6</description>
					<left>870</left>
					<top>65</top>
					<animation effect="zoom" start="180" end="180" center="auto" time="0" tween="linear" condition="true">Conditional</animation>
					<animation effect="rotate" center="auto" start="75" end="75" time="0" condition="true">Conditional</animation>
					<control type="image">
						<include>VideoBoxDimensions</include>
						<texture background="true" diffuse="ClearCase/EmptyCaseMask.png" fallback="DefaultVideoCover.png">$VAR[LiveContentSix]</texture>
					</control>
					<include>VideoBoxGlass</include>
				</control>
				<control type="group">
					<description>Case 7</description>
					<left>1000</left>
					<top>293</top>
					<animation effect="zoom" start="180" end="180" center="auto" time="0" tween="linear" condition="true">Conditional</animation>
					<animation effect="rotate" center="auto" start="45" end="45" time="0" condition="true">Conditional</animation>
					<control type="image">
						<include>VideoBoxDimensions</include>
						<texture background="true" diffuse="ClearCase/EmptyCaseMask.png" fallback="DefaultVideoCover.png">$VAR[LiveContentSeven]</texture>
					</control>
					<include>VideoBoxGlass</include>
				</control>
				<control type="group">
					<description>Case 8</description>
					<left>1137</left>
					<top>373</top>
					<animation effect="zoom" start="180" end="180" center="auto" time="0" tween="linear" condition="true">Conditional</animation>
					<animation effect="rotate" center="auto" start="-35" end="-35" time="0" condition="true">Conditional</animation>
					<control type="image">
						<include>VideoBoxDimensions</include>
						<texture background="true" diffuse="ClearCase/EmptyCaseMask.png" fallback="DefaultVideoCover.png">$VAR[LiveContentEight]</texture>
					</control>
					<include>VideoBoxGlass</include>
				</control>
				<control type="group">
					<description>Case 9</description>
					<left>733</left>
					<top>262</top>
					<animation effect="zoom" start="180" end="180" center="auto" time="0" tween="linear" condition="true">Conditional</animation>
					<animation effect="rotate" center="auto" start="-10" end="-10" time="0" condition="true">Conditional</animation>
					<control type="image">
						<include>VideoBoxDimensions</include>
						<texture background="true" diffuse="ClearCase/EmptyCaseMask.png" fallback="DefaultVideoCover.png">$VAR[LiveContentNine]</texture>
					</control>
					<include>VideoBoxGlass</include>
				</control>
				<control type="group">
					<description>Case 10</description>
					<left>407</left>
					<top>297</top>
					<animation effect="zoom" start="180" end="180" center="auto" time="0" tween="linear" condition="true">Conditional</animation>
					<animation effect="rotate" center="auto" start="3" end="3" time="0" condition="true">Conditional</animation>
					<control type="image">
						<include>VideoBoxDimensions</include>
						<texture background="true" diffuse="ClearCase/EmptyCaseMask.png" fallback="DefaultVideoCover.png">$VAR[LiveContentTen]</texture>
					</control>
					<include>VideoBoxGlass</include>
				</control>
				<visible>StringCompare(Container(9000).ListItem.Property(HiLiteItem),Movies) | StringCompare(Container(9000).ListItem.Property(HiLiteItem),TVShows) | StringCompare(Container(9000).ListItem.Property(HiLiteItem),Videos) | StringCompare(Container(9000).ListItem.Property(HiLiteItem),VideoPlayList)</visible>
			</control>
		</control>
	</include>
	<!--include name="CommonPageCount">
        <control type="group">
            <animation effect="slide" start="0,0" end="-90,0" time="0" condition="system.getbool(input.enablemouse)">Conditional</animation>
            <control type="label">
                <description>Page Count Label</description>
                <right>40</right>
                <top>53r</top>
                <width>500</width>
                <height>20</height>
                <font>font12</font>
                <textcolor>grey</textcolor>
                <scroll>false</scroll>
                <align>right</align>
                <aligny>center</aligny>
                <label>$INFO[Container.NumItems,([COLOR=blue],[/COLOR]) $LOCALIZE[31025]]$INFO[Container.CurrentPage, - $LOCALIZE[31024] ([COLOR=blue]]$INFO[Container.NumPages,/,[/COLOR])]</label>
                <include>Window_OpenClose_Animation</include>
            </control>
            <control type="label">
                <description>Container Duration Label</description>
                <right>40</right>
                <top>32r</top>
                <width>500</width>
                <height>20</height>
                <font>font12</font>
                <textcolor>grey</textcolor>
                <scroll>false</scroll>
                <align>right</align>
                <aligny>center</aligny>
                <label>$INFO[Container.TotalTime,$LOCALIZE[31009] ([COLOR=blue],[/COLOR])]</label>
                <include>Window_OpenClose_Animation</include>
            </control>
        </control>
    </include-->
	<include name="SmallMusicInfo">
		<control type="image">
			<description>gradient</description>
			<left>0</left>
			<top>0</top>
			<width>500</width>
			<height>165</height>
			<colordiffuse>DDFFFFFF</colordiffuse>
			<texture border="20">OverlayDialogBackground.png</texture>
		</control>
		<control type="image">
			<description>Cover image</description>
			<left>20</left>
			<top>17</top>
			<width>130</width>
			<height>130</height>
			<texture>$INFO[MusicPlayer.Cover]</texture>
		</control>
		<control type="label">
			<description>Artist label</description>
			<left>160</left>
			<top>20</top>
			<height>30</height>
			<width>325</width>
			<label>$INFO[MusicPlayer.Artist]</label>
			<align>left</align>
			<aligny>center</aligny>
			<font>font12_title</font>
			<textcolor>grey2</textcolor>
			<shadowcolor>black</shadowcolor>
		</control>
		<control type="fadelabel">
			<description>Title label</description>
			<left>160</left>
			<top>43</top>
			<height>30</height>
			<width>325</width>
			<label>$INFO[Player.Title]</label>
			<align>left</align>
			<aligny>center</aligny>
			<font>font13_title</font>
			<textcolor>white</textcolor>
			<shadowcolor>black</shadowcolor>
			<scrollout>false</scrollout>
			<pauseatend>2000</pauseatend>
		</control>
		<control type="label">
			<description>Album Label</description>
			<left>160</left>
			<top>70</top>
			<height>30</height>
			<width>325</width>
			<label>$INFO[MusicPlayer.Album]$INFO[musicplayer.discnumber, - $LOCALIZE[427]:]</label>
			<align>left</align>
			<aligny>center</aligny>
			<font>font12</font>
			<textcolor>white</textcolor>
			<shadowcolor>black</shadowcolor>
		</control>
		<control type="label">
			<description>Time Label</description>
			<left>160</left>
			<top>95</top>
			<height>30</height>
			<width>325</width>
			<label>$INFO[MusicPlayer.Time]$INFO[MusicPlayer.Duration, / ]</label>
			<align>left</align>
			<aligny>center</aligny>
			<font>font12</font>
			<textcolor>white</textcolor>
			<shadowcolor>black</shadowcolor>
		</control>
		<control type="label">
			<description>Next Label</description>
			<left>160</left>
			<top>120</top>
			<height>30</height>
			<width>325</width>
			<label>[COLOR=blue]$LOCALIZE[19031] :[/COLOR] $INFO[MusicPlayer.offset(1).Title]</label>
			<align>right</align>
			<aligny>center</aligny>
			<font>font12</font>
			<textcolor>grey</textcolor>
			<shadowcolor>black</shadowcolor>
		</control>
	</include>
	<include name="SmallVideoInfo">
		<control type="image">
			<description>gradient</description>
			<left>0</left>
			<top>0</top>
			<width>500</width>
			<height>165</height>
			<colordiffuse>DDFFFFFF</colordiffuse>
			<texture border="20">OverlayDialogBackground.png</texture>
		</control>
		<control type="image">
			<description>Cover image</description>
			<left>20</left>
			<top>17</top>
			<width>130</width>
			<height>130</height>
			<aspectratio>keep</aspectratio>
			<texture>$INFO[VideoPlayer.cover]</texture>
		</control>
		<control type="label">
			<description>Studio label</description>
			<left>160</left>
			<top>20</top>
			<height>30</height>
			<width>325</width>
			<label>$INFO[VideoPlayer.Studio]</label>
			<align>left</align>
			<aligny>center</aligny>
			<font>font12_title</font>
			<textcolor>grey2</textcolor>
			<shadowcolor>black</shadowcolor>
			<visible>!videoplayer.content(episodes) + !videoplayer.content(musicvideos)</visible>
		</control>
		<control type="label">
			<description>TV Show Title label</description>
			<left>160</left>
			<top>20</top>
			<height>30</height>
			<width>325</width>
			<label>$INFO[VideoPlayer.tvshowtitle]</label>
			<align>left</align>
			<aligny>center</aligny>
			<font>font12_title</font>
			<textcolor>white</textcolor>
			<shadowcolor>black</shadowcolor>
			<visible>videoplayer.content(episodes)</visible>
		</control>
		<control type="fadelabel">
			<description>Music Video Artist label</description>
			<left>160</left>
			<top>20</top>
			<height>30</height>
			<width>325</width>
			<label>$INFO[VideoPlayer.Artist]</label>
			<align>left</align>
			<aligny>center</aligny>
			<font>font12_title</font>
			<textcolor>white</textcolor>
			<shadowcolor>black</shadowcolor>
			<visible>videoplayer.content(musicvideos)</visible>
			<scrollout>false</scrollout>
			<pauseatend>2000</pauseatend>
		</control>
		<control type="fadelabel">
			<description>Title label</description>
			<left>160</left>
			<top>43</top>
			<height>30</height>
			<width>325</width>
			<label>$INFO[Player.Title]</label>
			<align>left</align>
			<aligny>center</aligny>
			<font>font13_title</font>
			<textcolor>white</textcolor>
			<shadowcolor>black</shadowcolor>
			<scrollout>false</scrollout>
			<pauseatend>2000</pauseatend>
		</control>
		<control type="label">
			<description>Genre label</description>
			<left>160</left>
			<top>70</top>
			<height>30</height>
			<width>325</width>
			<label>$INFO[VideoPlayer.Genre]</label>
			<align>left</align>
			<aligny>center</aligny>
			<font>font12</font>
			<textcolor>white</textcolor>
			<shadowcolor>black</shadowcolor>
			<visible>!videoplayer.content(episodes) + !videoplayer.content(musicvideos)</visible>
		</control>
		<control type="label">
			<left>160</left>
			<top>70</top>
			<height>30</height>
			<width>325</width>
			<label>$INFO[VideoPlayer.Album]</label>
			<align>left</align>
			<aligny>center</aligny>
			<font>font12</font>
			<textcolor>white</textcolor>
			<shadowcolor>black</shadowcolor>
			<visible>videoplayer.content(musicvideos)</visible>
		</control>
		<control type="label">
			<description>Season and Episode label</description>
			<left>160</left>
			<top>70</top>
			<height>30</height>
			<width>325</width>
			<label>$LOCALIZE[20373] $INFO[VideoPlayer.Season] - $LOCALIZE[20359] $INFO[VideoPlayer.episode]</label>
			<align>left</align>
			<aligny>center</aligny>
			<font>font12</font>
			<textcolor>white</textcolor>
			<shadowcolor>black</shadowcolor>
			<visible>videoplayer.content(episodes)</visible>
		</control>
		<control type="label">
			<description>Time Label</description>
			<left>160</left>
			<top>95</top>
			<height>30</height>
			<width>325</width>
			<label>$INFO[VideoPlayer.Time]$INFO[VideoPlayer.Duration, / ]</label>
			<align>left</align>
			<aligny>center</aligny>
			<font>font12</font>
			<textcolor>white</textcolor>
			<shadowcolor>black</shadowcolor>
		</control>
	</include>
	<include name="CommonNowPlaying_Controls">
		<control type="label" id="202">
			<width>250</width>
			<height>35</height>
			<font>font12</font>
			<label>31023</label>
			<textcolor>blue</textcolor>
			<align>center</align>
			<aligny>center</aligny>
			<visible>Player.HasMedia</visible>
			<include>VisibleFadeEffect</include>
		</control>
		<control type="button" id="610">
			<description>Fake Button to fix Player Controls Navigation</description>
			<visible>false</visible>
		</control>
		<control type="group" id="9006">
			<width>250</width>
			<height>45</height>
			<visible>VideoPlayer.Content(LiveTV)</visible>
			<include>VisibleFadeEffect</include>
			<control type="button" id="600">
				<left>20</left>
				<top>2</top>
				<width>39</width>
				<height>39</height>
				<label>-</label>
				<texturefocus>OSDChannelUPFO.png</texturefocus>
				<texturenofocus>OSDChannelUPNF.png</texturenofocus>
				<onleft>50</onleft>
				<onright>601</onright>
				<onup>610</onup>
				<ondown>611</ondown>
				<onclick>ChannelDown</onclick>
			</control>
			<control type="button" id="601">
				<left>60</left>
				<top>2</top>
				<width>39</width>
				<height>39</height>
				<label>-</label>
				<texturefocus>OSDChannelDownFO.png</texturefocus>
				<texturenofocus>OSDChannelDownNF.png</texturenofocus>
				<onleft>600</onleft>
				<onright>603</onright>
				<onup>610</onup>
				<ondown>611</ondown>
				<onclick>ChannelUp</onclick>
			</control>
			<control type="button" id="603">
				<left>100</left>
				<top>2</top>
				<width>39</width>
				<height>39</height>
				<label>-</label>
				<texturefocus>OSDStopFO.png</texturefocus>
				<texturenofocus>OSDStopNF.png</texturenofocus>
				<onleft>601</onleft>
				<onright>604</onright>
				<onup>610</onup>
				<ondown>611</ondown>
				<onclick>down</onclick>
				<onclick>PlayerControl(Stop)</onclick>
			</control>
			<control type="togglebutton" id="604">
				<left>140</left>
				<top>2</top>
				<width>39</width>
				<height>39</height>
				<label>-</label>
				<texturefocus>OSDPauseFO.png</texturefocus>
				<texturenofocus>OSDPauseNF.png</texturenofocus>
				<usealttexture>Player.Paused | Player.Forwarding | Player.Rewinding</usealttexture>
				<alttexturefocus>OSDPlayFO.png</alttexturefocus>
				<alttexturenofocus>OSDPlayNF.png</alttexturenofocus>
				<onleft>603</onleft>
				<onright>605</onright>
				<onup>610</onup>
				<ondown>606</ondown>
				<onback>50</onback>
				<onclick>PlayerControl(Play)</onclick>
				<enable>Player.PauseEnabled</enable>
				<animation effect="fade" start="100" end="30" time="100" condition="!Player.PauseEnabled">Conditional</animation>
			</control>
			<control type="button" id="605">
				<left>180</left>
				<top>2</top>
				<width>39</width>
				<height>39</height>
				<label>-</label>
				<texturefocus>OSDRecordOffFO.png</texturefocus>
				<texturenofocus>OSDRecordOffNF.png</texturenofocus>
				<onleft>604</onleft>
				<onright>50</onright>
				<onup>610</onup>
				<ondown>611</ondown>
				<onclick>PlayerControl(record)</onclick>
				<enable>Player.CanRecord</enable>
				<animation effect="fade" start="100" end="30" time="100" condition="!Player.CanRecord">Conditional</animation>
			</control>
		</control>
		<control type="group" id="9005">
			<visible>Player.HasMedia</visible>
			<visible>!VideoPlayer.Content(LiveTV)</visible>
			<include>VisibleFadeEffect</include>
			<width>250</width>
			<height>45</height>
			<defaultcontrol always="true">603</defaultcontrol>
			<control type="button" id="600">
				<left>5</left>
				<top>2</top>
				<width>39</width>
				<height>39</height>
				<label>-</label>
				<texturefocus>OSDPrevTrackFO.png</texturefocus>
				<texturenofocus>OSDPrevTrackNF.png</texturenofocus>
				<onleft>50</onleft>
				<onright>606</onright>
				<onup>610</onup>
				<ondown>611</ondown>
				<onback>50</onback>
				<onclick>PlayerControl(Previous)</onclick>
			</control>
			<control type="button" id="606">
				<left>45</left>
				<top>2</top>
				<width>39</width>
				<height>39</height>
				<label>-</label>
				<texturefocus>OSDRewindFO.png</texturefocus>
				<texturenofocus>OSDRewindNF.png</texturenofocus>
				<onleft>600</onleft>
				<onright>603</onright>
				<onup>610</onup>
				<ondown>611</ondown>
				<onback>50</onback>
				<onclick>PlayerControl(Rewind)</onclick>
				<visible>Window.IsVisible(MusicPlaylist) | Window.IsVisible(VideoPlaylist) | Player.HasVideo</visible>
			</control>
			<control type="group">
				<animation effect="slide" start="0,0" end="40,0" time="0" condition="Window.IsVisible(MusicPlaylist) | Window.IsVisible(VideoPlaylist) | Player.HasVideo">Conditional</animation>
				<control type="togglebutton" id="603">
					<left>45</left>
					<top>2</top>
					<width>39</width>
					<height>39</height>
					<label>-</label>
					<texturefocus>OSDPauseFO.png</texturefocus>
					<texturenofocus>OSDPauseNF.png</texturenofocus>
					<usealttexture>Player.Paused | Player.Forwarding | Player.Rewinding</usealttexture>
					<alttexturefocus>OSDPlayFO.png</alttexturefocus>
					<alttexturenofocus>OSDPlayNF.png</alttexturenofocus>
					<onleft>606</onleft>
					<onright>601</onright>
					<onup>610</onup>
					<ondown>611</ondown>
					<onback>50</onback>
					<onclick>PlayerControl(Play)</onclick>
				</control>
				<control type="button" id="601">
					<left>85</left>
					<top>2</top>
					<width>39</width>
					<height>39</height>
					<label>-</label>
					<texturefocus>OSDStopFO.png</texturefocus>
					<texturenofocus>OSDStopNF.png</texturenofocus>
					<onleft>603</onleft>
					<onright>607</onright>
					<onup>610</onup>
					<ondown>611</ondown>
					<onback>50</onback>
					<onclick>down</onclick>
					<onclick>PlayerControl(Stop)</onclick>
				</control>
				<control type="button" id="607">
					<left>125</left>
					<top>2</top>
					<width>39</width>
					<height>39</height>
					<label>-</label>
					<texturefocus>OSDForwardFO.png</texturefocus>
					<texturenofocus>OSDForwardNF.png</texturenofocus>
					<onleft>601</onleft>
					<onright>602</onright>
					<onup>610</onup>
					<ondown>611</ondown>
					<onback>50</onback>
					<onclick>PlayerControl(Forward)</onclick>
					<visible>Window.IsVisible(MusicPlaylist) | Window.IsVisible(VideoPlaylist) | Player.HasVideo</visible>
				</control>
				<control type="button" id="602">
					<left>125</left>
					<top>2</top>
					<width>39</width>
					<height>39</height>
					<label>-</label>
					<texturefocus>OSDNextTrackFO.png</texturefocus>
					<texturenofocus>OSDNextTrackNF.png</texturenofocus>
					<onleft>607</onleft>
					<onright>604</onright>
					<onup>610</onup>
					<ondown>611</ondown>
					<onback>50</onback>
					<onclick>PlayerControl(Next)</onclick>
					<animation effect="slide" start="0,0" end="40,0" time="0" condition="Window.IsVisible(MusicPlaylist) | Window.IsVisible(VideoPlaylist) | Player.HasVideo">Conditional</animation>
				</control>
			</control>
			<control type="group">
				<visible>!Window.IsVisible(MusicPlaylist) + !Window.IsVisible(VideoPlaylist) + !Player.HasVideo</visible>
				<control type="button" id="604">
					<left>165</left>
					<top>2</top>
					<width>39</width>
					<height>39</height>
					<label>-</label>
					<texturefocus>-</texturefocus>
					<texturenofocus>-</texturenofocus>
					<onclick>PlayerControl(Repeat)</onclick>
					<onleft>602</onleft>
					<onright>605</onright>
					<onup>610</onup>
					<ondown>611</ondown>
					<onback>50</onback>
				</control>
				<control type="image">
					<left>165</left>
					<top>2</top>
					<width>39</width>
					<height>39</height>
					<texture>OSDRepeatNF.png</texture>
					<visible>!Playlist.IsRepeat + !Playlist.IsRepeatOne</visible>
					<visible>!Control.HasFocus(604)</visible>
				</control>
				<control type="image">
					<left>165</left>
					<top>2</top>
					<width>39</width>
					<height>39</height>
					<texture>OSDRepeatFO.png</texture>
					<visible>!Playlist.IsRepeat + !Playlist.IsRepeatOne</visible>
					<visible>Control.HasFocus(604)</visible>
				</control>
				<control type="image">
					<left>165</left>
					<top>2</top>
					<width>39</width>
					<height>39</height>
					<texture>OSDRepeatOneNF.png</texture>
					<visible>Playlist.IsRepeatOne</visible>
					<visible>!Control.HasFocus(604)</visible>
				</control>
				<control type="image">
					<left>165</left>
					<top>2</top>
					<width>39</width>
					<height>39</height>
					<texture>OSDRepeatOneFO.png</texture>
					<visible>Playlist.IsRepeatOne</visible>
					<visible>Control.HasFocus(604)</visible>
				</control>
				<control type="image">
					<left>165</left>
					<top>2</top>
					<width>39</width>
					<height>39</height>
					<texture>OSDRepeatAllNF.png</texture>
					<visible>Playlist.IsRepeat</visible>
					<visible>!Control.HasFocus(604)</visible>
				</control>
				<control type="image">
					<left>165</left>
					<top>2</top>
					<width>39</width>
					<height>39</height>
					<texture>OSDRepeatAllFO.png</texture>
					<visible>Playlist.IsRepeat</visible>
					<visible>Control.HasFocus(604)</visible>
				</control>
				<control type="togglebutton" id="605">
					<left>205</left>
					<top>2</top>
					<width>39</width>
					<height>39</height>
					<label>-</label>
					<texturefocus>OSDRandomOffFO.png</texturefocus>
					<texturenofocus>OSDRandomOffNF.png</texturenofocus>
					<usealttexture>Playlist.IsRandom</usealttexture>
					<alttexturefocus>OSDRandomOnFO.png</alttexturefocus>
					<alttexturenofocus>OSDRandomOnNF.png</alttexturenofocus>
					<onclick>PlayerControl(Random)</onclick>
					<onleft>604</onleft>
					<onright>50</onright>
					<onup>610</onup>
					<ondown>611</ondown>
					<onback>50</onback>
				</control>
			</control>
		</control>
		<control type="radiobutton" id="611">
			<description>Go to fullscreen Playback</description>
			<include>ButtonCommonValues</include>
			<label>31008</label>
			<onclick>fullscreen</onclick>
			<textureradioonfocus>GoFullscreen.png</textureradioonfocus>
			<textureradioonnofocus>GoFullscreen.png</textureradioonnofocus>
			<textureradioofffocus>GoFullscreen.png</textureradioofffocus>
			<textureradiooffnofocus>GoFullscreen.png</textureradiooffnofocus>
			<visible>Player.HasMedia</visible>
		</control>
		<control type="button" id="612">
			<description>Go to playlist</description>
			<include>ButtonCommonValues</include>
			<label>13350</label>
			<onclick>$VAR[PlayList]</onclick>
			<visible>[Window.IsActive(videolibrary) + !StringCompare(Playlist.Length(video),0)] | [[Window.IsActive(musiclibrary) | Window.IsActive(musicfiles)] + !StringCompare(Playlist.Length(music),0)]</visible>
		</control>
	</include>
	<!--
    <include name="ScrollOffsetLabel">
        <control type="group">
            <visible>Container.Scrolling + [StringCompare(Container.SortMethod,$LOCALIZE[551]) | StringCompare(Container.SortMethod,$LOCALIZE[561]) | StringCompare(Container.SortMethod,$LOCALIZE[558]) | StringCompare(Container.SortMethod,$LOCALIZE[557]) | StringCompare(Container.SortMethod,$LOCALIZE[556])]</visible>
            <animation effect="slide" start="0,0" end="0,-60" time="100">Visible</animation>
            <animation effect="slide" start="0,-60" end="0,0" delay="400" time="100">Hidden</animation>
            <left>300r</left>
            <top>720</top>
            <control type="image">
                <left>0</left>
                <top>0</top>
                <width>70</width>
                <height>65</height>
                <texture border="20,20,20,2">InfoMessagePanel.png</texture>
            </control>
            <control type="label">
                <left>5</left>
                <top>0</top>
                <width>65</width>
                <height>60</height>
                <align>center</align>
                <aligny>center</aligny>
                <label>$INFO[ListItem.SortLetter]</label>
                <textcolor>white</textcolor>
                <font>font30_title</font>
            </control>
        </control>
    </include>
	-->
	<include name="HomeAddonsCommonLayout">
		<include>Window_OpenClose_Animation</include>
		<animation type="Visible">
			<effect type="slide" start="0,30" end="0,0" delay="200" easing="out" tween="quadratic" time="200" />
			<effect type="fade" start="0" end="100" delay="200" time="200" />
		</animation>
		<animation type="Hidden">
			<effect type="zoom" start="100" end="70" center="auto" easing="in" tween="quadratic" time="300" />
			<effect type="fade" start="100" end="0" time="300" />
		</animation>
		<hitrect x="0" y="530" w="1280" h="120" />
		<left>0</left>
		<top>190r</top>
		<width>1280</width>
		<height>200</height>
		<pagecontrol>-</pagecontrol>
		<scrolltime>300</scrolltime>
		<focusposition>3</focusposition>
		<movement>2</movement>
		<orientation>Horizontal</orientation>
		<itemlayout height="200" width="182">
			<control type="image">
				<left>0</left>
				<top>0</top>
				<width>180</width>
				<height>120</height>
				<aspectratio aligny="bottom">keep</aspectratio>
				<bordertexture border="5">button-nofocus.png</bordertexture>
				<bordersize>3</bordersize>
				<texture background="true">$INFO[ListItem.Icon]</texture>
			</control>
			<control type="image">
				<left>5</left>
				<top>120</top>
				<width>170</width>
				<height>110</height>
				<aspectratio aligny="top">keep</aspectratio>
				<texture diffuse="diffuse_mirror2.png" flipy="true" background="true">$INFO[ListItem.Icon]</texture>
			</control>
			<control type="label">
				<left>1</left>
				<top>125</top>
				<width>180</width>
				<height>20</height>
				<font>font12</font>
				<textcolor>grey2</textcolor>
				<align>center</align>
				<aligny>center</aligny>
				<label>$INFO[ListItem.Label]</label>
			</control>
		</itemlayout>
		<focusedlayout height="200" width="182">
			<control type="image">
				<left>0</left>
				<top>0</top>
				<width>180</width>
				<height>120</height>
				<aspectratio aligny="bottom">keep</aspectratio>
				<bordertexture border="5">button-nofocus.png</bordertexture>
				<bordersize>3</bordersize>
				<texture background="true">$INFO[ListItem.Icon]</texture>
				<visible>!ControlGroup(9002).HasFocus</visible>
			</control>
			<control type="image">
				<left>0</left>
				<top>0</top>
				<width>180</width>
				<height>120</height>
				<aspectratio aligny="bottom">keep</aspectratio>
				<bordertexture border="5">folder-focus.png</bordertexture>
				<bordersize>3</bordersize>
				<texture background="true">$INFO[ListItem.Icon]</texture>
				<visible>ControlGroup(9002).HasFocus</visible>
			</control>
			<control type="image">
				<left>5</left>
				<top>120</top>
				<width>170</width>
				<height>110</height>
				<aspectratio aligny="top">keep</aspectratio>
				<texture diffuse="diffuse_mirror2.png" flipy="true" background="true">$INFO[ListItem.Icon]</texture>
			</control>
			<control type="label">
				<left>1</left>
				<top>125</top>
				<width>180</width>
				<height>20</height>
				<font>font12</font>
				<textcolor>white</textcolor>
				<align>center</align>
				<aligny>center</aligny>
				<label>$INFO[ListItem.Label]</label>
				<visible>ControlGroup(9002).HasFocus</visible>
			</control>
			<control type="label">
				<left>1</left>
				<top>125</top>
				<width>180</width>
				<height>20</height>
				<font>font12</font>
				<textcolor>grey2</textcolor>
				<align>center</align>
				<aligny>center</aligny>
				<label>$INFO[ListItem.Label]</label>
				<visible>!ControlGroup(9002).HasFocus</visible>
			</control>
		</focusedlayout>
	</include>
	<include name="TVNextAiredListCommonLayout">
		<itemlayout height="150" width="280">
			<control type="image">
				<left>0</left>
				<top>0</top>
				<width>280</width>
				<height>145</height>
				<texture border="10">button-nofocus.png</texture>
			</control>
			<control type="image">
				<description>Thumb</description>
				<left>5</left>
				<top>5</top>
				<width>270</width>
				<height>55</height>
				<aspectratio>keep</aspectratio>
				<texture background="true">$INFO[ListItem.Property(Art(poster))]</texture>
				<visible>StringCompare(Window(Home).Property(TVGuide.ThumbType),0)</visible>
			</control>
			<control type="image">
				<description>Banner</description>
				<left>5</left>
				<top>5</top>
				<width>270</width>
				<height>55</height>
				<aspectratio>keep</aspectratio>
				<texture background="true">$INFO[ListItem.Property(Art(banner))]</texture>
				<visible>StringCompare(Window(Home).Property(TVGuide.ThumbType),1)</visible>
			</control>
			<control type="image">
				<description>Logo</description>
				<left>5</left>
				<top>5</top>
				<width>270</width>
				<height>55</height>
				<aspectratio>keep</aspectratio>
				<texture background="true">$INFO[ListItem.Property(Path),,logo.png]</texture>
				<visible>StringCompare(Window(Home).Property(TVGuide.ThumbType),2)</visible>
			</control>
			<control type="label">
				<description>Episode Number</description>
				<left>10</left>
				<top>60</top>
				<width>260</width>
				<height>15</height>
				<label>$INFO[ListItem.Property(NextNumber),$LOCALIZE[20359] [COLOR=blue]-[/COLOR] ]</label>
				<textcolor>white</textcolor>
				<font>font12</font>
				<align>center</align>
			</control>
			<control type="label">
				<description>Episode Name</description>
				<left>10</left>
				<top>80</top>
				<width>260</width>
				<height>15</height>
				<label>$INFO[ListItem.Property(NextTitle)]</label>
				<textcolor>white</textcolor>
				<font>font12</font>
				<align>center</align>
			</control>
			<control type="label">
				<description>Next air date/time</description>
				<left>10</left>
				<top>100</top>
				<width>260</width>
				<height>15</height>
				<label>$INFO[ListItem.Property(ShortTime)]$INFO[ListItem.Property(NextDate), [COLOR=blue]-[/COLOR] ]</label>
				<textcolor>grey2</textcolor>
				<font>font12</font>
				<align>center</align>
			</control>
			<control type="label">
				<description>Duration</description>
				<left>10</left>
				<top>120</top>
				<width>260</width>
				<height>15</height>
				<label>$INFO[ListItem.Property(Runtime),, $LOCALIZE[12391]]$INFO[ListItem.Property(Network), [COLOR=blue]-[/COLOR] (,)]</label>
				<textcolor>grey2</textcolor>
				<font>font12</font>
				<align>center</align>
			</control>
		</itemlayout>
		<focusedlayout height="150" width="280">
			<control type="image">
				<left>0</left>
				<top>0</top>
				<width>280</width>
				<height>145</height>
				<texture border="10">button-focus2.png</texture>
			</control>
			<control type="image">
				<description>Thumb</description>
				<left>5</left>
				<top>5</top>
				<width>270</width>
				<height>55</height>
				<aspectratio>keep</aspectratio>
				<texture background="true">$INFO[ListItem.Property(Art(poster))]</texture>
				<visible>StringCompare(Window(Home).Property(TVGuide.ThumbType),0)</visible>
			</control>
			<control type="image">
				<description>Banner</description>
				<left>5</left>
				<top>5</top>
				<width>270</width>
				<height>55</height>
				<aspectratio>keep</aspectratio>
				<texture background="true">$INFO[ListItem.Property(Art(banner))]</texture>
				<visible>StringCompare(Window(Home).Property(TVGuide.ThumbType),1)</visible>
			</control>
			<control type="image">
				<description>Logo</description>
				<left>5</left>
				<top>5</top>
				<width>270</width>
				<height>55</height>
				<aspectratio>keep</aspectratio>
				<texture background="true">$INFO[ListItem.Property(Path),,logo.png]</texture>
				<visible>StringCompare(Window(Home).Property(TVGuide.ThumbType),2)</visible>
			</control>
			<control type="label">
				<description>Episode Number</description>
				<left>10</left>
				<top>60</top>
				<width>260</width>
				<height>15</height>
				<label>$INFO[ListItem.Property(NextNumber),$LOCALIZE[20359] [COLOR=blue]-[/COLOR] ]</label>
				<textcolor>selected</textcolor>
				<font>font12</font>
				<align>center</align>
			</control>
			<control type="label">
				<description>Episode Name</description>
				<left>10</left>
				<top>80</top>
				<width>260</width>
				<height>15</height>
				<label>$INFO[ListItem.Property(NextTitle)]</label>
				<textcolor>selected</textcolor>
				<font>font12</font>
				<align>center</align>
			</control>
			<control type="label">
				<description>Next air date/time</description>
				<left>10</left>
				<top>100</top>
				<width>260</width>
				<height>15</height>
				<label>$INFO[ListItem.Property(ShortTime)]$INFO[ListItem.Property(NextDate), [COLOR=blue]-[/COLOR] ]</label>
				<textcolor>white</textcolor>
				<font>font12</font>
				<align>center</align>
			</control>
			<control type="label">
				<description>Duration</description>
				<left>10</left>
				<top>120</top>
				<width>260</width>
				<height>15</height>
				<label>$INFO[ListItem.Property(Runtime),, $LOCALIZE[12391]]$INFO[ListItem.Property(Network), [COLOR=blue]-[/COLOR] (,)]</label>
				<textcolor>white</textcolor>
				<font>font12</font>
				<align>center</align>
			</control>
		</focusedlayout>
	</include>
	<include name="BottonLogoImage">
		<control type="image">
			<description>LOGO</description>
			<left>10</left>
			<top>80r</top>
			<width>220</width>
			<height>80</height>
			<aspectratio>keep</aspectratio>
			<texture>Convergence_Logo.png</texture>
			<animation type="WindowOpen" reversible="false">
				<effect type="zoom" start="80" end="100" center="640,360" easing="out" tween="back" time="300" />
				<effect type="fade" start="0" end="100" time="300" />
			</animation>
			<animation type="WindowClose" reversible="false">
				<effect type="zoom" start="100" end="80" center="640,360" easing="in" tween="back" time="300" />
				<effect type="fade" start="100" end="0" time="300" />
			</animation>
			<!--
            <animation effect="slide" start="0,10" end="0,0" time="200" condition="Window.Previous(Home)">WindowOpen</animation>
            <animation effect="slide" start="0,0" end="0,10" time="200" condition="Window.Next(Home)">WindowClose</animation>
			-->
		</control>
	</include>
	<include name="MenuMoviePlayListCheck">
		<visible>
			!IsEmpty(Skin.String(HomeMenu.1.Playlist)) + Skin.String(HomeMenu.1.Type,VideoPlayList) + StringCompare(Window(Home).Property(UsrSelectBtn),HomeMenu.1) |
			!IsEmpty(Skin.String(HomeMenu.2.Playlist)) + Skin.String(HomeMenu.2.Type,VideoPlayList) + StringCompare(Window(Home).Property(UsrSelectBtn),HomeMenu.2) |
			!IsEmpty(Skin.String(HomeMenu.3.Playlist)) + Skin.String(HomeMenu.3.Type,VideoPlayList) + StringCompare(Window(Home).Property(UsrSelectBtn),HomeMenu.3) |
			!IsEmpty(Skin.String(HomeMenu.4.Playlist)) + Skin.String(HomeMenu.4.Type,VideoPlayList) + StringCompare(Window(Home).Property(UsrSelectBtn),HomeMenu.4) |
			!IsEmpty(Skin.String(HomeMenu.5.Playlist)) + Skin.String(HomeMenu.5.Type,VideoPlayList) + StringCompare(Window(Home).Property(UsrSelectBtn),HomeMenu.5) |
			!IsEmpty(Skin.String(HomeMenu.6.Playlist)) + Skin.String(HomeMenu.6.Type,VideoPlayList) + StringCompare(Window(Home).Property(UsrSelectBtn),HomeMenu.6) |
			!IsEmpty(Skin.String(HomeMenu.7.Playlist)) + Skin.String(HomeMenu.7.Type,VideoPlayList) + StringCompare(Window(Home).Property(UsrSelectBtn),HomeMenu.7) |
			!IsEmpty(Skin.String(HomeMenu.8.Playlist)) + Skin.String(HomeMenu.8.Type,VideoPlayList) + StringCompare(Window(Home).Property(UsrSelectBtn),HomeMenu.8) |
			!IsEmpty(Skin.String(HomeMenu.9.Playlist)) + Skin.String(HomeMenu.9.Type,VideoPlayList) + StringCompare(Window(Home).Property(UsrSelectBtn),HomeMenu.9) |
			!IsEmpty(Skin.String(HomeMenu.10.Playlist)) + Skin.String(HomeMenu.10.Type,VideoPlayList) + StringCompare(Window(Home).Property(UsrSelectBtn),HomeMenu.10)
		</visible>
	</include>
	<include name="MenuMusicPlayListCheck">
		<visible>
			!IsEmpty(Skin.String(HomeMenu.1.Playlist)) + Skin.String(HomeMenu.1.Type,MusicPlaylist) + StringCompare(Window(Home).Property(UsrSelectBtn),HomeMenu.1) |
			!IsEmpty(Skin.String(HomeMenu.2.Playlist)) + Skin.String(HomeMenu.2.Type,MusicPlaylist) + StringCompare(Window(Home).Property(UsrSelectBtn),HomeMenu.2) |
			!IsEmpty(Skin.String(HomeMenu.3.Playlist)) + Skin.String(HomeMenu.3.Type,MusicPlaylist) + StringCompare(Window(Home).Property(UsrSelectBtn),HomeMenu.3) |
			!IsEmpty(Skin.String(HomeMenu.4.Playlist)) + Skin.String(HomeMenu.4.Type,MusicPlaylist) + StringCompare(Window(Home).Property(UsrSelectBtn),HomeMenu.4) |
			!IsEmpty(Skin.String(HomeMenu.5.Playlist)) + Skin.String(HomeMenu.5.Type,MusicPlaylist) + StringCompare(Window(Home).Property(UsrSelectBtn),HomeMenu.5) |
			!IsEmpty(Skin.String(HomeMenu.6.Playlist)) + Skin.String(HomeMenu.6.Type,MusicPlaylist) + StringCompare(Window(Home).Property(UsrSelectBtn),HomeMenu.6) |
			!IsEmpty(Skin.String(HomeMenu.7.Playlist)) + Skin.String(HomeMenu.7.Type,MusicPlaylist) + StringCompare(Window(Home).Property(UsrSelectBtn),HomeMenu.7) |
			!IsEmpty(Skin.String(HomeMenu.8.Playlist)) + Skin.String(HomeMenu.8.Type,MusicPlaylist) + StringCompare(Window(Home).Property(UsrSelectBtn),HomeMenu.8) |
			!IsEmpty(Skin.String(HomeMenu.9.Playlist)) + Skin.String(HomeMenu.9.Type,MusicPlaylist) + StringCompare(Window(Home).Property(UsrSelectBtn),HomeMenu.9) |
			!IsEmpty(Skin.String(HomeMenu.10.Playlist)) + Skin.String(HomeMenu.10.Type,MusicPlaylist) + StringCompare(Window(Home).Property(UsrSelectBtn),HomeMenu.10)
		</visible>
	</include>
</includes>