<?xml version="1.0" encoding="UTF-8"?>
<window>
    <defaultcontrol>-</defaultcontrol>
    <coordinates>
        <system>1</system>
        <left>0</left>
        <top>0</top>
    </coordinates>
    <controls>
        <control type="list" id="100">
            <left>-10</left>
            <top>-10</top>
            <width>1</width>
            <height>1</height>
            <visible>false</visible>
            <itemlayout width="1" height="1" />
            <focusedlayout width="1" height="1" />
        </control>
        <control type="group">
            <animation effect="slide" start="1240,0" end="0,0" time="400" tween="quadratic" easing="out">WindowOpen</animation>
            <animation effect="slide" start="0,0" end="1240,0" time="400" tween="quadratic" easing="out">WindowClose</animation>
            <control type="image">
                <left>20</left>
                <top>0</top>
                <width>1260</width>
                <height>720</height>
                <texture border="15,0,0,0" flipx="true">MediaBladeSub.png</texture>
            </control>
            <control type="image" id="199">
                <left>20</left>
                <top>48</top>
                <width>1240</width>
                <height>623</height>
                <colordiffuse>4FFFFFFF</colordiffuse>
                <aspectratio>scale</aspectratio>
                <texture>$INFO[Container(100).ListItem.Property(Fanart_Image)]</texture>
            </control>
            <control type="image">
                <left>20</left>
                <top>48</top>
                <width>1240</width>
                <height>623</height>
                <texture>background.jpg</texture>
                <colordiffuse>4FFFFFFF</colordiffuse>
                <aspectratio>scale</aspectratio>
                <visible>IsEmpty(Control.GetLabel(199))</visible>
            </control>
            <control type="label">
                <left>40</left>
                <top>58</top>
                <width>1200</width>
                <height>30</height>
                <font>font24_title</font>
                <align>center</align>
                <aligny>center</aligny>
                <textcolor>white</textcolor>
                <shadowcolor>FF000000</shadowcolor>
                <label>$INFO[Container(100).ListItem.label]</label>
            </control>
            <control type="image">
                <left>40</left>
                <top>93</top>
                <width>1200</width>
                <height>4</height>
                <aspectratio>stretch</aspectratio>
                <texture>separator.png</texture>
            </control>
            <control type="image">
                <left>50</left>
                <top>108</top>
                <width>360</width>
                <height>360</height>
                <aspectratio>keep</aspectratio>
                <texture>$INFO[Container(100).ListItem.icon]</texture>
            </control>
            <control type="group">
                <visible>Control.IsVisible(110) | Control.IsVisible(140) | Control.IsVisible(150)</visible>
                <control type="image">
                    <left>80</left>
                    <top>425</top>
                    <width>48</width>
                    <height>36</height>
                    <aspectratio>keep</aspectratio>
                    <texture>mediaflags/videoresolution/$INFO[Container(100).ListItem.Property(VideoResolution),,.png]</texture>
                </control>
                <control type="image">
                    <left>130</left>
                    <top>425</top>
                    <width>75</width>
                    <height>36</height>
                    <aspectratio>keep</aspectratio>
                    <texture>mediaflags/videocodec/$INFO[Container(100).ListItem.Property(VideoCodec),,.png]</texture>
                </control>
                <control type="image">
                    <left>207</left>
                    <top>425</top>
                    <width>48</width>
                    <height>36</height>
                    <aspectratio>keep</aspectratio>
                    <texture>mediaflags/videoaspect/$INFO[Container(100).ListItem.Property(VideoAspect),,.png]</texture>
                </control>
                <control type="image">
                    <left>257</left>
                    <top>425</top>
                    <width>75</width>
                    <height>36</height>
                    <aspectratio>keep</aspectratio>
                    <texture>mediaflags/audiocodec/$INFO[Container(100).ListItem.Property(AudioCodec),,.png]</texture>
                </control>
                <control type="image">
                    <left>334</left>
                    <top>425</top>
                    <width>48</width>
                    <height>36</height>
                    <aspectratio>keep</aspectratio>
                    <texture>mediaflags/audiochannels/$INFO[Container(100).ListItem.Property(AudioChannels),,.png]</texture>
                </control>
            </control>
            <control type="group" id="101">
                <control type="list" id="110">
                    <left>430</left>
                    <top>118</top>
                    <width>800</width>
                    <height>330</height>
                    <onleft>110</onleft>
                    <onright>110</onright>
                    <onup>190</onup>
                    <ondown>195</ondown>
                    <pagecontrol>-</pagecontrol>
                    <scrolltime>200</scrolltime>
                    <itemlayout width="800" height="30">
                        <control type="label">
                            <left>165</left>
                            <top>0</top>
                            <width>165</width>
                            <height>30</height>
                            <font>font13</font>
                            <align>right</align>
                            <aligny>center</aligny>
                            <textcolor>blue</textcolor>
                            <selectedcolor>blue</selectedcolor>
                            <label>$INFO[ListItem.label]</label>
                        </control>
                        <control type="label">
                            <left>175</left>
                            <top>0</top>
                            <width>625</width>
                            <height>30</height>
                            <font>font13</font>
                            <align>left</align>
                            <aligny>center</aligny>
                            <textcolor>white</textcolor>
                            <selectedcolor>white</selectedcolor>
                            <label>$INFO[ListItem.label2]</label>
                        </control>
                    </itemlayout>
                    <focusedlayout width="800" height="30">
                        <control type="image">
                            <left>0</left>
                            <top>0</top>
                            <width>800</width>
                            <height>30</height>
                            <texture>MenuItemFO.png</texture>
                            <visible>Control.HasFocus(110)</visible>
                        </control>
                        <control type="label">
                            <left>165</left>
                            <top>0</top>
                            <width>165</width>
                            <height>30</height>
                            <font>font13</font>
                            <align>right</align>
                            <aligny>center</aligny>
                            <textcolor>blue</textcolor>
                            <selectedcolor>blue</selectedcolor>
                            <label>$INFO[ListItem.label]</label>
                        </control>
                        <control type="label">
                            <left>175</left>
                            <top>0</top>
                            <width>625</width>
                            <height>30</height>
                            <font>font13</font>
                            <align>left</align>
                            <aligny>center</aligny>
                            <textcolor>white</textcolor>
                            <selectedcolor>white</selectedcolor>
                            <label>$INFO[ListItem.label2]</label>
                        </control>
                    </focusedlayout>
                    <content>
                        <item>
                            <label>$LOCALIZE[20339]$LOCALIZE[31000]</label>
                            <label2>$INFO[Container(100).ListItem.Property(Director)]</label2>
                            <onclick>noop</onclick>
                            <visible>!IsEmpty(Container(100).ListItem.Property(Director))</visible>
                        </item>
                        <item>
                            <label>$LOCALIZE[572]$LOCALIZE[31000]</label>
                            <label2>$INFO[Container(100).ListItem.Property(Studio)]</label2>
                            <onclick>noop</onclick>
                            <visible>!IsEmpty(Container(100).ListItem.Property(Studio))</visible>
                        </item>
                        <item>
                            <label>$LOCALIZE[515]$LOCALIZE[31000]</label>
                            <label2>$INFO[Container(100).ListItem.Property(Genre)]</label2>
                            <onclick>noop</onclick>
                            <visible>!IsEmpty(Container(100).ListItem.Property(Genre))</visible>
                        </item>
                        <item>
                            <label>$LOCALIZE[562]$LOCALIZE[31000]</label>
                            <label2>$INFO[Container(100).ListItem.Property(Year)]</label2>
                            <onclick>noop</onclick>
                            <visible>!IsEmpty(Container(100).ListItem.Property(Year))</visible>
                        </item>
                        <item>
                            <label>$LOCALIZE[2050]$LOCALIZE[31000]</label>
                            <label2>$INFO[Container(100).ListItem.Property(Duration),, $LOCALIZE[12391]]</label2>
                            <onclick>noop</onclick>
                            <visible>!IsEmpty(Container(100).ListItem.Property(Duration)) + !SubString(Container(100).ListItem.Property(Duration),min)</visible>
                        </item>
                        <item>
                            <label>$LOCALIZE[2050]$LOCALIZE[31000]</label>
                            <label2>$INFO[Container(100).ListItem.Property(Duration)]</label2>
                            <onclick>noop</onclick>
                            <visible>!IsEmpty(Container(100).ListItem.Property(Duration)) + SubString(Container(100).ListItem.Property(Duration),min)</visible>
                        </item>
                        <item>
                            <label>$LOCALIZE[563]$LOCALIZE[31000]</label>
                            <label2>$INFO[Container(100).ListItem.Property(Rating)]</label2>
                            <onclick>noop</onclick>
                            <visible>!IsEmpty(Container(100).ListItem.Property(Rating))</visible>
                        </item>
                        <item>
                            <label>$LOCALIZE[202]$LOCALIZE[31000]</label>
                            <label2>$INFO[Container(100).ListItem.Property(TagLine)]</label2>
                            <onclick>noop</onclick>
                            <visible>!IsEmpty(Container(100).ListItem.Property(TagLine))</visible>
                        </item>
                        <item>
                            <label>$LOCALIZE[203]$LOCALIZE[31000]</label>
                            <label2>$INFO[Container(100).ListItem.Property(PlotOutline)]</label2>
                            <onclick>noop</onclick>
                            <visible>!IsEmpty(Container(100).ListItem.Property(PlotOutline))</visible>
                        </item>
                        <item>
                            <label>$LOCALIZE[20074]$LOCALIZE[31000]</label>
                            <label2>$INFO[Container(100).ListItem.Property(Mpaa)]</label2>
                            <onclick>noop</onclick>
                            <visible>!IsEmpty(Container(100).ListItem.Property(Mpaa))</visible>
                        </item>
                        <item>
                            <label>$LOCALIZE[567]$LOCALIZE[31000]</label>
                            <label2>$INFO[Container(100).ListItem.Property(Playcount)]</label2>
                            <onclick>noop</onclick>
                            <visible>!IsEmpty(Container(100).ListItem.Property(Playcount))</visible>
                        </item>
                        <item>
                            <label>$LOCALIZE[15311]</label>
                            <label2>$INFO[Container(100).ListItem.Property(Path)]</label2>
                            <onclick>noop</onclick>
                            <visible>!IsEmpty(Container(100).ListItem.Property(Path))</visible>
                        </item>
                    </content>
                </control>
                <control type="list" id="120">
                    <left>430</left>
                    <top>118</top>
                    <width>800</width>
                    <height>330</height>
                    <onleft>120</onleft>
                    <onright>120</onright>
                    <onup>190</onup>
                    <ondown>195</ondown>
                    <pagecontrol>-</pagecontrol>
                    <scrolltime>200</scrolltime>
                    <itemlayout width="800" height="30">
                        <control type="label">
                            <left>165</left>
                            <top>0</top>
                            <width>165</width>
                            <height>30</height>
                            <font>font13</font>
                            <align>right</align>
                            <aligny>center</aligny>
                            <textcolor>blue</textcolor>
                            <selectedcolor>blue</selectedcolor>
                            <label>$INFO[ListItem.label]</label>
                        </control>
                        <control type="label">
                            <left>175</left>
                            <top>0</top>
                            <width>625</width>
                            <height>30</height>
                            <font>font13</font>
                            <align>left</align>
                            <aligny>center</aligny>
                            <textcolor>white</textcolor>
                            <selectedcolor>white</selectedcolor>
                            <label>$INFO[ListItem.label2]</label>
                        </control>
                    </itemlayout>
                    <focusedlayout width="800" height="30">
                        <control type="image">
                            <left>0</left>
                            <top>0</top>
                            <width>800</width>
                            <height>30</height>
                            <texture>MenuItemFO.png</texture>
                            <visible>Control.HasFocus(120)</visible>
                        </control>
                        <control type="label">
                            <left>165</left>
                            <top>0</top>
                            <width>165</width>
                            <height>30</height>
                            <font>font13</font>
                            <align>right</align>
                            <aligny>center</aligny>
                            <textcolor>blue</textcolor>
                            <selectedcolor>blue</selectedcolor>
                            <label>$INFO[ListItem.label]</label>
                        </control>
                        <control type="label">
                            <left>175</left>
                            <top>0</top>
                            <width>625</width>
                            <height>30</height>
                            <font>font13</font>
                            <align>left</align>
                            <aligny>center</aligny>
                            <textcolor>white</textcolor>
                            <selectedcolor>white</selectedcolor>
                            <label>$INFO[ListItem.label2]</label>
                        </control>
                    </focusedlayout>
                    <content>
                        <item>
                            <label>$LOCALIZE[20360]$LOCALIZE[31000]</label>
                            <label2>$INFO[Container(100).ListItem.Property(Episode)]</label2>
                            <onclick>noop</onclick>
                            <visible>!IsEmpty(Container(100).ListItem.Property(Episode))</visible>
                        </item>
                        <item>
                            <label>$LOCALIZE[20416]$LOCALIZE[31000]</label>
                            <label2>$INFO[Container(100).ListItem.Property(Premiered)]</label2>
                            <onclick>noop</onclick>
                            <visible>!IsEmpty(Container(100).ListItem.Property(Premiered))</visible>
                        </item>
                        <item>
                            <label>$LOCALIZE[572]$LOCALIZE[31000]</label>
                            <label2>$INFO[Container(100).ListItem.Property(Studio)]</label2>
                            <onclick>noop</onclick>
                            <visible>!IsEmpty(Container(100).ListItem.Property(Studio))</visible>
                        </item>
                        <item>
                            <label>$LOCALIZE[515]$LOCALIZE[31000]</label>
                            <label2>$INFO[Container(100).ListItem.Property(Genre)]</label2>
                            <onclick>noop</onclick>
                            <visible>!IsEmpty(Container(100).ListItem.Property(Genre))</visible>
                        </item>
                        <item>
                            <label>$LOCALIZE[562]$LOCALIZE[31000]</label>
                            <label2>$INFO[Container(100).ListItem.Property(Year)]</label2>
                            <onclick>noop</onclick>
                            <visible>!IsEmpty(Container(100).ListItem.Property(Year))</visible>
                        </item>
                        <item>
                            <label>$LOCALIZE[563]$LOCALIZE[31000]</label>
                            <label2>$INFO[Container(100).ListItem.Property(Rating)]</label2>
                            <onclick>noop</onclick>
                            <visible>!IsEmpty(Container(100).ListItem.Property(Rating))</visible>
                        </item>
                        <item>
                            <label>$LOCALIZE[20074]$LOCALIZE[31000]</label>
                            <label2>$INFO[Container(100).ListItem.Property(Mpaa)]</label2>
                            <onclick>noop</onclick>
                            <visible>!IsEmpty(Container(100).ListItem.Property(Mpaa))</visible>
                        </item>
                        <item>
                            <label>$LOCALIZE[567]$LOCALIZE[31000]</label>
                            <label2>$INFO[Container(100).ListItem.Property(Playcount)]</label2>
                            <onclick>noop</onclick>
                            <visible>!IsEmpty(Container(100).ListItem.Property(Playcount))</visible>
                        </item>
                        <item>
                            <label>$LOCALIZE[15311]</label>
                            <label2>$INFO[Container(100).ListItem.Property(Path)]</label2>
                            <onclick>noop</onclick>
                            <visible>!IsEmpty(Container(100).ListItem.Property(Path))</visible>
                        </item>
                    </content>
                </control>
                <control type="list" id="130">
                    <left>430</left>
                    <top>118</top>
                    <width>800</width>
                    <height>330</height>
                    <onleft>130</onleft>
                    <onright>130</onright>
                    <onup>190</onup>
                    <ondown>195</ondown>
                    <pagecontrol>-</pagecontrol>
                    <scrolltime>200</scrolltime>
                    <itemlayout width="800" height="30">
                        <control type="label">
                            <left>165</left>
                            <top>0</top>
                            <width>165</width>
                            <height>30</height>
                            <font>font13</font>
                            <align>right</align>
                            <aligny>center</aligny>
                            <textcolor>blue</textcolor>
                            <selectedcolor>blue</selectedcolor>
                            <label>$INFO[ListItem.label]</label>
                        </control>
                        <control type="label">
                            <left>175</left>
                            <top>0</top>
                            <width>625</width>
                            <height>30</height>
                            <font>font13</font>
                            <align>left</align>
                            <aligny>center</aligny>
                            <textcolor>white</textcolor>
                            <selectedcolor>white</selectedcolor>
                            <label>$INFO[ListItem.label2]</label>
                        </control>
                    </itemlayout>
                    <focusedlayout width="800" height="30">
                        <control type="image">
                            <left>0</left>
                            <top>0</top>
                            <width>800</width>
                            <height>30</height>
                            <texture>MenuItemFO.png</texture>
                            <visible>Control.HasFocus(130)</visible>
                        </control>
                        <control type="label">
                            <left>165</left>
                            <top>0</top>
                            <width>165</width>
                            <height>30</height>
                            <font>font13</font>
                            <align>right</align>
                            <aligny>center</aligny>
                            <textcolor>blue</textcolor>
                            <selectedcolor>blue</selectedcolor>
                            <label>$INFO[ListItem.label]</label>
                        </control>
                        <control type="label">
                            <left>175</left>
                            <top>0</top>
                            <width>625</width>
                            <height>30</height>
                            <font>font13</font>
                            <align>left</align>
                            <aligny>center</aligny>
                            <textcolor>white</textcolor>
                            <selectedcolor>white</selectedcolor>
                            <label>$INFO[ListItem.label2]</label>
                        </control>
                    </focusedlayout>
                    <content>
                        <item>
                            <label>$LOCALIZE[20364]$LOCALIZE[31000]</label>
                            <label2>$INFO[Container(100).ListItem.Property(TVShowTitle)]</label2>
                            <onclick>noop</onclick>
                            <visible>!IsEmpty(Container(100).ListItem.Property(TVShowTitle))</visible>
                        </item>
                        <item>
                            <label>$LOCALIZE[20360]$LOCALIZE[31000]</label>
                            <label2>$INFO[Container(100).ListItem.Property(Episode)]</label2>
                            <onclick>noop</onclick>
                            <visible>!IsEmpty(Container(100).ListItem.Property(Episode))</visible>
                        </item>
                        <item>
                            <label>$LOCALIZE[567]$LOCALIZE[31000]</label>
                            <label2>$INFO[Container(100).ListItem.Property(Playcount)]</label2>
                            <onclick>noop</onclick>
                            <visible>!IsEmpty(Container(100).ListItem.Property(Playcount))</visible>
                        </item>
                        <item>
                            <label>$LOCALIZE[15311]</label>
                            <label2>$INFO[Container(100).ListItem.Property(Path)]</label2>
                            <onclick>noop</onclick>
                            <visible>!IsEmpty(Container(100).ListItem.Property(Path))</visible>
                        </item>
                    </content>
                </control>
                <control type="list" id="140">
                    <left>430</left>
                    <top>118</top>
                    <width>800</width>
                    <height>330</height>
                    <onleft>140</onleft>
                    <onright>140</onright>
                    <onup>190</onup>
                    <ondown>195</ondown>
                    <pagecontrol>-</pagecontrol>
                    <scrolltime>200</scrolltime>
                    <itemlayout width="800" height="30">
                        <control type="label">
                            <left>165</left>
                            <top>0</top>
                            <width>165</width>
                            <height>30</height>
                            <font>font13</font>
                            <align>right</align>
                            <aligny>center</aligny>
                            <textcolor>blue</textcolor>
                            <selectedcolor>blue</selectedcolor>
                            <label>$INFO[ListItem.label]</label>
                        </control>
                        <control type="label">
                            <left>175</left>
                            <top>0</top>
                            <width>625</width>
                            <height>30</height>
                            <font>font13</font>
                            <align>left</align>
                            <aligny>center</aligny>
                            <textcolor>white</textcolor>
                            <selectedcolor>white</selectedcolor>
                            <label>$INFO[ListItem.label2]</label>
                        </control>
                    </itemlayout>
                    <focusedlayout width="800" height="30">
                        <control type="image">
                            <left>0</left>
                            <top>0</top>
                            <width>800</width>
                            <height>30</height>
                            <texture>MenuItemFO.png</texture>
                            <visible>Control.HasFocus(140)</visible>
                        </control>
                        <control type="label">
                            <left>165</left>
                            <top>0</top>
                            <width>165</width>
                            <height>30</height>
                            <font>font13</font>
                            <align>right</align>
                            <aligny>center</aligny>
                            <textcolor>blue</textcolor>
                            <selectedcolor>blue</selectedcolor>
                            <label>$INFO[ListItem.label]</label>
                        </control>
                        <control type="label">
                            <left>175</left>
                            <top>0</top>
                            <width>625</width>
                            <height>30</height>
                            <font>font13</font>
                            <align>left</align>
                            <aligny>center</aligny>
                            <textcolor>white</textcolor>
                            <selectedcolor>white</selectedcolor>
                            <label>$INFO[ListItem.label2]</label>
                        </control>
                    </focusedlayout>
                    <content>
                        <item>
                            <label>$LOCALIZE[20364]$LOCALIZE[31000]</label>
                            <label2>$INFO[Container(100).ListItem.Property(TVShowTitle)]</label2>
                            <onclick>noop</onclick>
                            <visible>!IsEmpty(Container(100).ListItem.Property(TVShowTitle))</visible>
                        </item>
                        <item>
                            <label>$LOCALIZE[20373]$LOCALIZE[31000]</label>
                            <label2>$INFO[Container(100).ListItem.Property(Season)]</label2>
                            <onclick>noop</onclick>
                            <visible>!IsEmpty(Container(100).ListItem.Property(Season))</visible>
                        </item>
                        <item>
                            <label>$LOCALIZE[20360]$LOCALIZE[31000]</label>
                            <label2>$INFO[Container(100).ListItem.Property(Episode)]</label2>
                            <onclick>noop</onclick>
                            <visible>!IsEmpty(Container(100).ListItem.Property(Episode))</visible>
                        </item>
                        <item>
                            <label>$LOCALIZE[20339]$LOCALIZE[31000]</label>
                            <label2>$INFO[Container(100).ListItem.Property(Director)]</label2>
                            <onclick>noop</onclick>
                            <visible>!IsEmpty(Container(100).ListItem.Property(Director))</visible>
                        </item>
                        <item>
                            <label>$LOCALIZE[20416]$LOCALIZE[31000]</label>
                            <label2>$INFO[Container(100).ListItem.Property(Premiered)]</label2>
                            <onclick>noop</onclick>
                            <visible>!IsEmpty(Container(100).ListItem.Property(Premiered))</visible>
                        </item>
                        <item>
                            <label>$LOCALIZE[2050]$LOCALIZE[31000]</label>
                            <label2>$INFO[Container(100).ListItem.Property(Duration),, $LOCALIZE[12391]]</label2>
                            <onclick>noop</onclick>
                            <visible>!IsEmpty(Container(100).ListItem.Property(Duration)) + !SubString(Container(100).ListItem.Property(Duration),min)</visible>
                        </item>
                        <item>
                            <label>$LOCALIZE[2050]$LOCALIZE[31000]</label>
                            <label2>$INFO[Container(100).ListItem.Property(Duration)]</label2>
                            <onclick>noop</onclick>
                            <visible>!IsEmpty(Container(100).ListItem.Property(Duration)) + SubString(Container(100).ListItem.Property(Duration),min)</visible>
                        </item>
                        <item>
                            <label>$LOCALIZE[563]$LOCALIZE[31000]</label>
                            <label2>$INFO[Container(100).ListItem.Property(Rating)]</label2>
                            <onclick>noop</onclick>
                            <visible>!IsEmpty(Container(100).ListItem.Property(Rating))</visible>
                        </item>
                        <item>
                            <label>$LOCALIZE[567]$LOCALIZE[31000]</label>
                            <label2>$INFO[Container(100).ListItem.Property(Playcount)]</label2>
                            <onclick>noop</onclick>
                            <visible>!IsEmpty(Container(100).ListItem.Property(Playcount))</visible>
                        </item>
                        <item>
                            <label>$LOCALIZE[15311]</label>
                            <label2>$INFO[Container(100).ListItem.Property(Path)]</label2>
                            <onclick>noop</onclick>
                            <visible>!IsEmpty(Container(100).ListItem.Property(Path))</visible>
                        </item>
                    </content>
                </control>
                <control type="list" id="150">
                    <left>430</left>
                    <top>118</top>
                    <width>800</width>
                    <height>330</height>
                    <onleft>150</onleft>
                    <onright>150</onright>
                    <onup>190</onup>
                    <ondown>195</ondown>
                    <pagecontrol>-</pagecontrol>
                    <scrolltime>200</scrolltime>
                    <itemlayout width="800" height="30">
                        <control type="label">
                            <left>165</left>
                            <top>0</top>
                            <width>165</width>
                            <height>30</height>
                            <font>font13</font>
                            <align>right</align>
                            <aligny>center</aligny>
                            <textcolor>blue</textcolor>
                            <selectedcolor>blue</selectedcolor>
                            <label>$INFO[ListItem.label]</label>
                        </control>
                        <control type="label">
                            <left>175</left>
                            <top>0</top>
                            <width>625</width>
                            <height>30</height>
                            <font>font13</font>
                            <align>left</align>
                            <aligny>center</aligny>
                            <textcolor>white</textcolor>
                            <selectedcolor>white</selectedcolor>
                            <label>$INFO[ListItem.label2]</label>
                        </control>
                    </itemlayout>
                    <focusedlayout width="800" height="30">
                        <control type="image">
                            <left>0</left>
                            <top>0</top>
                            <width>800</width>
                            <height>30</height>
                            <texture>MenuItemFO.png</texture>
                            <visible>Control.HasFocus(150)</visible>
                        </control>
                        <control type="label">
                            <left>165</left>
                            <top>0</top>
                            <width>165</width>
                            <height>30</height>
                            <font>font13</font>
                            <align>right</align>
                            <aligny>center</aligny>
                            <textcolor>blue</textcolor>
                            <selectedcolor>blue</selectedcolor>
                            <label>$INFO[ListItem.label]</label>
                        </control>
                        <control type="label">
                            <left>175</left>
                            <top>0</top>
                            <width>625</width>
                            <height>30</height>
                            <font>font13</font>
                            <align>left</align>
                            <aligny>center</aligny>
                            <textcolor>white</textcolor>
                            <selectedcolor>white</selectedcolor>
                            <label>$INFO[ListItem.label2]</label>
                        </control>
                    </focusedlayout>
                    <content>
                        <item>
                            <label>$LOCALIZE[557]$LOCALIZE[31000]</label>
                            <label2>$INFO[Container(100).ListItem.Property(Artist)]</label2>
                            <onclick>noop</onclick>
                            <visible>!IsEmpty(Container(100).ListItem.Property(Artist))</visible>
                        </item>
                        <item>
                            <label>$LOCALIZE[558]$LOCALIZE[31000]</label>
                            <label2>$INFO[Container(100).ListItem.Property(Album)]</label2>
                            <onclick>noop</onclick>
                            <visible>!IsEmpty(Container(100).ListItem.Property(Album))</visible>
                        </item>
                        <item>
                            <label>$LOCALIZE[515]$LOCALIZE[31000]</label>
                            <label2>$INFO[Container(100).ListItem.Property(Genre)]</label2>
                            <onclick>noop</onclick>
                            <visible>!IsEmpty(Container(100).ListItem.Property(Genre))</visible>
                        </item>
                        <item>
                            <label>$LOCALIZE[572]$LOCALIZE[31000]</label>
                            <label2>$INFO[Container(100).ListItem.Property(Studio)]</label2>
                            <onclick>noop</onclick>
                            <visible>!IsEmpty(Container(100).ListItem.Property(Studio))</visible>
                        </item>
                        <item>
                            <label>$LOCALIZE[20339]$LOCALIZE[31000]</label>
                            <label2>$INFO[Container(100).ListItem.Property(Director)]</label2>
                            <onclick>noop</onclick>
                            <visible>!IsEmpty(Container(100).ListItem.Property(Director))</visible>
                        </item>
                        <item>
                            <label>$LOCALIZE[562]$LOCALIZE[31000]</label>
                            <label2>$INFO[Container(100).ListItem.Property(Year)]</label2>
                            <onclick>noop</onclick>
                            <visible>!IsEmpty(Container(100).ListItem.Property(Year))</visible>
                        </item>
                        <item>
                            <label>$LOCALIZE[2050]$LOCALIZE[31000]</label>
                            <label2>$INFO[Container(100).ListItem.Property(Duration)]</label2>
                            <onclick>noop</onclick>
                            <visible>!IsEmpty(Container(100).ListItem.Property(Duration))</visible>
                        </item>
                        <item>
                            <label>$LOCALIZE[567]$LOCALIZE[31000]</label>
                            <label2>$INFO[Container(100).ListItem.Property(Playcount)]</label2>
                            <onclick>noop</onclick>
                            <visible>!IsEmpty(Container(100).ListItem.Property(Playcount))</visible>
                        </item>
                        <item>
                            <label>$LOCALIZE[15311]</label>
                            <label2>$INFO[Container(100).ListItem.Property(Path)]</label2>
                            <onclick>noop</onclick>
                            <visible>!IsEmpty(Container(100).ListItem.Property(Path))</visible>
                        </item>
                    </content>
                </control>
                <control type="list" id="160">
                    <left>430</left>
                    <top>118</top>
                    <width>800</width>
                    <height>330</height>
                    <onleft>160</onleft>
                    <onright>160</onright>
                    <onup>190</onup>
                    <ondown>195</ondown>
                    <pagecontrol>-</pagecontrol>
                    <scrolltime>200</scrolltime>
                    <itemlayout width="800" height="30">
                        <control type="label">
                            <left>165</left>
                            <top>0</top>
                            <width>165</width>
                            <height>30</height>
                            <font>font13</font>
                            <align>right</align>
                            <aligny>center</aligny>
                            <textcolor>blue</textcolor>
                            <selectedcolor>blue</selectedcolor>
                            <label>$INFO[ListItem.label]</label>
                        </control>
                        <control type="label">
                            <left>175</left>
                            <top>0</top>
                            <width>625</width>
                            <height>30</height>
                            <font>font13</font>
                            <align>left</align>
                            <aligny>center</aligny>
                            <textcolor>white</textcolor>
                            <selectedcolor>white</selectedcolor>
                            <label>$INFO[ListItem.label2]</label>
                        </control>
                    </itemlayout>
                    <focusedlayout width="800" height="30">
                        <control type="image">
                            <left>0</left>
                            <top>0</top>
                            <width>800</width>
                            <height>30</height>
                            <texture>MenuItemFO.png</texture>
                            <visible>Control.HasFocus(160)</visible>
                        </control>
                        <control type="label">
                            <left>165</left>
                            <top>0</top>
                            <width>165</width>
                            <height>30</height>
                            <font>font13</font>
                            <align>right</align>
                            <aligny>center</aligny>
                            <textcolor>blue</textcolor>
                            <selectedcolor>blue</selectedcolor>
                            <label>$INFO[ListItem.label]</label>
                        </control>
                        <control type="label">
                            <left>175</left>
                            <top>0</top>
                            <width>625</width>
                            <height>30</height>
                            <font>font13</font>
                            <align>left</align>
                            <aligny>center</aligny>
                            <textcolor>white</textcolor>
                            <selectedcolor>white</selectedcolor>
                            <label>$INFO[ListItem.label2]</label>
                        </control>
                    </focusedlayout>
                    <content>
                        <item>
                            <label>$LOCALIZE[21893]$LOCALIZE[31000]</label>
                            <label2>$INFO[Container(100).ListItem.Property(Artist_Born)]</label2>
                            <onclick>noop</onclick>
                            <visible>!IsEmpty(Container(100).ListItem.Property(Artist_Born))</visible>
                        </item>
                        <item>
                            <label>$LOCALIZE[21894]$LOCALIZE[31000]</label>
                            <label2>$INFO[Container(100).ListItem.Property(Artist_Formed)]</label2>
                            <onclick>noop</onclick>
                            <visible>!IsEmpty(Container(100).ListItem.Property(Artist_Formed))</visible>
                        </item>
                        <item>
                            <label>$LOCALIZE[21897]$LOCALIZE[31000]</label>
                            <label2>$INFO[Container(100).ListItem.Property(Artist_Died)]</label2>
                            <onclick>noop</onclick>
                            <visible>!IsEmpty(Container(100).ListItem.Property(Artist_Died))</visible>
                        </item>
                        <item>
                            <label>$LOCALIZE[21896]$LOCALIZE[31000]</label>
                            <label2>$INFO[Container(100).ListItem.Property(Artist_Disbanded)]</label2>
                            <onclick>noop</onclick>
                            <visible>!IsEmpty(Container(100).ListItem.Property(Artist_Disbanded))</visible>
                        </item>
                        <item>
                            <label>$LOCALIZE[21898]$LOCALIZE[31000]</label>
                            <label2>$INFO[Container(100).ListItem.Property(Artist_YearsActive)]</label2>
                            <onclick>noop</onclick>
                            <visible>!IsEmpty(Container(100).ListItem.Property(Artist_YearsActive))</visible>
                        </item>
                        <item>
                            <label>$LOCALIZE[175]$LOCALIZE[31000]</label>
                            <label2>$INFO[Container(100).ListItem.Property(Artist_Mood)]</label2>
                            <onclick>noop</onclick>
                            <visible>!IsEmpty(Container(100).ListItem.Property(Artist_Mood))</visible>
                        </item>
                        <item>
                            <label>$LOCALIZE[176]$LOCALIZE[31000]</label>
                            <label2>$INFO[Container(100).ListItem.Property(Artist_Style)]</label2>
                            <onclick>noop</onclick>
                            <visible>!IsEmpty(Container(100).ListItem.Property(Artist_Style))</visible>
                        </item>
                        <item>
                            <label>$LOCALIZE[515]$LOCALIZE[31000]</label>
                            <label2>$INFO[Container(100).ListItem.Property(Genre)]</label2>
                            <onclick>noop</onclick>
                            <visible>!IsEmpty(Container(100).ListItem.Property(Genre))</visible>
                        </item>
                        <item>
                            <label>$LOCALIZE[15311]$LOCALIZE[31000]</label>
                            <label2>$INFO[Container(100).ListItem.Property(Path)]</label2>
                            <onclick>noop</onclick>
                            <visible>!IsEmpty(Container(100).ListItem.Property(Path))</visible>
                        </item>
                    </content>
                </control>
                <control type="list" id="170">
                    <left>430</left>
                    <top>118</top>
                    <width>800</width>
                    <height>330</height>
                    <onleft>170</onleft>
                    <onright>170</onright>
                    <onup>190</onup>
                    <ondown>195</ondown>
                    <pagecontrol>-</pagecontrol>
                    <scrolltime>200</scrolltime>
                    <itemlayout width="800" height="30">
                        <control type="label">
                            <left>165</left>
                            <top>0</top>
                            <width>165</width>
                            <height>30</height>
                            <font>font13</font>
                            <align>right</align>
                            <aligny>center</aligny>
                            <textcolor>blue</textcolor>
                            <selectedcolor>blue</selectedcolor>
                            <label>$INFO[ListItem.label]</label>
                        </control>
                        <control type="label">
                            <left>175</left>
                            <top>0</top>
                            <width>625</width>
                            <height>30</height>
                            <font>font13</font>
                            <align>left</align>
                            <aligny>center</aligny>
                            <textcolor>white</textcolor>
                            <selectedcolor>white</selectedcolor>
                            <label>$INFO[ListItem.label2]</label>
                        </control>
                    </itemlayout>
                    <focusedlayout width="800" height="30">
                        <control type="image">
                            <left>0</left>
                            <top>0</top>
                            <width>800</width>
                            <height>30</height>
                            <texture>MenuItemFO.png</texture>
                            <visible>Control.HasFocus(170)</visible>
                        </control>
                        <control type="label">
                            <left>165</left>
                            <top>0</top>
                            <width>165</width>
                            <height>30</height>
                            <font>font13</font>
                            <align>right</align>
                            <aligny>center</aligny>
                            <textcolor>blue</textcolor>
                            <selectedcolor>blue</selectedcolor>
                            <label>$INFO[ListItem.label]</label>
                        </control>
                        <control type="label">
                            <left>175</left>
                            <top>0</top>
                            <width>625</width>
                            <height>30</height>
                            <font>font13</font>
                            <align>left</align>
                            <aligny>center</aligny>
                            <textcolor>white</textcolor>
                            <selectedcolor>white</selectedcolor>
                            <label>$INFO[ListItem.label2]</label>
                        </control>
                    </focusedlayout>
                    <content>
                        <item>
                            <label>$LOCALIZE[557]$LOCALIZE[31000]</label>
                            <label2>$INFO[Container(100).ListItem.Property(Artist)]</label2>
                            <onclick>noop</onclick>
                            <visible>!IsEmpty(Container(100).ListItem.Property(Artist))</visible>
                        </item>
                        <item>
                            <label>$LOCALIZE[515]$LOCALIZE[31000]</label>
                            <label2>$INFO[Container(100).ListItem.Property(Genre)]</label2>
                            <onclick>noop</onclick>
                            <visible>!IsEmpty(Container(100).ListItem.Property(Genre))</visible>
                        </item>
                        <item>
                            <label>$LOCALIZE[563]$LOCALIZE[31000]</label>
                            <label2>$INFO[Container(100).ListItem.Property(Album_Rating)]</label2>
                            <onclick>noop</onclick>
                            <visible>!IsEmpty(Container(100).ListItem.Property(Rating))</visible>
                        </item>
                        <item>
                            <label>$LOCALIZE[175]$LOCALIZE[31000]</label>
                            <label2>$INFO[Container(100).ListItem.Property(Album_Mood)]</label2>
                            <onclick>noop</onclick>
                            <visible>!IsEmpty(Container(100).ListItem.Property(Album_Mood))</visible>
                        </item>
                        <item>
                            <label>$LOCALIZE[176]$LOCALIZE[31000]</label>
                            <label2>$INFO[Container(100).ListItem.Property(Album_Style)]</label2>
                            <onclick>noop</onclick>
                            <visible>!IsEmpty(Container(100).ListItem.Property(Album_Style))</visible>
                        </item>
                        <item>
                            <label>$LOCALIZE[21895]$LOCALIZE[31000]</label>
                            <label2>$INFO[Container(100).ListItem.Property(Album_Theme)]</label2>
                            <onclick>noop</onclick>
                            <visible>!IsEmpty(Container(100).ListItem.Property(Album_Theme))</visible>
                        </item>
                        <item>
                            <label>$LOCALIZE[146]</label>
                            <label2>$INFO[Container(100).ListItem.Property(Album_Type)]</label2>
                            <onclick>noop</onclick>
                            <visible>!IsEmpty(Container(100).ListItem.Property(Album_Type))</visible>
                        </item>
                        <item>
                            <label>$LOCALIZE[21899]$LOCALIZE[31000]</label>
                            <label2>$INFO[Container(100).ListItem.Property(Album_Label)]</label2>
                            <onclick>noop</onclick>
                            <visible>!IsEmpty(Container(100).ListItem.Property(Album_Label))</visible>
                        </item>
                        <item>
                            <label>$LOCALIZE[562]$LOCALIZE[31000]</label>
                            <label2>$INFO[Container(100).ListItem.Property(Year)]</label2>
                            <onclick>noop</onclick>
                            <visible>!IsEmpty(Container(100).ListItem.Property(Year))</visible>
                        </item>
                        <item>
                            <label>$LOCALIZE[15311]</label>
                            <label2>$INFO[Container(100).ListItem.Property(Path)]</label2>
                            <onclick>noop</onclick>
                            <visible>!IsEmpty(Container(100).ListItem.Property(Path))</visible>
                        </item>
                    </content>
                </control>
                <control type="list" id="180">
                    <left>430</left>
                    <top>118</top>
                    <width>800</width>
                    <height>330</height>
                    <onleft>180</onleft>
                    <onright>180</onright>
                    <onup>190</onup>
                    <ondown>195</ondown>
                    <pagecontrol>-</pagecontrol>
                    <scrolltime>200</scrolltime>
                    <itemlayout width="800" height="30">
                        <control type="label">
                            <left>165</left>
                            <top>0</top>
                            <width>165</width>
                            <height>30</height>
                            <font>font13</font>
                            <align>right</align>
                            <aligny>center</aligny>
                            <textcolor>blue</textcolor>
                            <selectedcolor>blue</selectedcolor>
                            <label>$INFO[ListItem.label]</label>
                        </control>
                        <control type="label">
                            <left>175</left>
                            <top>0</top>
                            <width>625</width>
                            <height>30</height>
                            <font>font13</font>
                            <align>left</align>
                            <aligny>center</aligny>
                            <textcolor>white</textcolor>
                            <selectedcolor>white</selectedcolor>
                            <label>$INFO[ListItem.label2]</label>
                        </control>
                    </itemlayout>
                    <focusedlayout width="800" height="30">
                        <control type="image">
                            <left>0</left>
                            <top>0</top>
                            <width>800</width>
                            <height>30</height>
                            <texture>MenuItemFO.png</texture>
                            <visible>Control.HasFocus(180)</visible>
                        </control>
                        <control type="label">
                            <left>165</left>
                            <top>0</top>
                            <width>165</width>
                            <height>30</height>
                            <font>font13</font>
                            <align>right</align>
                            <aligny>center</aligny>
                            <textcolor>blue</textcolor>
                            <selectedcolor>blue</selectedcolor>
                            <label>$INFO[ListItem.label]</label>
                        </control>
                        <control type="label">
                            <left>175</left>
                            <top>0</top>
                            <width>625</width>
                            <height>30</height>
                            <font>font13</font>
                            <align>left</align>
                            <aligny>center</aligny>
                            <textcolor>white</textcolor>
                            <selectedcolor>white</selectedcolor>
                            <label>$INFO[ListItem.label2]</label>
                        </control>
                    </focusedlayout>
                    <content>
                        <item>
                            <label>$LOCALIZE[557]$LOCALIZE[31000]</label>
                            <label2>$INFO[Container(100).ListItem.Property(Artist)]</label2>
                            <onclick>noop</onclick>
                            <visible>!IsEmpty(Container(100).ListItem.Property(Artist))</visible>
                        </item>
                        <item>
                            <label>$LOCALIZE[558]</label>
                            <label2>$INFO[Container(100).ListItem.Property(Album)]</label2>
                            <onclick>noop</onclick>
                            <visible>!IsEmpty(Container(100).ListItem.Property(Album))</visible>
                        </item>
                        <item>
                            <label>$LOCALIZE[554]$LOCALIZE[31000]</label>
                            <label2>$INFO[Container(100).ListItem.Property(Track)]</label2>
                            <onclick>noop</onclick>
                            <visible>!IsEmpty(Container(100).ListItem.Property(Track))</visible>
                        </item>
                        <item>
                            <label>$LOCALIZE[2050]$LOCALIZE[31000]</label>
                            <label2>$INFO[Container(100).ListItem.Property(Duration),, $LOCALIZE[12391]]</label2>
                            <onclick>noop</onclick>
                            <visible>!IsEmpty(Container(100).ListItem.Property(Duration)) + !SubString(Container(100).ListItem.Property(Duration),min)</visible>
                        </item>
                        <item>
                            <label>$LOCALIZE[2050]$LOCALIZE[31000]</label>
                            <label2>$INFO[Container(100).ListItem.Property(Duration)]</label2>
                            <onclick>noop</onclick>
                            <visible>!IsEmpty(Container(100).ListItem.Property(Duration)) + SubString(Container(100).ListItem.Property(Duration),min)</visible>
                        </item>
                        <item>
                            <label>$LOCALIZE[563]$LOCALIZE[31000]</label>
                            <label2>$INFO[Container(100).ListItem.Property(Rating)]</label2>
                            <onclick>noop</onclick>
                            <visible>!IsEmpty(Container(100).ListItem.Property(Rating))</visible>
                        </item>
                        <item>
                            <label>$LOCALIZE[515]$LOCALIZE[31000]</label>
                            <label2>$INFO[Container(100).ListItem.Property(Genre)]</label2>
                            <onclick>noop</onclick>
                            <visible>!IsEmpty(Container(100).ListItem.Property(Genre))</visible>
                        </item>
                        <item>
                            <label>$LOCALIZE[562]$LOCALIZE[31000]</label>
                            <label2>$INFO[Container(100).ListItem.Property(Year)]</label2>
                            <onclick>noop</onclick>
                            <visible>!IsEmpty(Container(100).ListItem.Property(Year))</visible>
                        </item>
                        <item>
                            <label>$LOCALIZE[567]$LOCALIZE[31000]</label>
                            <label2>$INFO[Container(100).ListItem.Property(Playcount)]</label2>
                            <onclick>noop</onclick>
                            <visible>!IsEmpty(Container(100).ListItem.Property(Playcount))</visible>
                        </item>
                        <item>
                            <label>$LOCALIZE[15311]</label>
                            <label2>$INFO[Container(100).ListItem.Property(Path)]</label2>
                            <onclick>noop</onclick>
                            <visible>!IsEmpty(Container(100).ListItem.Property(Path))</visible>
                        </item>
                    </content>
                </control>
            </control>
            <control type="image">
                <left>40</left>
                <top>478</top>
                <width>1200</width>
                <height>4</height>
                <aspectratio>stretch</aspectratio>
                <texture>separator.png</texture>
            </control>
            <control type="textbox">
                <left>60</left>
                <top>488</top>
                <width>1160</width>
                <height>100</height>
                <font>font12</font>
                <align>justify</align>
                <textcolor>white</textcolor>
                <pagecontrol>195</pagecontrol>
                <label>$INFO[Container(100).ListItem.Property(Plot)]</label>
                <autoscroll delay="3000" time="1800" repeat="10000">!Skin.HasSetting(disableautoscroll)</autoscroll>
                <visible>Control.IsVisible(110) | Control.IsVisible(120) | Control.IsVisible(140) | Control.IsVisible(150)</visible>
            </control>
            <control type="textbox">
                <left>60</left>
                <top>488</top>
                <width>1160</width>
                <height>100</height>
                <font>font12</font>
                <align>justify</align>
                <textcolor>white</textcolor>
                <pagecontrol>195</pagecontrol>
                <label>$INFO[Container(100).ListItem.Property(Artist_Description)]</label>
                <autoscroll delay="3000" time="1800" repeat="10000">!Skin.HasSetting(disableautoscroll)</autoscroll>
                <visible>Control.IsVisible(160)</visible>
            </control>
            <control type="textbox">
                <left>60</left>
                <top>488</top>
                <width>1160</width>
                <height>100</height>
                <font>font12</font>
                <align>justify</align>
                <textcolor>white</textcolor>
                <pagecontrol>195</pagecontrol>
                <label>$INFO[Container(100).ListItem.Property(Album_Description)]</label>
                <autoscroll delay="3000" time="1800" repeat="10000">!Skin.HasSetting(disableautoscroll)</autoscroll>
                <visible>Control.IsVisible(170)</visible>
            </control>
            <control type="textbox">
                <left>60</left>
                <top>488</top>
                <width>1160</width>
                <height>100</height>
                <font>font12</font>
                <align>justify</align>
                <textcolor>white</textcolor>
                <pagecontrol>195</pagecontrol>
                <label>$INFO[Container(100).ListItem.Property(Comment)]</label>
                <autoscroll delay="3000" time="1800" repeat="10000">!Skin.HasSetting(disableautoscroll)</autoscroll>
                <visible>Control.IsVisible(180)</visible>
            </control>
            <control type="spincontrol" id="195">
                <left>1152</left>
                <top>598</top>
                <spinwidth>33</spinwidth>
                <spinheight>22</spinheight>
                <textureup>scroll-up-2.png</textureup>
                <texturedown>scroll-down-2.png</texturedown>
                <textureupfocus>scroll-up-focus-2.png</textureupfocus>
                <texturedownfocus>scroll-down-focus-2.png</texturedownfocus>
                <subtype>page</subtype>
                <showonepage>true</showonepage>
                <onup>101</onup>
                <ondown>190</ondown>
                <onleft>180</onleft>
                <onright>180</onright>
                <textcolor>-</textcolor>
            </control>
            <control type="grouplist" id="190">
                <left>40</left>
                <top>618</top>
                <width>1200</width>
                <height>40</height>
                <itemgap>2</itemgap>
                <align>center</align>
                <orientation>horizontal</orientation>
                <onleft>190</onleft>
                <onright>190</onright>
                <onup>195</onup>
                <ondown>101</ondown>
                <control type="button" id="191">
                    <width>250</width>
                    <height>40</height>
                    <label>$LOCALIZE[186]</label>
                    <font>font12</font>
                    <textcolor>white</textcolor>
                    <align>center</align>
                    <aligny>center</aligny>
                    <texturefocus border="5">button-focus.png</texturefocus>
                    <texturenofocus border="5">button-nofocus.png</texturenofocus>
                </control>
                <control type="button" id="192">
                    <width>250</width>
                    <height>40</height>
                    <font>font12</font>
                    <textcolor>white</textcolor>
                    <align>center</align>
                    <aligny>center</aligny>
                    <texturefocus border="5">button-focus.png</texturefocus>
                    <texturenofocus border="5">button-nofocus.png</texturenofocus>
                </control>
                <control type="button" id="193">
                    <width>250</width>
                    <height>40</height>
                    <font>font12</font>
                    <textcolor>white</textcolor>
                    <align>center</align>
                    <aligny>center</aligny>
                    <texturefocus border="5">button-focus.png</texturefocus>
                    <texturenofocus border="5">button-nofocus.png</texturenofocus>
                </control>
            </control>
        </control>
    </controls>
</window>