<?xml version="1.0" encoding="utf-8"?>
<window>
    <allowoverlay>no</allowoverlay>
    <defaultcontrol>9000</defaultcontrol>
    <coordinates>
        <system>1</system>
        <left>0</left>
        <top>0</top>
    </coordinates>
    <controls>
        <control type="image">
            <description>Blackout Screen</description>
            <include>Dimensions_Fullscreen</include>
            <aspectratio>scale</aspectratio>
            <include>VisibleFadeEffect</include>
            <texture>special://skin/backgrounds/media-overlay.jpg</texture>
        </control>
        <include>CommonBackground</include>
        
		<control type="image">
			<include>Window_OpenClose_Animation</include>
			<include>VisibleFadeEffect</include>
			<include>Dimensions_Fullscreen</include>
			<aspectratio>stretch</aspectratio>
			<texture>black-back.png</texture>
			<colordiffuse>AAFFFFFF</colordiffuse>
		</control>
		
        <include>MediaViewBackgrounds</include>
        <include>CommonPageCount</include>
        <include>FloorReturnButtons</include>
        <include>CommonNowPlaying</include>
        <include>BehindDialogFadeOut</include>
        <control type="button" id="800">
            <include>InvisibleButton</include>
            <onleft>804</onleft>
            <onright>802</onright>
            <onup>9000</onup>
            <ondown>9000</ondown>
            <visible>false</visible>
        </control>
        <control type="group" id="100">
            <control type="group">
                <left>80</left>
                <top>20</top>
                <animation type="WindowOpen" reversible="false">
                    <effect type="zoom" start="80" end="100" center="640,360" easing="out" tween="back" time="300" />
                    <effect type="fade" start="0" end="100" time="300" />
                </animation>
                <animation type="WindowClose" reversible="false">
                    <effect type="zoom" start="100" end="80" center="640,360" easing="in" tween="back" time="300" />
                    <effect type="fade" start="100" end="0" time="300" />
                </animation>
                <control type="list" id="9000">
                    <left>-20</left>
                    <top>120</top>
                    <width>430</width>
                    <height>600</height>
                    <onleft>800</onleft>
                    <onright>101</onright>
                    <onup>9000</onup>
                    <ondown>9000</ondown>
                    <pagecontrol>-</pagecontrol>
                    <scrolltime>300</scrolltime>
                    <animation type="Focus" reversible="false">
                        <effect type="zoom" start="90" end="100" center="auto" time="200" />
                        <effect type="fade" start="90" end="100" time="200" />
                    </animation>
                    <animation type="UnFocus" reversible="false">
                        <effect type="zoom" start="100" end="90" center="auto" time="200" />
                        <effect type="fade" start="100" end="90" time="200" />
                    </animation>
                    <itemlayout height="42" width="380">
                        <control type="label">
                            <left>0</left>
                            <top>21</top>
                            <width>380</width>
                            <height>40</height>
                            <font>font35_title</font>
                            <textcolor>grey3</textcolor>
                            <align>right</align>
                            <aligny>center</aligny>
                            <label>$INFO[ListItem.label]</label>
                            <animation effect="zoom" start="65" end="65" center="380,51" time="0" condition="true">Conditional</animation>
                        </control>
                    </itemlayout>
                    <focusedlayout height="62" width="430">
                        <control type="label">
                            <top>21</top>
                            <left>0</left>
                            <width>400</width>
                            <height>62</height>
                            <font>font35_title</font>
                            <textcolor>white</textcolor>
                            <align>right</align>
                            <aligny>center</aligny>
                            <label>$INFO[ListItem.label]</label>
`							<animation effect="zoom" start="65" end="125" center="380,51" time="200">Focus</animation>
							<animation effect="zoom" start="125" end="65" center="380,51" time="200">UnFocus</animation>
						</control>
                    </focusedlayout>
                    <content>
                        <item id="1">
                            <label>$LOCALIZE[342]</label>
                            <label2>$LOCALIZE[31368] $INFO[Control.GetLabel(110)] $LOCALIZE[31259]</label2>
                            <onclick>noop</onclick>
                            <visible>Control.IsVisible(119)</visible>
                        </item>
                        <item id="2">
                            <label>$LOCALIZE[20343]</label>
                            <label2>$LOCALIZE[31368] $INFO[Control.GetLabel(120)] $LOCALIZE[31259]</label2>
                            <onclick>noop</onclick>
                            <visible>Control.IsVisible(129)</visible>
                        </item>
                        <item id="3">
                            <label>$LOCALIZE[33054]</label>
                            <label2>$LOCALIZE[31368] $INFO[Control.GetLabel(130)] $LOCALIZE[31259]</label2>
                            <onclick>noop</onclick>
                            <visible>Control.IsVisible(139)</visible>
                        </item>
                        <item id="4">
                            <label>$LOCALIZE[20360]</label>
                            <label2>$LOCALIZE[31368] $INFO[Control.GetLabel(140)] $LOCALIZE[31259]</label2>
                            <onclick>noop</onclick>
                            <visible>Control.IsVisible(149)</visible>
                        </item>
                        <item id="5">
                            <label>$LOCALIZE[20389]</label>
                            <label2>$LOCALIZE[31368] $INFO[Control.GetLabel(150)] $LOCALIZE[31259]</label2>
                            <onclick>noop</onclick>
                            <visible>Control.IsVisible(159)</visible>
                        </item>
                        <item id="6">
                            <label>$LOCALIZE[133]</label>
                            <label2>$LOCALIZE[31368] $INFO[Control.GetLabel(160)] $LOCALIZE[31259]</label2>
                            <onclick>noop</onclick>
                            <visible>Control.IsVisible(169)</visible>
                        </item>
                        <item id="7">
                            <label>$LOCALIZE[132]</label>
                            <label2>$LOCALIZE[31368] $INFO[Control.GetLabel(170)] $LOCALIZE[31259]</label2>
                            <onclick>noop</onclick>
                            <visible>Control.IsVisible(179)</visible>
                        </item>
                        <item id="8">
                            <label>$LOCALIZE[134]</label>
                            <label2>$LOCALIZE[31368] $INFO[Control.GetLabel(180)] $LOCALIZE[31259]</label2>
                            <onclick>noop</onclick>
                            <visible>Control.IsVisible(189)</visible>
                        </item>
                    </content>
                </control>
                <control type="label" id="190">
                    <include>InvisibleButton</include>
                </control>
                <control type="label" id="191">
                    <include>InvisibleButton</include>
                </control>
                <control type="label" id="199">
                    <left>40</left>
                    <top>358</top>
                    <width>1200</width>
                    <height>20</height>
                    <label>[B]$LOCALIZE[284][/B]</label>
                    <font>font16caps</font>
                    <textcolor>FFFFFFFF</textcolor>
                    <align>center</align>
                    <aligny>center</aligny>
                </control>
            </control>
            <control type="group">
                <animation type="WindowOpen" reversible="false">
                    <effect type="zoom" start="80" end="100" center="640,360" easing="out" tween="back" time="300" />
                    <effect type="fade" start="0" end="100" time="300" />
                </animation>
                <animation type="WindowClose" reversible="false">
                    <effect type="zoom" start="100" end="80" center="640,360" easing="in" tween="back" time="300" />
                    <effect type="fade" start="100" end="0" time="300" />
                </animation>
                <left>475</left>
                <top>105</top>
                <control type="button" id="198">
                    <include>InvisibleButton</include>
                </control>
                <control type="group" id="101">
                    <control type="group" id="119">
                        <left>0</left>
                        <top>0</top>
                        <width>750</width>
                        <height>530</height>
                        <control type="label" id="110">
                            <include>InvisibleButton</include>
                        </control>
                        <control type="panel" id="111">
                            <visible>Container(9000).HasFocus(1)</visible>
                            <include>VisibleFadeEffect</include>
                            <left>0</left>
                            <top>0</top>
                            <width>750</width>
                            <height>520</height>
                            <onleft>9000</onleft>
                            <onright>118</onright>
                            <onup>111</onup>
                            <ondown>111</ondown>
                            <viewtype label="535">panel</viewtype>
                            <preloaditems>2</preloaditems>
                            <pagecontrol>118</pagecontrol>
                            <itemlayout width="375" height="130">
                                <control type="image">
                                    <left>0</left>
                                    <top>0</top>
                                    <width>370</width>
                                    <height>125</height>
                                    <texture border="5">button-nofocus.png</texture>
                                </control>
                                <control type="image">
                                    <left>5</left>
                                    <top>5</top>
                                    <width>80</width>
                                    <height>115</height>
                                    <texture background="true">$INFO[ListItem.icon]</texture>
                                </control>
                                <control type="image">
                                    <left>50</left>
                                    <top>70</top>
                                    <width>30</width>
                                    <height>30</height>
                                    <texture>OverlayWatched.png</texture>
                                    <visible>IntegerGreaterThan(ListItem.Property(PlayCount),0)</visible>
                                </control>
                                <control type="label">
                                    <left>100</left>
                                    <top>10</top>
                                    <width>265</width>
                                    <height>12</height>
                                    <label>[B]$INFO[ListItem.label][/B]</label>
                                    <font>font12</font>
                                    <textcolor>white</textcolor>
                                    <aligny>center</aligny>
                                </control>
                                <control type="label">
                                    <left>100</left>
                                    <top>30</top>
                                    <width>265</width>
                                    <height>15</height>
                                    <label>$INFO[ListItem.Property(Year),, - ]$INFO[ListItem.Property(Duration),, $LOCALIZE[12391]]</label>
                                    <font>font12</font>
                                    <textcolor>grey2</textcolor>
                                    <aligny>center</aligny>
                                    <visible>!SubString(ListItem.Property(Duration),min)</visible>
                                </control>
                                <control type="label">
                                    <left>100</left>
                                    <top>30</top>
                                    <width>265</width>
                                    <height>15</height>
                                    <label>$INFO[ListItem.Property(Year),, - ]$INFO[ListItem.Property(Duration)]</label>
                                    <font>font12</font>
                                    <textcolor>grey2</textcolor>
                                    <aligny>center</aligny>
                                    <visible>SubString(ListItem.Property(Duration),min)</visible>
                                </control>
                                <control type="textbox">
                                    <left>100</left>
                                    <top>45</top>
                                    <width>265</width>
                                    <height>75</height>
                                    <label>$INFO[ListItem.Property(Tagline)]</label>
                                    <font>font10</font>
                                    <textcolor>white</textcolor>
                                </control>
                                <control type="textbox">
                                    <left>100</left>
                                    <top>45</top>
                                    <width>265</width>
                                    <height>75</height>
                                    <label>$INFO[ListItem.Property(PlotOutline)]</label>
                                    <font>font10</font>
                                    <textcolor>white</textcolor>
                                    <visible>IsEmpty(ListItem.Property(TagLine))</visible>
                                </control>
                                <control type="textbox">
                                    <left>100</left>
                                    <top>45</top>
                                    <width>265</width>
                                    <height>75</height>
                                    <label>$INFO[ListItem.Property(Plot)]</label>
                                    <font>font10</font>
                                    <textcolor>white</textcolor>
                                    <visible>IsEmpty(ListItem.Property(TagLine)) + IsEmpty(ListItem.Property(PlotOutline))</visible>
                                </control>
                            </itemlayout>
                            <focusedlayout width="375" height="130">
                                <control type="image">
                                    <left>0</left>
                                    <top>0</top>
                                    <width>370</width>
                                    <height>125</height>
                                    <texture border="5">button-focus2.png</texture>
                                </control>
                                <control type="image">
                                    <left>5</left>
                                    <top>5</top>
                                    <width>80</width>
                                    <height>115</height>
                                    <texture background="true">$INFO[ListItem.icon]</texture>
                                </control>
                                <control type="image">
                                    <left>50</left>
                                    <top>70</top>
                                    <width>30</width>
                                    <height>30</height>
                                    <texture>OverlayWatched.png</texture>
                                    <visible>IntegerGreaterThan(ListItem.Property(PlayCount),0)</visible>
                                </control>
                                <control type="label">
                                    <left>100</left>
                                    <top>10</top>
                                    <width>265</width>
                                    <height>12</height>
                                    <label>[B]$INFO[ListItem.label][/B]</label>
                                    <font>font12</font>
                                    <textcolor>white</textcolor>
                                    <aligny>center</aligny>
                                </control>
                                <control type="label">
                                    <left>100</left>
                                    <top>30</top>
                                    <width>265</width>
                                    <height>15</height>
                                    <label>$INFO[ListItem.Property(Year),, - ]$INFO[ListItem.Property(Duration),, $LOCALIZE[12391]]</label>
                                    <font>font12</font>
                                    <textcolor>grey2</textcolor>
                                    <aligny>center</aligny>
                                    <visible>!SubString(ListItem.Property(Duration),min)</visible>
                                </control>
                                <control type="label">
                                    <left>100</left>
                                    <top>30</top>
                                    <width>265</width>
                                    <height>15</height>
                                    <label>$INFO[ListItem.Property(Year),, - ]$INFO[ListItem.Property(Duration)]</label>
                                    <font>font12</font>
                                    <textcolor>grey2</textcolor>
                                    <aligny>center</aligny>
                                    <visible>SubString(ListItem.Property(Duration),min)</visible>
                                </control>
                                <control type="textbox">
                                    <left>100</left>
                                    <top>45</top>
                                    <width>265</width>
                                    <height>75</height>
                                    <label>$INFO[ListItem.Property(Tagline)]</label>
                                    <font>font10</font>
                                    <textcolor>white</textcolor>
                                </control>
                                <control type="textbox">
                                    <left>100</left>
                                    <top>45</top>
                                    <width>265</width>
                                    <height>75</height>
                                    <label>$INFO[ListItem.Property(PlotOutline)]</label>
                                    <font>font10</font>
                                    <textcolor>white</textcolor>
                                    <visible>IsEmpty(ListItem.Property(TagLine))</visible>
                                </control>
                                <control type="textbox">
                                    <left>100</left>
                                    <top>45</top>
                                    <width>265</width>
                                    <height>75</height>
                                    <label>$INFO[ListItem.Property(Plot)]</label>
                                    <font>font10</font>
                                    <textcolor>white</textcolor>
                                    <visible>IsEmpty(ListItem.Property(TagLine)) + IsEmpty(ListItem.Property(PlotOutline))</visible>
                                </control>
                            </focusedlayout>
                        </control>
                        <control type="scrollbar" id="118">
                            <left>770</left>
                            <top>0</top>
                            <width>25</width>
                            <height>520</height>
                            <texturesliderbackground border="0,14,0,14">ScrollBarV.png</texturesliderbackground>
                            <texturesliderbar border="0,14,0,14">ScrollBarV_bar.png</texturesliderbar>
                            <texturesliderbarfocus border="0,14,0,14">ScrollBarV_bar_focus.png</texturesliderbarfocus>
                            <textureslidernib>ScrollBarNib.png</textureslidernib>
                            <textureslidernibfocus>ScrollBarNib.png</textureslidernibfocus>
                            <onleft>111</onleft>
                            <onright>800</onright>
                            <showonepage>true</showonepage>
                            <orientation>vertical</orientation>
                            <visible>Container(9000).Hasfocus(1)</visible>
                        </control>
                    </control>
                    <control type="group" id="129">
                        <left>0</left>
                        <top>0</top>
                        <width>750</width>
                        <height>530</height>
                        <control type="label" id="120">
                            <include>InvisibleButton</include>
                        </control>
                        <control type="panel" id="121">
                            <visible>Container(9000).HasFocus(2)</visible>
                            <include>VisibleFadeEffect</include>
                            <left>0</left>
                            <top>0</top>
                            <width>750</width>
                            <height>525</height>
                            <onleft>9000</onleft>
                            <onright>128</onright>
                            <onup>121</onup>
                            <ondown>121</ondown>
                            <viewtype label="535">panel</viewtype>
                            <preloaditems>2</preloaditems>
                            <pagecontrol>128</pagecontrol>
                            <itemlayout width="375" height="175">
                                <control type="image">
                                    <left>0</left>
                                    <top>0</top>
                                    <width>370</width>
                                    <height>170</height>
                                    <texture border="5">button-nofocus.png</texture>
                                </control>
                                <control type="image">
                                    <left>5</left>
                                    <top>5</top>
                                    <width>360</width>
                                    <height>65</height>
                                    <texture background="true">$INFO[ListItem.icon]</texture>
                                </control>
                                <control type="image">
                                    <left>330</left>
                                    <top>70</top>
                                    <width>30</width>
                                    <height>30</height>
                                    <texture>OverlayWatched.png</texture>
                                    <visible>IntegerGreaterThan(ListItem.Property(PlayCount),0)</visible>
                                </control>
                                <control type="label">
                                    <left>187</left>
                                    <top>75</top>
                                    <width>360</width>
                                    <height>15</height>
                                    <label>[B]$INFO[ListItem.label][/B]</label>
                                    <font>font12</font>
                                    <textcolor>white</textcolor>
                                    <align>center</align>
                                    <aligny>center</aligny>
                                </control>
                                <control type="label">
                                    <left>187</left>
                                    <top>95</top>
                                    <width>360</width>
                                    <height>15</height>
                                    <label>$INFO[ListItem.Property(Premiered)]</label>
                                    <font>font12</font>
                                    <textcolor>grey2</textcolor>
                                    <align>center</align>
                                    <aligny>center</aligny>
                                </control>
                                <control type="textbox">
                                    <left>5</left>
                                    <top>110</top>
                                    <width>360</width>
                                    <height>55</height>
                                    <label>$INFO[ListItem.Property(Plot)]</label>
                                    <font>font10</font>
                                    <textcolor>white</textcolor>
                                    <align>justify</align>
                                </control>
                            </itemlayout>
                            <focusedlayout width="375" height="175">
                                <control type="image">
                                    <left>0</left>
                                    <top>0</top>
                                    <width>370</width>
                                    <height>170</height>
                                    <texture border="5">button-focus2.png</texture>
                                </control>
                                <control type="image">
                                    <left>5</left>
                                    <top>5</top>
                                    <width>360</width>
                                    <height>65</height>
                                    <texture background="true">$INFO[ListItem.icon]</texture>
                                </control>
                                <control type="image">
                                    <left>330</left>
                                    <top>70</top>
                                    <width>30</width>
                                    <height>30</height>
                                    <texture>OverlayWatched.png</texture>
                                    <visible>IntegerGreaterThan(ListItem.Property(PlayCount),0)</visible>
                                </control>
                                <control type="label">
                                    <left>187</left>
                                    <top>75</top>
                                    <width>360</width>
                                    <height>15</height>
                                    <label>[B]$INFO[ListItem.label][/B]</label>
                                    <font>font12</font>
                                    <textcolor>white</textcolor>
                                    <align>center</align>
                                    <aligny>center</aligny>
                                </control>
                                <control type="label">
                                    <left>187</left>
                                    <top>95</top>
                                    <width>360</width>
                                    <height>15</height>
                                    <label>$INFO[ListItem.Property(Premiered)]</label>
                                    <font>font12</font>
                                    <textcolor>grey2</textcolor>
                                    <align>center</align>
                                    <aligny>center</aligny>
                                </control>
                                <control type="textbox">
                                    <left>5</left>
                                    <top>110</top>
                                    <width>360</width>
                                    <height>55</height>
                                    <label>$INFO[ListItem.Property(Plot)]</label>
                                    <font>font10</font>
                                    <textcolor>white</textcolor>
                                    <align>justify</align>
                                </control>
                            </focusedlayout>
                        </control>
                        <control type="scrollbar" id="128">
                            <left>770</left>
                            <top>0</top>
                            <width>25</width>
                            <height>525</height>
                            <texturesliderbackground border="0,14,0,14">ScrollBarV.png</texturesliderbackground>
                            <texturesliderbar border="0,14,0,14">ScrollBarV_bar.png</texturesliderbar>
                            <texturesliderbarfocus border="0,14,0,14">ScrollBarV_bar_focus.png</texturesliderbarfocus>
                            <textureslidernib>ScrollBarNib.png</textureslidernib>
                            <textureslidernibfocus>ScrollBarNib.png</textureslidernibfocus>
                            <onleft>121</onleft>
                            <onright>800</onright>
                            <showonepage>true</showonepage>
                            <orientation>vertical</orientation>
                            <visible>Container(9000).Hasfocus(2)</visible>
                        </control>
                    </control>
                    <control type="group" id="139">
                        <left>0</left>
                        <top>0</top>
                        <width>750</width>
                        <height>530</height>
                        <control type="label" id="130">
                            <include>InvisibleButton</include>
                        </control>
                        <control type="panel" id="131">
                            <visible>Container(9000).HasFocus(3)</visible>
                            <include>VisibleFadeEffect</include>
                            <left>0</left>
                            <top>0</top>
                            <width>750</width>
                            <height>520</height>
                            <onleft>9000</onleft>
                            <onright>138</onright>
                            <onup>131</onup>
                            <ondown>131</ondown>
                            <viewtype label="535">panel</viewtype>
                            <preloaditems>2</preloaditems>
                            <pagecontrol>138</pagecontrol>
                            <itemlayout width="375" height="130">
                                <control type="image">
                                    <left>0</left>
                                    <top>0</top>
                                    <width>370</width>
                                    <height>125</height>
                                    <texture border="5">button-nofocus.png</texture>
                                </control>
                                <control type="image">
                                    <left>5</left>
                                    <top>5</top>
                                    <width>80</width>
                                    <height>115</height>
                                    <texture background="true">$INFO[ListItem.icon]</texture>
                                </control>
                                <control type="label">
                                    <left>100</left>
                                    <top>10</top>
                                    <width>260</width>
                                    <height>15</height>
                                    <label>$INFO[ListItem.label]</label>
                                    <font>font12_title</font>
                                    <textcolor>white</textcolor>
                                    <aligny>center</aligny>
                                </control>
                                <control type="textbox">
                                    <left>100</left>
                                    <top>30</top>
                                    <width>260</width>
                                    <height>120</height>
                                    <label>$INFO[ListItem.Property(TvShowTitle)]</label>
                                    <font>font12</font>
                                    <textcolor>grey2</textcolor>
                                </control>
                            </itemlayout>
                            <focusedlayout width="375" height="130">
                                <control type="image">
                                    <left>0</left>
                                    <top>0</top>
                                    <width>370</width>
                                    <height>125</height>
                                    <texture border="5">button-focus2.png</texture>
                                </control>
                                <control type="image">
                                    <left>5</left>
                                    <top>5</top>
                                    <width>80</width>
                                    <height>115</height>
                                    <texture background="true">$INFO[ListItem.icon]</texture>
                                </control>
                                <control type="label">
                                    <left>100</left>
                                    <top>10</top>
                                    <width>260</width>
                                    <height>15</height>
                                    <label>$INFO[ListItem.label]</label>
                                    <font>font12_title</font>
                                    <textcolor>white</textcolor>
                                    <aligny>center</aligny>
                                </control>
                                <control type="textbox">
                                    <left>100</left>
                                    <top>30</top>
                                    <width>260</width>
                                    <height>120</height>
                                    <label>$INFO[ListItem.Property(TvShowTitle)]</label>
                                    <font>font12</font>
                                    <textcolor>grey2</textcolor>
                                </control>
                            </focusedlayout>
                        </control>
                        <control type="scrollbar" id="138">
                            <left>770</left>
                            <top>0</top>
                            <width>25</width>
                            <height>520</height>
                            <texturesliderbackground border="0,14,0,14">ScrollBarV.png</texturesliderbackground>
                            <texturesliderbar border="0,14,0,14">ScrollBarV_bar.png</texturesliderbar>
                            <texturesliderbarfocus border="0,14,0,14">ScrollBarV_bar_focus.png</texturesliderbarfocus>
                            <textureslidernib>ScrollBarNib.png</textureslidernib>
                            <textureslidernibfocus>ScrollBarNib.png</textureslidernibfocus>
                            <onleft>131</onleft>
                            <onright>800</onright>
                            <showonepage>true</showonepage>
                            <orientation>vertical</orientation>
                            <visible>Container(9000).Hasfocus(3)</visible>
                        </control>
                    </control>
                    <control type="group" id="149">
                        <left>0</left>
                        <top>0</top>
                        <width>750</width>
                        <height>530</height>
                        <control type="label" id="140">
                            <include>InvisibleButton</include>
                        </control>
                        <control type="panel" id="141">
                            <visible>Container(9000).HasFocus(4)</visible>
                            <left>0</left>
                            <top>0</top>
                            <width>750</width>
                            <height>530</height>
                            <onleft>9000</onleft>
                            <onright>148</onright>
                            <onup>141</onup>
                            <ondown>141</ondown>
                            <viewtype label="535">panel</viewtype>
                            <preloaditems>2</preloaditems>
                            <pagecontrol>148</pagecontrol>
                            <itemlayout width="750" height="106">
                                <control type="image">
                                    <left>0</left>
                                    <top>0</top>
                                    <width>750</width>
                                    <height>101</height>
                                    <texture border="5">button-nofocus.png</texture>
                                </control>
                                <control type="image">
                                    <left>5</left>
                                    <top>5</top>
                                    <width>150</width>
                                    <height>90</height>
                                    <aspectratio>scale</aspectratio>
                                    <texture background="true">$INFO[ListItem.icon]</texture>
                                </control>
                                <control type="image">
                                    <left>120</left>
                                    <top>70</top>
                                    <width>30</width>
                                    <height>30</height>
                                    <texture>OverlayWatched.png</texture>
                                    <visible>IntegerGreaterThan(ListItem.Property(PlayCount),0)</visible>
                                </control>
                                <control type="label">
                                    <left>160</left>
                                    <top>10</top>
                                    <width>585</width>
                                    <height>15</height>
                                    <label>[B]$INFO[ListItem.label][/B]</label>
                                    <font>font12</font>
                                    <textcolor>white</textcolor>
                                    <aligny>center</aligny>
                                </control>
                                <control type="label">
                                    <left>160</left>
                                    <top>30</top>
                                    <width>585</width>
                                    <height>15</height>
                                    <label>$INFO[ListItem.Property(TvShowTitle)]</label>
                                    <font>font12</font>
                                    <textcolor>grey2</textcolor>
                                    <aligny>center</aligny>
                                </control>
                                <control type="textbox">
                                    <left>160</left>
                                    <top>50</top>
                                    <width>585</width>
                                    <height>45</height>
                                    <label>$INFO[ListItem.Property(Plot)]</label>
                                    <font>font10</font>
                                    <textcolor>white</textcolor>
                                </control>
                            </itemlayout>
                            <focusedlayout width="750" height="106">
                                <control type="image">
                                    <left>0</left>
                                    <top>0</top>
                                    <width>750</width>
                                    <height>101</height>
                                    <texture border="5">button-focus2.png</texture>
                                </control>
                                <control type="image">
                                    <left>5</left>
                                    <top>5</top>
                                    <width>150</width>
                                    <height>90</height>
                                    <aspectratio>scale</aspectratio>
                                    <texture background="true">$INFO[ListItem.icon]</texture>
                                </control>
                                <control type="image">
                                    <left>120</left>
                                    <top>70</top>
                                    <width>30</width>
                                    <height>30</height>
                                    <texture>OverlayWatched.png</texture>
                                    <visible>IntegerGreaterThan(ListItem.Property(PlayCount),0)</visible>
                                </control>
                                <control type="label">
                                    <left>160</left>
                                    <top>10</top>
                                    <width>585</width>
                                    <height>15</height>
                                    <label>[B]$INFO[ListItem.label][/B]</label>
                                    <font>font12</font>
                                    <textcolor>white</textcolor>
                                    <aligny>center</aligny>
                                </control>
                                <control type="label">
                                    <left>160</left>
                                    <top>30</top>
                                    <width>585</width>
                                    <height>15</height>
                                    <label>$INFO[ListItem.Property(TvShowTitle)]</label>
                                    <font>font12</font>
                                    <textcolor>grey2</textcolor>
                                    <aligny>center</aligny>
                                </control>
                                <control type="textbox">
                                    <left>160</left>
                                    <top>50</top>
                                    <width>585</width>
                                    <height>45</height>
                                    <label>$INFO[ListItem.Property(Plot)]</label>
                                    <font>font10</font>
                                    <textcolor>white</textcolor>
                                </control>
                            </focusedlayout>
                        </control>
                        <control type="scrollbar" id="148">
                            <left>770</left>
                            <top>0</top>
                            <width>25</width>
                            <height>530</height>
                            <texturesliderbackground border="0,14,0,14">ScrollBarV.png</texturesliderbackground>
                            <texturesliderbar border="0,14,0,14">ScrollBarV_bar.png</texturesliderbar>
                            <texturesliderbarfocus border="0,14,0,14">ScrollBarV_bar_focus.png</texturesliderbarfocus>
                            <textureslidernib>ScrollBarNib.png</textureslidernib>
                            <textureslidernibfocus>ScrollBarNib.png</textureslidernibfocus>
                            <onleft>141</onleft>
                            <onright>800</onright>
                            <showonepage>true</showonepage>
                            <orientation>vertical</orientation>
                            <visible>Container(9000).Hasfocus(4)</visible>
                        </control>
                    </control>
                    <control type="group" id="159">
                        <left>0</left>
                        <top>0</top>
                        <width>750</width>
                        <height>530</height>
                        <control type="label" id="150">
                            <include>InvisibleButton</include>
                        </control>
                        <control type="panel" id="151">
                            <visible>Container(9000).HasFocus(5)</visible>
                            <include>VisibleFadeEffect</include>
                            <left>0</left>
                            <top>0</top>
                            <width>750</width>
                            <height>530</height>
                            <onleft>9000</onleft>
                            <onright>158</onright>
                            <onup>151</onup>
                            <ondown>151</ondown>
                            <viewtype label="535">panel</viewtype>
                            <preloaditems>2</preloaditems>
                            <pagecontrol>158</pagecontrol>
                            <itemlayout width="375" height="106">
                                <control type="image">
                                    <left>0</left>
                                    <top>0</top>
                                    <width>370</width>
                                    <height>101</height>
                                    <texture border="5">button-nofocus.png</texture>
                                </control>
                                <control type="image">
                                    <left>5</left>
                                    <top>5</top>
                                    <width>120</width>
                                    <height>90</height>
                                    <texture background="true">$INFO[ListItem.icon]</texture>
                                </control>
                                <control type="image">
                                    <left>100</left>
                                    <top>65</top>
                                    <width>30</width>
                                    <height>30</height>
                                    <texture>OverlayWatched.png</texture>
                                    <visible>IntegerGreaterThan(ListItem.Property(PlayCount),0)</visible>
                                </control>
                                <control type="label">
                                    <left>135</left>
                                    <top>10</top>
                                    <width>230</width>
                                    <height>15</height>
                                    <label>[B]$INFO[ListItem.label][/B]</label>
                                    <font>font12</font>
                                    <textcolor>white</textcolor>
                                    <aligny>center</aligny>
                                </control>
                                <control type="label">
                                    <left>135</left>
                                    <top>30</top>
                                    <width>230</width>
                                    <height>15</height>
                                    <label>$INFO[ListItem.Property(Artist)]</label>
                                    <font>font12</font>
                                    <textcolor>white</textcolor>
                                    <aligny>center</aligny>
                                </control>
                                <control type="label">
                                    <left>135</left>
                                    <top>55</top>
                                    <width>230</width>
                                    <height>15</height>
                                    <label>$INFO[ListItem.Property(Year)]</label>
                                    <font>font12</font>
                                    <textcolor>grey2</textcolor>
                                    <aligny>center</aligny>
                                </control>
                                <control type="label">
                                    <left>135</left>
                                    <top>75</top>
                                    <width>230</width>
                                    <height>15</height>
                                    <label>$INFO[ListItem.Property(Duration)]</label>
                                    <font>font12</font>
                                    <textcolor>grey2</textcolor>
                                    <aligny>center</aligny>
                                </control>
                            </itemlayout>
                            <focusedlayout width="375" height="106">
                                <control type="image">
                                    <left>0</left>
                                    <top>0</top>
                                    <width>370</width>
                                    <height>101</height>
                                    <texture border="5">button-focus2.png</texture>
                                </control>
                                <control type="image">
                                    <left>5</left>
                                    <top>5</top>
                                    <width>120</width>
                                    <height>90</height>
                                    <texture background="true">$INFO[ListItem.icon]</texture>
                                </control>
                                <control type="image">
                                    <left>100</left>
                                    <top>65</top>
                                    <width>30</width>
                                    <height>30</height>
                                    <texture>OverlayWatched.png</texture>
                                    <visible>IntegerGreaterThan(ListItem.Property(PlayCount),0)</visible>
                                </control>
                                <control type="label">
                                    <left>135</left>
                                    <top>10</top>
                                    <width>230</width>
                                    <height>15</height>
                                    <label>[B]$INFO[ListItem.label][/B]</label>
                                    <font>font12</font>
                                    <textcolor>white</textcolor>
                                    <aligny>center</aligny>
                                </control>
                                <control type="label">
                                    <left>135</left>
                                    <top>30</top>
                                    <width>230</width>
                                    <height>15</height>
                                    <label>$INFO[ListItem.Property(Artist)]</label>
                                    <font>font12</font>
                                    <textcolor>white</textcolor>
                                    <aligny>center</aligny>
                                </control>
                                <control type="label">
                                    <left>135</left>
                                    <top>55</top>
                                    <width>230</width>
                                    <height>15</height>
                                    <label>$INFO[ListItem.Property(Year)]</label>
                                    <font>font12</font>
                                    <textcolor>grey2</textcolor>
                                    <aligny>center</aligny>
                                </control>
                                <control type="label">
                                    <left>135</left>
                                    <top>75</top>
                                    <width>230</width>
                                    <height>15</height>
                                    <label>$INFO[ListItem.Property(Duration)]</label>
                                    <font>font12</font>
                                    <textcolor>grey2</textcolor>
                                    <aligny>center</aligny>
                                </control>
                            </focusedlayout>
                        </control>
                        <control type="scrollbar" id="158">
                            <left>770</left>
                            <top>0</top>
                            <width>25</width>
                            <height>530</height>
                            <texturesliderbackground border="0,14,0,14">ScrollBarV.png</texturesliderbackground>
                            <texturesliderbar border="0,14,0,14">ScrollBarV_bar.png</texturesliderbar>
                            <texturesliderbarfocus border="0,14,0,14">ScrollBarV_bar_focus.png</texturesliderbarfocus>
                            <textureslidernib>ScrollBarNib.png</textureslidernib>
                            <textureslidernibfocus>ScrollBarNib.png</textureslidernibfocus>
                            <onleft>151</onleft>
                            <onright>800</onright>
                            <showonepage>true</showonepage>
                            <orientation>vertical</orientation>
                            <visible>Container(9000).Hasfocus(5)</visible>
                        </control>
                    </control>
                    <control type="group" id="169">
                        <left>0</left>
                        <top>0</top>
                        <width>750</width>
                        <height>530</height>
                        <control type="label" id="160">
                            <include>InvisibleButton</include>
                        </control>
                        <control type="panel" id="161">
                            <visible>Container(9000).HasFocus(6)</visible>
                            <include>VisibleFadeEffect</include>
                            <left>0</left>
                            <top>0</top>
                            <width>750</width>
                            <height>530</height>
                            <onleft>9000</onleft>
                            <onright>168</onright>
                            <onup>161</onup>
                            <ondown>161</ondown>
                            <viewtype label="535">list</viewtype>
                            <preloaditems>2</preloaditems>
                            <pagecontrol>168</pagecontrol>
                            <itemlayout width="750" height="106">
                                <control type="image">
                                    <left>0</left>
                                    <top>0</top>
                                    <width>750</width>
                                    <height>101</height>
                                    <texture border="5">button-nofocus.png</texture>
                                </control>
                                <control type="image">
                                    <left>5</left>
                                    <top>5</top>
                                    <width>150</width>
                                    <height>90</height>
                                    <aspectratio>keep</aspectratio>
                                    <texture background="true">$INFO[ListItem.icon]</texture>
                                </control>
                                <control type="label">
                                    <left>160</left>
                                    <top>10</top>
                                    <width>580</width>
                                    <height>15</height>
                                    <label>[B]$INFO[ListItem.label][/B]</label>
                                    <font>font12</font>
                                    <textcolor>white</textcolor>
                                    <aligny>center</aligny>
                                </control>
                                <control type="label">
                                    <left>160</left>
                                    <top>30</top>
                                    <width>585</width>
                                    <height>15</height>
                                    <label>$INFO[ListItem.Property(Artist_Genre)]</label>
                                    <font>font12</font>
                                    <textcolor>grey2</textcolor>
                                    <aligny>center</aligny>
                                </control>
                                <control type="textbox">
                                    <left>160</left>
                                    <top>50</top>
                                    <width>585</width>
                                    <height>45</height>
                                    <label>$INFO[ListItem.Property(Artist_Description)]</label>
                                    <font>font10</font>
                                    <textcolor>white</textcolor>
                                </control>
                            </itemlayout>
                            <focusedlayout width="400" height="110">
                                <control type="image">
                                    <left>0</left>
                                    <top>0</top>
                                    <width>750</width>
                                    <height>101</height>
                                    <texture border="5">button-focus2.png</texture>
                                </control>
                                <control type="image">
                                    <left>5</left>
                                    <top>5</top>
                                    <width>150</width>
                                    <height>90</height>
                                    <aspectratio>keep</aspectratio>
                                    <texture background="true">$INFO[ListItem.icon]</texture>
                                </control>
                                <control type="label">
                                    <left>160</left>
                                    <top>10</top>
                                    <width>580</width>
                                    <height>15</height>
                                    <label>[B]$INFO[ListItem.label][/B]</label>
                                    <font>font12</font>
                                    <textcolor>white</textcolor>
                                    <aligny>center</aligny>
                                </control>
                                <control type="label">
                                    <left>160</left>
                                    <top>30</top>
                                    <width>585</width>
                                    <height>15</height>
                                    <label>$INFO[ListItem.Property(Artist_Genre)]</label>
                                    <font>font12</font>
                                    <textcolor>grey2</textcolor>
                                    <aligny>center</aligny>
                                </control>
                                <control type="textbox">
                                    <left>160</left>
                                    <top>50</top>
                                    <width>585</width>
                                    <height>45</height>
                                    <label>$INFO[ListItem.Property(Artist_Description)]</label>
                                    <font>font10</font>
                                    <textcolor>white</textcolor>
                                </control>
                            </focusedlayout>
                        </control>
                        <control type="scrollbar" id="168">
                            <left>770</left>
                            <top>0</top>
                            <width>25</width>
                            <height>530</height>
                            <texturesliderbackground border="0,14,0,14">ScrollBarV.png</texturesliderbackground>
                            <texturesliderbar border="0,14,0,14">ScrollBarV_bar.png</texturesliderbar>
                            <texturesliderbarfocus border="0,14,0,14">ScrollBarV_bar_focus.png</texturesliderbarfocus>
                            <textureslidernib>ScrollBarNib.png</textureslidernib>
                            <textureslidernibfocus>ScrollBarNib.png</textureslidernibfocus>
                            <onleft>161</onleft>
                            <onright>800</onright>
                            <showonepage>true</showonepage>
                            <orientation>vertical</orientation>
                            <visible>Container(9000).Hasfocus(6)</visible>
                        </control>
                    </control>
                    <control type="group" id="179">
                        <left>0</left>
                        <top>0</top>
                        <width>750</width>
                        <height>530</height>
                        <control type="label" id="170">
                            <include>InvisibleButton</include>
                        </control>
                        <control type="panel" id="171">
                            <visible>Container(9000).HasFocus(7)</visible>
                            <include>VisibleFadeEffect</include>
                            <left>0</left>
                            <top>0</top>
                            <width>750</width>
                            <height>530</height>
                            <onleft>9000</onleft>
                            <onright>178</onright>
                            <onup>171</onup>
                            <ondown>171</ondown>
                            <viewtype label="535">list</viewtype>
                            <preloaditems>2</preloaditems>
                            <pagecontrol>178</pagecontrol>
                            <itemlayout width="750" height="106">
                                <control type="image">
                                    <left>0</left>
                                    <top>0</top>
                                    <width>750</width>
                                    <height>101</height>
                                    <texture border="5">button-nofocus.png</texture>
                                </control>
                                <control type="image">
                                    <left>5</left>
                                    <top>5</top>
                                    <width>100</width>
                                    <height>90</height>
                                    <aspectratio>keep</aspectratio>
                                    <texture background="true">$INFO[ListItem.icon]</texture>
                                </control>
                                <control type="label">
                                    <left>110</left>
                                    <top>10</top>
                                    <width>630</width>
                                    <height>15</height>
                                    <label>[B]$INFO[ListItem.label][/B]</label>
                                    <font>font12</font>
                                    <textcolor>white</textcolor>
                                    <aligny>center</aligny>
                                </control>
                                <control type="label">
                                    <left>110</left>
                                    <top>30</top>
                                    <width>630</width>
                                    <height>15</height>
                                    <label>$INFO[ListItem.Property(Artist)]</label>
                                    <font>font12</font>
                                    <textcolor>grey2</textcolor>
                                    <aligny>center</aligny>
                                </control>
                                <control type="textbox">
                                    <left>110</left>
                                    <top>50</top>
                                    <width>630</width>
                                    <height>45</height>
                                    <label>$INFO[ListItem.Property(Album_Description)]</label>
                                    <font>font10</font>
                                    <textcolor>white</textcolor>
                                </control>
                            </itemlayout>
                            <focusedlayout width="400" height="110">
                                <control type="image">
                                    <left>0</left>
                                    <top>0</top>
                                    <width>750</width>
                                    <height>101</height>
                                    <texture border="5">button-focus2.png</texture>
                                </control>
                                <control type="image">
                                    <left>5</left>
                                    <top>5</top>
                                    <width>100</width>
                                    <height>90</height>
                                    <aspectratio>keep</aspectratio>
                                    <texture background="true">$INFO[ListItem.icon]</texture>
                                </control>
                                <control type="label">
                                    <left>110</left>
                                    <top>10</top>
                                    <width>630</width>
                                    <height>15</height>
                                    <label>[B]$INFO[ListItem.label][/B]</label>
                                    <font>font12</font>
                                    <textcolor>white</textcolor>
                                    <aligny>center</aligny>
                                </control>
                                <control type="label">
                                    <left>110</left>
                                    <top>30</top>
                                    <width>630</width>
                                    <height>15</height>
                                    <label>$INFO[ListItem.Property(Artist)]</label>
                                    <font>font12</font>
                                    <textcolor>grey2</textcolor>
                                    <aligny>center</aligny>
                                </control>
                                <control type="textbox">
                                    <left>110</left>
                                    <top>50</top>
                                    <width>630</width>
                                    <height>45</height>
                                    <label>$INFO[ListItem.Property(Album_Description)]</label>
                                    <font>font10</font>
                                    <textcolor>white</textcolor>
                                </control>
                            </focusedlayout>
                        </control>
                        <control type="scrollbar" id="178">
                            <left>770</left>
                            <top>0</top>
                            <width>25</width>
                            <height>530</height>
                            <texturesliderbackground border="0,14,0,14">ScrollBarV.png</texturesliderbackground>
                            <texturesliderbar border="0,14,0,14">ScrollBarV_bar.png</texturesliderbar>
                            <texturesliderbarfocus border="0,14,0,14">ScrollBarV_bar_focus.png</texturesliderbarfocus>
                            <textureslidernib>ScrollBarNib.png</textureslidernib>
                            <textureslidernibfocus>ScrollBarNib.png</textureslidernibfocus>
                            <onleft>171</onleft>
                            <onright>800</onright>
                            <showonepage>true</showonepage>
                            <orientation>vertical</orientation>
                            <visible>Container(9000).Hasfocus(7)</visible>
                        </control>
                    </control>
                    <control type="group" id="189">
                        <left>0</left>
                        <top>0</top>
                        <width>750</width>
                        <height>530</height>
                        <control type="label" id="180">
                            <include>InvisibleButton</include>
                        </control>
                        <control type="panel" id="181">
                            <visible>Container(9000).HasFocus(8)</visible>
                            <include>VisibleFadeEffect</include>
                            <left>0</left>
                            <top>0</top>
                            <width>750</width>
                            <height>530</height>
                            <onleft>9000</onleft>
                            <onright>188</onright>
                            <onup>181</onup>
                            <ondown>181</ondown>
                            <viewtype label="535">list</viewtype>
                            <preloaditems>2</preloaditems>
                            <pagecontrol>188</pagecontrol>
                            <itemlayout width="375" height="106">
                                <control type="image">
                                    <left>0</left>
                                    <top>0</top>
                                    <width>370</width>
                                    <height>101</height>
                                    <texture border="5">button-nofocus.png</texture>
                                </control>
                                <control type="image">
                                    <left>5</left>
                                    <top>5</top>
                                    <width>90</width>
                                    <height>90</height>
                                    <texture background="true">$INFO[ListItem.icon]</texture>
                                </control>
                                <control type="label">
                                    <left>110</left>
                                    <top>10</top>
                                    <width>255</width>
                                    <height>15</height>
                                    <label>[B]$INFO[ListItem.label][/B]</label>
                                    <font>font12</font>
                                    <textcolor>white</textcolor>
                                    <aligny>center</aligny>
                                </control>
                                <control type="label">
                                    <left>110</left>
                                    <top>30</top>
                                    <width>255</width>
                                    <height>15</height>
                                    <label>$INFO[ListItem.Property(Artist)]</label>
                                    <font>font12</font>
                                    <textcolor>white</textcolor>
                                    <aligny>center</aligny>
                                </control>
                                <control type="label">
                                    <left>110</left>
                                    <top>50</top>
                                    <width>255</width>
                                    <height>15</height>
                                    <label>$INFO[ListItem.Property(Genre)]</label>
                                    <font>font12</font>
                                    <textcolor>grey2</textcolor>
                                    <aligny>center</aligny>
                                </control>
                                <control type="label">
                                    <left>110</left>
                                    <top>75</top>
                                    <width>255</width>
                                    <height>15</height>
                                    <label>$INFO[ListItem.Property(Duration)]</label>
                                    <font>font12</font>
                                    <textcolor>white</textcolor>
                                    <aligny>center</aligny>
                                </control>
                            </itemlayout>
                            <focusedlayout width="375" height="106">
                                <control type="image">
                                    <left>0</left>
                                    <top>0</top>
                                    <width>370</width>
                                    <height>101</height>
                                    <texture border="5">button-focus2.png</texture>
                                </control>
                                <control type="image">
                                    <left>5</left>
                                    <top>5</top>
                                    <width>90</width>
                                    <height>90</height>
                                    <texture background="true">$INFO[ListItem.icon]</texture>
                                </control>
                                <control type="label">
                                    <left>110</left>
                                    <top>10</top>
                                    <width>255</width>
                                    <height>15</height>
                                    <label>[B]$INFO[ListItem.label][/B]</label>
                                    <font>font12</font>
                                    <textcolor>white</textcolor>
                                    <aligny>center</aligny>
                                </control>
                                <control type="label">
                                    <left>110</left>
                                    <top>30</top>
                                    <width>255</width>
                                    <height>15</height>
                                    <label>$INFO[ListItem.Property(Artist)]</label>
                                    <font>font12</font>
                                    <textcolor>white</textcolor>
                                    <aligny>center</aligny>
                                </control>
                                <control type="label">
                                    <left>110</left>
                                    <top>50</top>
                                    <width>255</width>
                                    <height>15</height>
                                    <label>$INFO[ListItem.Property(Genre)]</label>
                                    <font>font12</font>
                                    <textcolor>grey2</textcolor>
                                    <aligny>center</aligny>
                                </control>
                                <control type="label">
                                    <left>110</left>
                                    <top>75</top>
                                    <width>255</width>
                                    <height>15</height>
                                    <label>$INFO[ListItem.Property(Duration)]</label>
                                    <font>font12</font>
                                    <textcolor>white</textcolor>
                                    <aligny>center</aligny>
                                </control>
                            </focusedlayout>
                        </control>
                        <control type="scrollbar" id="188">
                            <left>770</left>
                            <top>0</top>
                            <width>25</width>
                            <height>530</height>
                            <texturesliderbackground border="0,14,0,14">ScrollBarV.png</texturesliderbackground>
                            <texturesliderbar border="0,14,0,14">ScrollBarV_bar.png</texturesliderbar>
                            <texturesliderbarfocus border="0,14,0,14">ScrollBarV_bar_focus.png</texturesliderbarfocus>
                            <textureslidernib>ScrollBarNib.png</textureslidernib>
                            <textureslidernibfocus>ScrollBarNib.png</textureslidernibfocus>
                            <onleft>181</onleft>
                            <onright>800</onright>
                            <showonepage>true</showonepage>
                            <orientation>vertical</orientation>
                            <visible>Container(9000).Hasfocus(8)</visible>
                        </control>
                    </control>
                </control>
            </control>
        </control>
        <include>BottomClock</include>
        <include>MainHeaderLabel</include>
    </controls>
</window>