<?xml version="1.0" encoding="UTF-8"?>
<includes>
	<include name="MediaFanArtView">
		<control type="group">
			<visible>Control.IsVisible(508)</visible>
			<include>VisibleFadeEffect</include>
			<left>0</left>
			<top>460</top>
			<control type="fixedlist" id="508">
				<visible>Container.Content(Movies) | Container.Content(TVShows) | Container.Content(Sets) | Container.Content(MusicVideos)</visible>
				<hitrect x="0" y="-10" w="1280" h="190" />
				<left>-20</left>
				<top>0</top>
				<width>1320</width>
				<height>250</height>
				<onleft>508</onleft>
				<onright>508</onright>
				<onup>2</onup>
				<ondown>60</ondown>
				<viewtype label="31029">wrap</viewtype>
				<pagecontrol>60</pagecontrol>
				<scrolltime>200</scrolltime>
				<focusposition>5</focusposition>
				<movement>3</movement>
				<orientation>horizontal</orientation>
				<preloaditems>4</preloaditems>
				<itemlayout height="200" width="120">
					<control type="image">
						<left>2</left>
						<top>20</top>
						<width>120</width>
						<height>160</height>
						<aspectratio>stretch</aspectratio>
						<bordertexture border="5">button-nofocus.png</bordertexture>
						<bordersize>4</bordersize>
						<fadetime>200</fadetime>
						<texture background="true">$VAR[PosterThumb]</texture>
					</control>
					<control type="image">
						<left>6</left>
						<top>24</top>
						<width>112</width>
						<height>152</height>
						<aspectratio>stretch</aspectratio>
						<texture>black-back.png</texture>
						<visible>!StringCompare(ListItem.label,..) + Skin.HasSetting(DarkenWatchedMedia) + StringCompare(ListItem.Overlay,OverlayWatched.png) + !ListItem.IsResumable</visible>
					</control>
					<control type="image">
						<left>48</left>
						<top>24</top>
						<width>70</width>
						<height>70</height>
						<fadetime>IconCrossfadeTime</fadetime>
						<texture>StatusBanner/3DBanner.png</texture>
						<visible>SubString(ListItem.FilenameAndPath,3dbd) | SubString(ListItem.FilenameAndPath,SBS)| SubString(ListItem.FilenameAndPath,TAB)</visible>
					</control>
					<control type="image">
						<left>48</left>
						<top>24</top>
						<width>70</width>
						<height>70</height>
						<fadetime>IconCrossfadeTime</fadetime>
						<texture>$VAR[StatusBanner,StatusBanner/,.png]</texture>
						<visible>!Skin.HasSetting(DisableWatchedCheck) + !IsEmpty(ListItem.Overlay)</visible>
					</control>
					<control type="image">
						<left>6</left>
						<top>24</top>
						<width>112</width>
						<height>152</height>
						<aspectratio>stretch</aspectratio>
						<texture>black-back.png</texture>
						<colordiffuse>AAFFFFFF</colordiffuse>
						<visible>!StringCompare(ListItem.label,..)</visible>
						<visible>!Skin.HasSetting(DarkenWatchedMedia) | [Skin.HasSetting(DarkenWatchedMedia) + !StringCompare(ListItem.Overlay,OverlayWatched.png) | ListItem.IsResumable]</visible>
					</control>
				</itemlayout>
				<focusedlayout height="310" width="120">
					<control type="image">
						<left>-2</left>
						<top>16</top>
						<width>128</width>
						<height>168</height>
						<aspectratio>stretch</aspectratio>
						<bordertexture border="8">ThumbBorder.png</bordertexture>
						<bordersize>8</bordersize>
						<fadetime>200</fadetime>
						<texture background="true">$VAR[PosterThumb]</texture>
						<animation reversible="false" effect="zoom" start="-2,16,128,168" end="-12,-10,148,198" time="200">focus</animation>
						<animation reversible="false" effect="zoom" end="-2,16,128,168" start="-12,-10,148,198" time="200">unfocus</animation>
					</control>
					<control type="image">
						<left>6</left>
						<top>24</top>
						<width>112</width>
						<height>152</height>
						<aspectratio>stretch</aspectratio>
						<texture>black-back.png</texture>
						<animation reversible="false" effect="zoom" start="6,24,112,152" end="-3,-1,130,180" time="200">focus</animation>
						<animation reversible="false" effect="zoom" end="6,24,112,152" start="-3,-1,130,180" time="200">unfocus</animation>
						<visible>!StringCompare(ListItem.label,..) + Skin.HasSetting(DarkenWatchedMedia) + StringCompare(ListItem.Overlay,OverlayWatched.png) + !ListItem.IsResumable</visible>
					</control>
					<control type="image">
						<left>48</left>
						<top>24</top>
						<width>70</width>
						<height>70</height>
						<fadetime>IconCrossfadeTime</fadetime>
						<texture>StatusBanner/3DBanner.png</texture>
						<animation reversible="false" effect="zoom" start="48,24,70,70" end="47,-2,80,80" time="200">focus</animation>
						<animation reversible="false" effect="zoom" end="48,24,70,70" start="47,-2,80,80" time="200">unfocus</animation>
						<visible>SubString(ListItem.FilenameAndPath,3dbd) | SubString(ListItem.FilenameAndPath,SBS)| SubString(ListItem.FilenameAndPath,TAB)</visible>
					</control>
					<control type="image">
						<left>48</left>
						<top>24</top>
						<width>70</width>
						<height>70</height>
						<fadetime>IconCrossfadeTime</fadetime>
						<texture>$VAR[StatusBanner,StatusBanner/,.png]</texture>
						<animation reversible="false" effect="zoom" start="48,24,70,70" end="47,-2,80,80" time="200">focus</animation>
						<animation reversible="false" effect="zoom" end="48,24,70,70" start="47,-2,80,80" time="200">unfocus</animation>
						<visible>!Skin.HasSetting(DisableWatchedCheck) + !IsEmpty(ListItem.Overlay)</visible>
					</control>
					<control type="image">
						<left>6</left>
						<top>24</top>
						<width>112</width>
						<height>152</height>
						<aspectratio>stretch</aspectratio>
						<texture>black-back.png</texture>
						<colordiffuse>AAFFFFFF</colordiffuse>
						<animation reversible="false" effect="fade" start="100" end="0" time="0">focus</animation>
						<animation reversible="false" effect="zoom" start="6,24,112,152" end="-3,-1,130,180" time="200">focus</animation>
						<animation reversible="false" effect="zoom" end="6,24,112,152" start="-3,-1,130,180" time="200">unfocus</animation>
						<visible>!StringCompare(ListItem.label,..)</visible>
						<visible>!Skin.HasSetting(DarkenWatchedMedia) | [Skin.HasSetting(DarkenWatchedMedia) + !StringCompare(ListItem.Overlay,OverlayWatched.png) | ListItem.IsResumable]</visible>
					</control>
				</focusedlayout>
			</control>
			<control type="scrollbar" id="60">
				<left>310</left>
				<top>185</top>
				<width>660</width>
				<height>25</height>
				<texturesliderbackground border="14,0,14,0">ScrollBarH.png</texturesliderbackground>
				<texturesliderbar border="14,0,14,0">ScrollBarH_bar.png</texturesliderbar>
				<texturesliderbarfocus border="14,0,14,0">ScrollBarH_bar_focus.png</texturesliderbarfocus>
				<textureslidernib>ScrollBarNib.png</textureslidernib>
				<textureslidernibfocus>ScrollBarNib.png</textureslidernibfocus>
				<onup>508</onup>
				<ondown>803</ondown>
				<showonepage>true</showonepage>
				<orientation>horizontal</orientation>
				<visible>Control.IsVisible(508)</visible>
			</control>
		</control>
		<control type="group">
			<left>180</left>
			<top>100</top>
			<include>MediaInfoPopup</include>
			<visible>!Skin.String(MediaPopUpControl,Hidden) + !IsEmpty(ListItem.Title) + !Container.OnNext + !Container.OnPrevious</visible>
			<visible>Control.IsVisible(508) + ![ListItem.IsFolder + Container.Content(Movies)]</visible>
			<include>VisibleFadeEffect</include>
			<control type="image">
				<left>0</left>
				<top>0</top>
				<width>920</width>
				<height>350</height>
				<colordiffuse>AAFFFFFF</colordiffuse>
				<texture border="20">ContentPanel.png</texture>
			</control>
			<control type="group">
				<left>40</left>
				<top>10</top>
				<visible>Container.Content(Movies) | Container.Content(MusicVideos)</visible>
				<control type="label">
					<left>0</left>
					<top>0</top>
					<width>400</width>
					<height>30</height>
					<font>font13_title</font>
					<textcolor>white</textcolor>
					<align>left</align>
					<aligny>center</aligny>
					<label>31308</label>
				</control>
				<control type="label">
					<left>0</left>
					<top>30</top>
					<width>400</width>
					<height>30</height>
					<font>font12</font>
					<textcolor>white</textcolor>
					<align>left</align>
					<aligny>center</aligny>
					<label>$INFO[ListItem.Genre,[B][COLOR=blue]$LOCALIZE[515]$LOCALIZE[31999] [/COLOR][/B]]</label>
				</control>
				<control type="label">
					<left>0</left>
					<top>55</top>
					<width>400</width>
					<height>30</height>
					<font>font12</font>
					<textcolor>white</textcolor>
					<align>left</align>
					<aligny>center</aligny>
					<label>$INFO[ListItem.Year,[B][COLOR=blue]$LOCALIZE[562]$LOCALIZE[31999] [/COLOR][/B]]</label>
				</control>
				<control type="label">
					<left>0</left>
					<top>80</top>
					<width>400</width>
					<height>30</height>
					<font>font12</font>
					<textcolor>white</textcolor>
					<align>left</align>
					<aligny>center</aligny>
					<label>$INFO[ListItem.Duration,[B][COLOR=blue]$LOCALIZE[2050]$LOCALIZE[31999] [/COLOR][/B],$LOCALIZE[12391]]</label>
				</control>
				<control type="label">
					<left>0</left>
					<top>105</top>
					<width>400</width>
					<height>30</height>
					<font>font12</font>
					<textcolor>white</textcolor>
					<align>left</align>
					<aligny>center</aligny>
					<label>$INFO[ListItem.LastPlayed,[B][COLOR=blue]$LOCALIZE[568]$LOCALIZE[31999] [/COLOR][/B]]</label>
				</control>
			</control>
			<control type="group">
				<left>480</left>
				<top>10</top>
				<visible>Container.Content(Movies) | Container.Content(MusicVideos)</visible>
				<control type="label">
					<left>0</left>
					<top>10</top>
					<width>400</width>
					<height>30</height>
					<font>font12</font>
					<textcolor>blue</textcolor>
					<align>left</align>
					<aligny>center</aligny>
					<label>[B]$LOCALIZE[20339]$LOCALIZE[31999][/B]</label>
				</control>
				<control type="label">
					<left>0</left>
					<top>40</top>
					<width>400</width>
					<height>30</height>
					<font>font12</font>
					<textcolor>white</textcolor>
					<align>left</align>
					<aligny>center</aligny>
					<label>$INFO[ListItem.Director]</label>
				</control>
				<control type="label">
					<left>0</left>
					<top>75</top>
					<width>400</width>
					<height>30</height>
					<font>font12</font>
					<textcolor>blue</textcolor>
					<align>left</align>
					<aligny>center</aligny>
					<label>[B]$LOCALIZE[20417]$LOCALIZE[31999][/B]</label>
					<visible>!IsEmpty(ListItem.Writer)</visible>
				</control>
				<control type="label">
					<left>0</left>
					<top>105</top>
					<width>400</width>
					<height>30</height>
					<font>font12</font>
					<textcolor>white</textcolor>
					<align>left</align>
					<aligny>top</aligny>
					<label>$INFO[ListItem.Writer]</label>
					<visible>!IsEmpty(ListItem.Writer)</visible>
				</control>
			</control>
			<control type="group">
				<left>40</left>
				<top>10</top>
				<visible>Container.Content(TVShows)</visible>
				<control type="label">
					<left>0</left>
					<top>0</top>
					<width>400</width>
					<height>30</height>
					<font>font13_title</font>
					<textcolor>white</textcolor>
					<align>left</align>
					<aligny>center</aligny>
					<label>20351</label>
				</control>
				<control type="label">
					<left>0</left>
					<top>30</top>
					<width>400</width>
					<height>30</height>
					<font>font12</font>
					<textcolor>white</textcolor>
					<align>left</align>
					<aligny>center</aligny>
					<label>$INFO[ListItem.LastPlayed, [B][COLOR=blue]$LOCALIZE[568]$LOCALIZE[31999][/COLOR][/B] ]</label>
				</control>
				<control type="label">
					<left>0</left>
					<top>55</top>
					<width>400</width>
					<height>30</height>
					<font>font12</font>
					<textcolor>white</textcolor>
					<align>left</align>
					<aligny>center</aligny>
					<label>$INFO[ListItem.Year,[B][COLOR=blue]$LOCALIZE[562]$LOCALIZE[31999][/COLOR][/B] ]</label>
				</control>
				<control type="label">
					<left>0</left>
					<top>80</top>
					<width>400</width>
					<height>30</height>
					<font>font12</font>
					<textcolor>white</textcolor>
					<align>left</align>
					<aligny>center</aligny>
					<label>$INFO[ListItem.RatingAndVotes,[B][COLOR=blue]$LOCALIZE[563]$LOCALIZE[31999][/COLOR][/B] ]</label>
				</control>
				<control type="label">
					<left>0</left>
					<top>105</top>
					<width>400</width>
					<height>30</height>
					<font>font12</font>
					<textcolor>white</textcolor>
					<align>left</align>
					<aligny>center</aligny>
					<label>$INFO[ListItem.LastPlayed,[B][COLOR=blue]$LOCALIZE[568]$LOCALIZE[31999][/COLOR][/B] ]</label>
				</control>
			</control>
			<control type="group">
				<left>480</left>
				<top>10</top>
				<visible>Container.Content(TVShows)</visible>
				<control type="label">
					<left>0</left>
					<top>0</top>
					<width>400</width>
					<height>30</height>
					<font>font13_title</font>
					<textcolor>white</textcolor>
					<align>left</align>
					<aligny>center</aligny>
					<label>20360</label>
				</control>
				<control type="label">
					<left>0</left>
					<top>30</top>
					<width>400</width>
					<height>30</height>
					<font>font12</font>
					<textcolor>white</textcolor>
					<align>left</align>
					<aligny>center</aligny>
					<label>$INFO[ListItem.Episode,[B][COLOR=blue]$LOCALIZE[20161]$LOCALIZE[31999] [/COLOR][/B]]</label>
				</control>
				<control type="label">
					<left>0</left>
					<top>55</top>
					<width>400</width>
					<height>30</height>
					<font>font12</font>
					<textcolor>white</textcolor>
					<align>left</align>
					<aligny>center</aligny>
					<label>$INFO[ListItem.Property(WatchedEpisodes),[B][COLOR=blue]$LOCALIZE[16102]$LOCALIZE[31999] [/COLOR][/B]]</label>
				</control>
				<control type="label">
					<left>0</left>
					<top>80</top>
					<width>400</width>
					<height>30</height>
					<font>font12</font>
					<textcolor>white</textcolor>
					<align>left</align>
					<aligny>center</aligny>
					<label>$INFO[ListItem.Property(UnWatchedEpisodes),[B][COLOR=blue]$LOCALIZE[16101]$LOCALIZE[31999] [/COLOR][/B]]</label>
				</control>
			</control>
			<control type="group">
				<left>40</left>
				<top>145</top>
				<control type="textbox">
					<description>Description Value The Movie</description>
					<left>0</left>
					<top>0</top>
					<width>850</width>
					<height>120</height>
					<font>font12</font>
					<align>justify</align>
					<textcolor>white</textcolor>
					<label>$VAR[VideoDescription]</label>
					<autoscroll delay="3000" time="1800" repeat="10000">!Skin.HasSetting(DisableAutoScroll)</autoscroll>
				</control>
			</control>
			<control type="image">
				<left>15</left>
				<top>275</top>
				<width>390</width>
				<height>65</height>
				<aspectratio align="left" aligny="bottom">keep</aspectratio>
				<fadetime>IconCrossfadeTime</fadetime>
				<texture background="true">$INFO[ListItem.Art(clearlogo)]</texture>
				<visible>!Skin.HasSetting(EnableAdditionalArtWork) + !IsEmpty(ListItem.Art(clearlogo))</visible>
			</control>
			<control type="grouplist">
				<description>Media Codec Flagging Images</description>
				<!--left>30</left>
                <top>360</top>
                <width>800</width>
                <align>left</align>
                <itemgap>2</itemgap-->
				<left>332</left>
				<top>305</top>
				<width>561</width>
				<align>right</align>
				<itemgap>1</itemgap>
				<orientation>horizontal</orientation>
				<!--include>VideoCodecFlaggingConditions</include>
				<include>AudioCodecFlaggingConditions</include>
				<include>AudioChannelsFlaggingConditions</include>
				<include>AspectCodecFlaggingConditions</include>
				<include>VideoStereoscopicsFlaggingConditions</include>
				<include>VideoTypeHackFlaggingConditions</include-->
				<include condition="!Skin.HasSetting(EnableFullMPAA)">VideoMPAAFlaggingConditions</include>
				<include>VideoStudioFlagging</include>
				<!--include>VideoExtraInfoFlagging</include-->
				<include>VideoCodecFlaggingConditions</include>
				<include>AudioCodecFlaggingConditions</include>
				<include>AudioChannelsFlaggingConditions</include>
				<include>AspectCodecFlaggingConditions</include>
			</control>
			<!--control type="grouplist">
				<description>MPAA Rating Flagging Images</description>
				
				<top>360</top>
				<top>305</top>
				<width>800</width>
				<align>right</align>
				<itemgap>0</itemgap>
				<orientation>horizontal</orientation>
				<include>VideoMPAAFlaggingConditions</include>
			</control-->
			<!--control type="grouplist">
                <description>Media Codec Flagging Images</description>
                <left>332</left>
                <top>305</top>
                <width>561</width>
                <align>right</align>
                <itemgap>1</itemgap>
                <orientation>horizontal</orientation>
                <include condition="!Skin.HasSetting(EnableFullMPAA)">VideoMPAAFlaggingConditions</include>
                <include>VideoStudioFlagging</include>
                <include>VideoExtraInfoFlagging</include>
                <include>VideoCodecFlaggingConditions</include>
                <include>AudioCodecFlaggingConditions</include>
                <include>AudioChannelsFlaggingConditions</include>
                <include>AspectCodecFlaggingConditions</include>
                <visible>Container.Content(Movies) | Container.Content(MusicVideos)</visible>
            </control>
            <control type="image">
                <description>Rating image</description>
                <left>815</left>
                <top>295</top>
                <width>96</width>
                <height>46</height>
                <aspectratio align="right">stretch</aspectratio>
                <texture>flagging/ratings/TV/tv-ma.png</texture>
                <visible>Container.Content(TVShows)</visible>
            </control>
            <control type="image">
                <description>Studio image</description>
                <left>714</left>
                <top>295</top>
                <width>96</width>
                <height>46</height>
                <aspectratio align="right">stretch</aspectratio>
                <texture>$INFO[ListItem.Studio,flagging/studio/,.png]</texture>
                <visible>Container.Content(TVShows)</visible>
            </control-->
			<!--control type="grouplist">
                <description>Media Genre Flagging</description>
                <left>421</left>
                <top>295</top>
                <width>288</width>
                <align>right</align>
                <itemgap>5</itemgap>
                <orientation>horizontal</orientation>
                <include>SmallVideoGenreFlagging</include>
                <visible>Container.Content(TVShows)</visible>
            </control-->
		</control>
		<control type="group">
			<include>VideoLogoArt</include>
			<visible>Control.IsVisible(508)</visible>
		</control>
	</include>
</includes>